transaksi_id,koperasi_id,tanggal,jenis_transaksi,nilai_rupiah,kategori_produk
TRX-0000001,KDMP-00001,2026-03-25,Penjualan,503000.0,Simpan Pinjam
TRX-0000002,KDMP-00001,2026-03-30,Pembelian,683000.0,Lainnya
TRX-0000003,KDMP-00001,2026-03-16,Pembelian,259000.0,Saprotan
TRX-0000004,KDMP-00001,2026-03-08,Simpan,804000.0,Saprotan
TRX-0000005,KDMP-00001,2026-04-22,Simpan,690000.0,Logistik
TRX-0000006,KDMP-00001,2026-04-07,Pembelian,143000.0,Sembako
TRX-0000007,KDMP-00001,2026-05-02,Pinjam,659000.0,Logistik
TRX-0000008,KDMP-00001,2026-05-06,Pinjam,668000.0,Logistik
TRX-0000009,KDMP-00001,2026-06-04,Pinjam,624000.0,Lainnya
TRX-0000010,KDMP-00001,2026-06-22,Pembelian,711000.0,Simpan Pinjam
TRX-0000011,KDMP-00001,2026-06-26,Penjualan,544000.0,Saprotan
TRX-0000012,KDMP-00001,2026-07-03,Simpan,739000.0,Simpan Pinjam
TRX-0000013,KDMP-00001,2026-07-06,Penjualan,698000.0,Lainnya
TRX-0000014,KDMP-00001,2026-08-10,Pinjam,457000.0,Sembako
TRX-0000015,KDMP-00001,2026-08-11,Pembelian,536000.0,Lainnya
TRX-0000016,KDMP-00002,2026-03-11,Pembelian,602000.0,Simpan Pinjam
TRX-0000017,KDMP-00002,2026-03-18,Simpan,1635000.0,Saprotan
TRX-0000018,KDMP-00002,2026-03-04,Penjualan,1310000.0,Logistik
TRX-0000019,KDMP-00002,2026-03-27,Pinjam,2107000.0,Simpan Pinjam
TRX-0000020,KDMP-00002,2026-03-01,Pinjam,605000.0,Sembako
TRX-0000021,KDMP-00002,2026-04-01,Pembelian,863000.0,Simpan Pinjam
TRX-0000022,KDMP-00002,2026-04-03,Pinjam,1932000.0,Sembako
TRX-0000023,KDMP-00002,2026-04-13,Pinjam,1128000.0,Logistik
TRX-0000024,KDMP-00002,2026-04-09,Penjualan,2559000.0,Lainnya
TRX-0000025,KDMP-00002,2026-04-12,Pinjam,1321000.0,Saprotan
TRX-0000026,KDMP-00002,2026-05-15,Simpan,983000.0,Simpan Pinjam
TRX-0000027,KDMP-00002,2026-05-19,Penjualan,2334000.0,Simpan Pinjam
TRX-0000028,KDMP-00002,2026-05-22,Penjualan,2134000.0,Sembako
TRX-0000029,KDMP-00002,2026-06-19,Pembelian,3071000.0,Lainnya
TRX-0000030,KDMP-00002,2026-06-13,Pinjam,587000.0,Lainnya
TRX-0000031,KDMP-00002,2026-06-30,Pinjam,2297000.0,Lainnya
TRX-0000032,KDMP-00002,2026-06-16,Simpan,2828000.0,Sembako
TRX-0000033,KDMP-00002,2026-06-28,Penjualan,1498000.0,Lainnya
TRX-0000034,KDMP-00002,2026-06-17,Pembelian,1980000.0,Sembako
TRX-0000035,KDMP-00002,2026-07-06,Pembelian,964000.0,Simpan Pinjam
TRX-0000036,KDMP-00002,2026-07-14,Penjualan,826000.0,Logistik
TRX-0000037,KDMP-00002,2026-07-27,Pembelian,1050000.0,Lainnya
TRX-0000038,KDMP-00002,2026-07-30,Penjualan,1215000.0,Sembako
TRX-0000039,KDMP-00002,2026-07-13,Simpan,1599000.0,Saprotan
TRX-0000040,KDMP-00002,2026-07-30,Penjualan,1987000.0,Lainnya
TRX-0000041,KDMP-00002,2026-08-03,Pembelian,711000.0,Lainnya
TRX-0000042,KDMP-00002,2026-08-13,Penjualan,1979000.0,Sembako
TRX-0000043,KDMP-00002,2026-08-02,Simpan,1912000.0,Lainnya
TRX-0000044,KDMP-00002,2026-08-07,Simpan,2759000.0,Logistik
TRX-0000045,KDMP-00002,2026-08-10,Pinjam,2158000.0,Sembako
TRX-0000046,KDMP-00002,2026-08-07,Pembelian,870000.0,Lainnya
TRX-0000047,KDMP-00003,2026-03-29,Simpan,372000.0,Simpan Pinjam
TRX-0000048,KDMP-00003,2026-03-16,Simpan,393000.0,Saprotan
TRX-0000049,KDMP-00003,2026-03-27,Simpan,336000.0,Saprotan
TRX-0000050,KDMP-00003,2026-03-16,Penjualan,839000.0,Simpan Pinjam
TRX-0000051,KDMP-00003,2026-04-11,Simpan,1761000.0,Logistik
TRX-0000052,KDMP-00003,2026-04-03,Pembelian,1440000.0,Logistik
TRX-0000053,KDMP-00003,2026-04-27,Pinjam,693000.0,Logistik
TRX-0000054,KDMP-00003,2026-04-28,Simpan,1734000.0,Sembako
TRX-0000055,KDMP-00003,2026-05-23,Pinjam,527000.0,Simpan Pinjam
TRX-0000056,KDMP-00003,2026-05-17,Penjualan,2245000.0,Simpan Pinjam
TRX-0000057,KDMP-00003,2026-05-27,Pembelian,833000.0,Sembako
TRX-0000058,KDMP-00003,2026-05-15,Penjualan,969000.0,Saprotan
TRX-0000059,KDMP-00003,2026-06-15,Pinjam,1470000.0,Sembako
TRX-0000060,KDMP-00003,2026-06-08,Simpan,2350000.0,Logistik
TRX-0000061,KDMP-00003,2026-06-06,Pinjam,2105000.0,Lainnya
TRX-0000062,KDMP-00003,2026-06-12,Pembelian,1985000.0,Saprotan
TRX-0000063,KDMP-00003,2026-06-23,Penjualan,2541000.0,Saprotan
TRX-0000064,KDMP-00003,2026-07-19,Pembelian,792000.0,Simpan Pinjam
TRX-0000065,KDMP-00003,2026-07-22,Pembelian,2002000.0,Saprotan
TRX-0000066,KDMP-00003,2026-07-17,Penjualan,2013000.0,Sembako
TRX-0000067,KDMP-00003,2026-08-10,Penjualan,2522000.0,Simpan Pinjam
TRX-0000068,KDMP-00003,2026-08-13,Simpan,1279000.0,Saprotan
TRX-0000069,KDMP-00003,2026-08-07,Simpan,1818000.0,Logistik
TRX-0000070,KDMP-00003,2026-08-08,Simpan,1277000.0,Lainnya
TRX-0000071,KDMP-00003,2026-08-07,Penjualan,3079000.0,Sembako
TRX-0000072,KDMP-00004,2026-03-27,Simpan,1036000.0,Lainnya
TRX-0000073,KDMP-00004,2026-03-20,Simpan,752000.0,Saprotan
TRX-0000074,KDMP-00004,2026-03-16,Penjualan,785000.0,Saprotan
TRX-0000075,KDMP-00004,2026-03-21,Simpan,1055000.0,Saprotan
TRX-0000076,KDMP-00004,2026-04-05,Pembelian,372000.0,Sembako
TRX-0000077,KDMP-00004,2026-04-26,Pinjam,749000.0,Saprotan
TRX-0000078,KDMP-00004,2026-04-24,Penjualan,656000.0,Logistik
TRX-0000079,KDMP-00004,2026-05-13,Pinjam,916000.0,Sembako
TRX-0000080,KDMP-00004,2026-05-19,Pembelian,648000.0,Saprotan
TRX-0000081,KDMP-00004,2026-05-08,Pinjam,767000.0,Saprotan
TRX-0000082,KDMP-00004,2026-07-04,Pinjam,85000.0,Simpan Pinjam
TRX-0000083,KDMP-00004,2026-08-03,Simpan,188000.0,Sembako
TRX-0000084,KDMP-00005,2026-03-10,Pinjam,2140000.0,Saprotan
TRX-0000085,KDMP-00005,2026-03-19,Simpan,1253000.0,Logistik
TRX-0000086,KDMP-00005,2026-03-16,Penjualan,2395000.0,Lainnya
TRX-0000087,KDMP-00005,2026-03-20,Penjualan,1750000.0,Logistik
TRX-0000088,KDMP-00005,2026-04-13,Simpan,2966000.0,Logistik
TRX-0000089,KDMP-00005,2026-04-28,Pembelian,604000.0,Simpan Pinjam
TRX-0000090,KDMP-00005,2026-04-11,Pinjam,3328000.0,Lainnya
TRX-0000091,KDMP-00005,2026-04-15,Pembelian,3039000.0,Saprotan
TRX-0000092,KDMP-00005,2026-05-16,Simpan,2689000.0,Simpan Pinjam
TRX-0000093,KDMP-00005,2026-05-02,Penjualan,1347000.0,Logistik
TRX-0000094,KDMP-00005,2026-05-25,Pembelian,1232000.0,Lainnya
TRX-0000095,KDMP-00005,2026-05-16,Penjualan,2647000.0,Simpan Pinjam
TRX-0000096,KDMP-00005,2026-05-21,Pinjam,2215000.0,Logistik
TRX-0000097,KDMP-00005,2026-06-02,Pembelian,428000.0,Saprotan
TRX-0000098,KDMP-00005,2026-06-29,Simpan,844000.0,Lainnya
TRX-0000099,KDMP-00005,2026-06-22,Penjualan,287000.0,Simpan Pinjam
TRX-0000100,KDMP-00005,2026-07-04,Pinjam,353000.0,Lainnya
TRX-0000101,KDMP-00005,2026-07-06,Penjualan,543000.0,Sembako
TRX-0000102,KDMP-00005,2026-08-09,Simpan,462000.0,Logistik
TRX-0000103,KDMP-00005,2026-08-03,Simpan,767000.0,Logistik
TRX-0000104,KDMP-00006,2026-03-30,Pinjam,309000.0,Sembako
TRX-0000105,KDMP-00006,2026-03-24,Pembelian,363000.0,Simpan Pinjam
TRX-0000106,KDMP-00006,2026-04-04,Simpan,605000.0,Sembako
TRX-0000107,KDMP-00006,2026-04-21,Simpan,494000.0,Lainnya
TRX-0000108,KDMP-00006,2026-04-20,Penjualan,707000.0,Sembako
TRX-0000109,KDMP-00006,2026-04-01,Penjualan,733000.0,Sembako
TRX-0000110,KDMP-00006,2026-05-09,Pinjam,227000.0,Simpan Pinjam
TRX-0000111,KDMP-00006,2026-05-22,Penjualan,285000.0,Saprotan
TRX-0000112,KDMP-00006,2026-06-09,Pembelian,537000.0,Logistik
TRX-0000113,KDMP-00006,2026-06-04,Penjualan,641000.0,Saprotan
TRX-0000114,KDMP-00006,2026-07-20,Pembelian,342000.0,Saprotan
TRX-0000115,KDMP-00006,2026-08-07,Simpan,290000.0,Simpan Pinjam
TRX-0000116,KDMP-00006,2026-08-08,Pembelian,124000.0,Logistik
TRX-0000117,KDMP-00007,2026-03-03,Penjualan,109000.0,Lainnya
TRX-0000118,KDMP-00007,2026-04-25,Penjualan,743000.0,Sembako
TRX-0000119,KDMP-00007,2026-04-21,Pembelian,714000.0,Logistik
TRX-0000120,KDMP-00007,2026-05-02,Penjualan,367000.0,Simpan Pinjam
TRX-0000121,KDMP-00007,2026-05-28,Simpan,850000.0,Saprotan
TRX-0000122,KDMP-00007,2026-06-04,Penjualan,522000.0,Sembako
TRX-0000123,KDMP-00007,2026-06-05,Pembelian,175000.0,Saprotan
TRX-0000124,KDMP-00007,2026-06-15,Simpan,465000.0,Sembako
TRX-0000125,KDMP-00007,2026-07-13,Pinjam,309000.0,Logistik
TRX-0000126,KDMP-00007,2026-07-13,Pinjam,381000.0,Logistik
TRX-0000127,KDMP-00007,2026-07-26,Pembelian,686000.0,Sembako
TRX-0000128,KDMP-00007,2026-08-03,Penjualan,962000.0,Logistik
TRX-0000129,KDMP-00007,2026-08-08,Pinjam,905000.0,Simpan Pinjam
TRX-0000130,KDMP-00008,2026-03-28,Pembelian,1480000.0,Logistik
TRX-0000131,KDMP-00008,2026-03-04,Pinjam,2078000.0,Logistik
TRX-0000132,KDMP-00008,2026-03-09,Simpan,387000.0,Sembako
TRX-0000133,KDMP-00008,2026-03-22,Pembelian,1661000.0,Saprotan
TRX-0000134,KDMP-00008,2026-04-24,Pembelian,1258000.0,Logistik
TRX-0000135,KDMP-00008,2026-04-22,Pinjam,1071000.0,Simpan Pinjam
TRX-0000136,KDMP-00008,2026-04-18,Penjualan,2129000.0,Sembako
TRX-0000137,KDMP-00008,2026-05-16,Pinjam,1645000.0,Simpan Pinjam
TRX-0000138,KDMP-00008,2026-05-16,Simpan,571000.0,Simpan Pinjam
TRX-0000139,KDMP-00008,2026-05-09,Penjualan,1209000.0,Lainnya
TRX-0000140,KDMP-00008,2026-05-21,Pinjam,939000.0,Logistik
TRX-0000141,KDMP-00008,2026-06-26,Pinjam,1780000.0,Sembako
TRX-0000142,KDMP-00008,2026-06-15,Simpan,2935000.0,Sembako
TRX-0000143,KDMP-00008,2026-06-24,Penjualan,3295000.0,Sembako
TRX-0000144,KDMP-00008,2026-06-02,Penjualan,1619000.0,Sembako
TRX-0000145,KDMP-00008,2026-07-18,Pembelian,3306000.0,Logistik
TRX-0000146,KDMP-00008,2026-07-12,Penjualan,3497000.0,Simpan Pinjam
TRX-0000147,KDMP-00008,2026-07-11,Pinjam,3161000.0,Saprotan
TRX-0000148,KDMP-00008,2026-07-04,Penjualan,2754000.0,Simpan Pinjam
TRX-0000149,KDMP-00008,2026-07-12,Simpan,494000.0,Lainnya
TRX-0000150,KDMP-00008,2026-07-23,Penjualan,2140000.0,Sembako
TRX-0000151,KDMP-00008,2026-08-12,Pinjam,1045000.0,Sembako
TRX-0000152,KDMP-00008,2026-08-04,Pembelian,1449000.0,Sembako
TRX-0000153,KDMP-00008,2026-08-07,Pembelian,3848000.0,Logistik
TRX-0000154,KDMP-00008,2026-08-04,Simpan,3473000.0,Sembako
TRX-0000155,KDMP-00008,2026-08-01,Penjualan,3234000.0,Logistik
TRX-0000156,KDMP-00008,2026-08-10,Pembelian,2170000.0,Logistik
TRX-0000157,KDMP-00008,2026-08-12,Penjualan,561000.0,Lainnya
TRX-0000158,KDMP-00008,2026-08-10,Pinjam,3866000.0,Lainnya
TRX-0000159,KDMP-00009,2026-03-06,Pembelian,522000.0,Sembako
TRX-0000160,KDMP-00009,2026-03-20,Simpan,344000.0,Lainnya
TRX-0000161,KDMP-00009,2026-04-30,Pembelian,808000.0,Saprotan
TRX-0000162,KDMP-00009,2026-04-11,Simpan,410000.0,Logistik
TRX-0000163,KDMP-00009,2026-05-23,Simpan,461000.0,Lainnya
TRX-0000164,KDMP-00009,2026-05-23,Pembelian,799000.0,Simpan Pinjam
TRX-0000165,KDMP-00009,2026-06-30,Pembelian,619000.0,Simpan Pinjam
TRX-0000166,KDMP-00009,2026-06-23,Simpan,492000.0,Sembako
TRX-0000167,KDMP-00009,2026-07-19,Pinjam,616000.0,Lainnya
TRX-0000168,KDMP-00009,2026-07-28,Pinjam,440000.0,Sembako
TRX-0000169,KDMP-00009,2026-07-01,Pinjam,655000.0,Simpan Pinjam
TRX-0000170,KDMP-00009,2026-07-02,Pembelian,229000.0,Saprotan
TRX-0000171,KDMP-00009,2026-08-11,Simpan,1164000.0,Simpan Pinjam
TRX-0000172,KDMP-00009,2026-08-12,Simpan,1022000.0,Simpan Pinjam
TRX-0000173,KDMP-00009,2026-08-01,Simpan,938000.0,Logistik
TRX-0000174,KDMP-00010,2026-03-18,Pinjam,2052000.0,Simpan Pinjam
TRX-0000175,KDMP-00010,2026-03-26,Simpan,1522000.0,Sembako
TRX-0000176,KDMP-00010,2026-03-13,Pinjam,2474000.0,Saprotan
TRX-0000177,KDMP-00010,2026-03-02,Penjualan,2564000.0,Saprotan
TRX-0000178,KDMP-00010,2026-04-30,Simpan,2330000.0,Lainnya
TRX-0000179,KDMP-00010,2026-04-20,Pembelian,1659000.0,Simpan Pinjam
TRX-0000180,KDMP-00010,2026-04-06,Penjualan,1061000.0,Simpan Pinjam
TRX-0000181,KDMP-00010,2026-04-24,Penjualan,2644000.0,Logistik
TRX-0000182,KDMP-00010,2026-04-09,Simpan,461000.0,Simpan Pinjam
TRX-0000183,KDMP-00010,2026-05-15,Pembelian,372000.0,Sembako
TRX-0000184,KDMP-00010,2026-05-11,Penjualan,718000.0,Lainnya
TRX-0000185,KDMP-00010,2026-05-10,Pinjam,2328000.0,Lainnya
TRX-0000186,KDMP-00010,2026-05-03,Simpan,1644000.0,Lainnya
TRX-0000187,KDMP-00010,2026-06-26,Pembelian,1606000.0,Logistik
TRX-0000188,KDMP-00010,2026-06-13,Penjualan,1660000.0,Saprotan
TRX-0000189,KDMP-00010,2026-06-07,Simpan,893000.0,Saprotan
TRX-0000190,KDMP-00010,2026-06-07,Pinjam,1226000.0,Lainnya
TRX-0000191,KDMP-00010,2026-07-12,Pinjam,766000.0,Simpan Pinjam
TRX-0000192,KDMP-00010,2026-07-20,Pembelian,3019000.0,Sembako
TRX-0000193,KDMP-00010,2026-07-11,Pinjam,2386000.0,Sembako
TRX-0000194,KDMP-00010,2026-07-18,Simpan,1540000.0,Sembako
TRX-0000195,KDMP-00010,2026-08-09,Pinjam,1952000.0,Logistik
TRX-0000196,KDMP-00010,2026-08-11,Pembelian,577000.0,Saprotan
TRX-0000197,KDMP-00010,2026-08-02,Pembelian,1950000.0,Lainnya
TRX-0000198,KDMP-00010,2026-08-11,Penjualan,2007000.0,Simpan Pinjam
TRX-0000199,KDMP-00010,2026-08-13,Pembelian,2407000.0,Logistik
TRX-0000200,KDMP-00010,2026-08-04,Pinjam,2890000.0,Sembako
TRX-0000201,KDMP-00011,2026-03-23,Simpan,213000.0,Sembako
TRX-0000202,KDMP-00011,2026-03-02,Pembelian,273000.0,Saprotan
TRX-0000203,KDMP-00011,2026-03-19,Pembelian,721000.0,Saprotan
TRX-0000204,KDMP-00011,2026-04-14,Simpan,648000.0,Sembako
TRX-0000205,KDMP-00011,2026-04-04,Penjualan,460000.0,Lainnya
TRX-0000206,KDMP-00011,2026-04-24,Penjualan,205000.0,Sembako
TRX-0000207,KDMP-00011,2026-05-26,Simpan,211000.0,Lainnya
TRX-0000208,KDMP-00011,2026-05-25,Pinjam,197000.0,Logistik
TRX-0000209,KDMP-00011,2026-05-22,Penjualan,410000.0,Logistik
TRX-0000210,KDMP-00011,2026-06-13,Simpan,192000.0,Simpan Pinjam
TRX-0000211,KDMP-00011,2026-06-29,Simpan,285000.0,Sembako
TRX-0000212,KDMP-00011,2026-07-02,Penjualan,193000.0,Lainnya
TRX-0000213,KDMP-00011,2026-07-18,Penjualan,449000.0,Saprotan
TRX-0000214,KDMP-00011,2026-08-11,Pembelian,178000.0,Simpan Pinjam
TRX-0000215,KDMP-00012,2026-03-06,Penjualan,590000.0,Lainnya
TRX-0000216,KDMP-00012,2026-03-18,Penjualan,1042000.0,Saprotan
TRX-0000217,KDMP-00012,2026-03-09,Penjualan,1399000.0,Simpan Pinjam
TRX-0000218,KDMP-00012,2026-04-12,Pembelian,2516000.0,Simpan Pinjam
TRX-0000219,KDMP-00012,2026-04-20,Penjualan,578000.0,Simpan Pinjam
TRX-0000220,KDMP-00012,2026-04-15,Simpan,1074000.0,Lainnya
TRX-0000221,KDMP-00012,2026-04-23,Pembelian,1851000.0,Lainnya
TRX-0000222,KDMP-00012,2026-04-26,Simpan,1641000.0,Logistik
TRX-0000223,KDMP-00012,2026-05-08,Pinjam,862000.0,Saprotan
TRX-0000224,KDMP-00012,2026-05-05,Simpan,2141000.0,Logistik
TRX-0000225,KDMP-00012,2026-05-12,Simpan,1328000.0,Logistik
TRX-0000226,KDMP-00012,2026-05-06,Penjualan,1520000.0,Saprotan
TRX-0000227,KDMP-00012,2026-06-07,Simpan,3070000.0,Sembako
TRX-0000228,KDMP-00012,2026-06-29,Penjualan,2589000.0,Lainnya
TRX-0000229,KDMP-00012,2026-06-27,Pinjam,2307000.0,Lainnya
TRX-0000230,KDMP-00012,2026-06-02,Simpan,1077000.0,Lainnya
TRX-0000231,KDMP-00012,2026-06-18,Pinjam,3078000.0,Simpan Pinjam
TRX-0000232,KDMP-00012,2026-07-19,Simpan,2921000.0,Simpan Pinjam
TRX-0000233,KDMP-00012,2026-07-17,Penjualan,1729000.0,Logistik
TRX-0000234,KDMP-00012,2026-07-01,Pembelian,1447000.0,Lainnya
TRX-0000235,KDMP-00012,2026-07-25,Pembelian,2342000.0,Logistik
TRX-0000236,KDMP-00012,2026-07-19,Pembelian,875000.0,Logistik
TRX-0000237,KDMP-00012,2026-08-08,Pembelian,1338000.0,Sembako
TRX-0000238,KDMP-00012,2026-08-04,Penjualan,1501000.0,Simpan Pinjam
TRX-0000239,KDMP-00012,2026-08-13,Simpan,2411000.0,Logistik
TRX-0000240,KDMP-00012,2026-08-08,Penjualan,2238000.0,Sembako
TRX-0000241,KDMP-00012,2026-08-06,Penjualan,4073000.0,Lainnya
TRX-0000242,KDMP-00013,2026-03-09,Pembelian,953000.0,Logistik
TRX-0000243,KDMP-00013,2026-03-12,Penjualan,786000.0,Lainnya
TRX-0000244,KDMP-00013,2026-03-30,Pembelian,416000.0,Lainnya
TRX-0000245,KDMP-00013,2026-04-16,Penjualan,536000.0,Lainnya
TRX-0000246,KDMP-00013,2026-04-15,Pembelian,844000.0,Simpan Pinjam
TRX-0000247,KDMP-00013,2026-04-21,Simpan,216000.0,Simpan Pinjam
TRX-0000248,KDMP-00013,2026-05-23,Penjualan,362000.0,Simpan Pinjam
TRX-0000249,KDMP-00013,2026-05-11,Penjualan,396000.0,Logistik
TRX-0000250,KDMP-00013,2026-06-06,Pinjam,276000.0,Sembako
TRX-0000251,KDMP-00013,2026-06-05,Pembelian,298000.0,Simpan Pinjam
TRX-0000252,KDMP-00013,2026-06-02,Pembelian,557000.0,Sembako
TRX-0000253,KDMP-00013,2026-07-13,Penjualan,358000.0,Saprotan
TRX-0000254,KDMP-00013,2026-08-08,Pinjam,348000.0,Simpan Pinjam
TRX-0000255,KDMP-00013,2026-08-07,Pembelian,225000.0,Lainnya
TRX-0000256,KDMP-00014,2026-03-17,Simpan,2613000.0,Simpan Pinjam
TRX-0000257,KDMP-00014,2026-03-11,Pinjam,2953000.0,Lainnya
TRX-0000258,KDMP-00014,2026-03-08,Pinjam,2504000.0,Logistik
TRX-0000259,KDMP-00014,2026-03-01,Pembelian,962000.0,Lainnya
TRX-0000260,KDMP-00014,2026-03-17,Pinjam,3408000.0,Simpan Pinjam
TRX-0000261,KDMP-00014,2026-04-20,Penjualan,1807000.0,Lainnya
TRX-0000262,KDMP-00014,2026-04-04,Penjualan,1886000.0,Logistik
TRX-0000263,KDMP-00014,2026-04-29,Penjualan,2334000.0,Logistik
TRX-0000264,KDMP-00014,2026-04-12,Penjualan,1940000.0,Lainnya
TRX-0000265,KDMP-00014,2026-04-26,Pinjam,1673000.0,Logistik
TRX-0000266,KDMP-00014,2026-05-09,Pinjam,1381000.0,Simpan Pinjam
TRX-0000267,KDMP-00014,2026-05-03,Simpan,2536000.0,Lainnya
TRX-0000268,KDMP-00014,2026-05-14,Simpan,2457000.0,Simpan Pinjam
TRX-0000269,KDMP-00014,2026-05-24,Penjualan,380000.0,Lainnya
TRX-0000270,KDMP-00014,2026-06-07,Simpan,1177000.0,Logistik
TRX-0000271,KDMP-00014,2026-06-05,Pinjam,1148000.0,Lainnya
TRX-0000272,KDMP-00014,2026-06-28,Pinjam,907000.0,Lainnya
TRX-0000273,KDMP-00014,2026-07-13,Pembelian,2115000.0,Logistik
TRX-0000274,KDMP-00014,2026-07-18,Pinjam,1304000.0,Simpan Pinjam
TRX-0000275,KDMP-00014,2026-07-18,Pinjam,968000.0,Saprotan
TRX-0000276,KDMP-00014,2026-08-07,Pembelian,1743000.0,Sembako
TRX-0000277,KDMP-00014,2026-08-08,Pembelian,1693000.0,Sembako
TRX-0000278,KDMP-00014,2026-08-07,Simpan,692000.0,Lainnya
TRX-0000279,KDMP-00014,2026-08-11,Penjualan,1442000.0,Simpan Pinjam
TRX-0000280,KDMP-00015,2026-03-03,Pembelian,176000.0,Logistik
TRX-0000281,KDMP-00015,2026-03-14,Penjualan,963000.0,Sembako
TRX-0000282,KDMP-00015,2026-03-12,Penjualan,396000.0,Lainnya
TRX-0000283,KDMP-00015,2026-03-13,Pinjam,203000.0,Lainnya
TRX-0000284,KDMP-00015,2026-04-20,Penjualan,766000.0,Simpan Pinjam
TRX-0000285,KDMP-00015,2026-04-15,Penjualan,706000.0,Simpan Pinjam
TRX-0000286,KDMP-00015,2026-04-30,Simpan,883000.0,Simpan Pinjam
TRX-0000287,KDMP-00015,2026-05-23,Pembelian,440000.0,Lainnya
TRX-0000288,KDMP-00015,2026-05-02,Simpan,229000.0,Simpan Pinjam
TRX-0000289,KDMP-00015,2026-05-06,Penjualan,529000.0,Saprotan
TRX-0000290,KDMP-00015,2026-06-13,Pembelian,601000.0,Lainnya
TRX-0000291,KDMP-00015,2026-06-23,Penjualan,149000.0,Sembako
TRX-0000292,KDMP-00015,2026-07-12,Simpan,628000.0,Saprotan
TRX-0000293,KDMP-00015,2026-07-31,Pembelian,240000.0,Logistik
TRX-0000294,KDMP-00015,2026-08-03,Pinjam,109000.0,Lainnya
TRX-0000295,KDMP-00015,2026-08-02,Simpan,163000.0,Saprotan
TRX-0000296,KDMP-00016,2026-03-27,Simpan,3584000.0,Logistik
TRX-0000297,KDMP-00016,2026-03-19,Pinjam,3897000.0,Simpan Pinjam
TRX-0000298,KDMP-00016,2026-03-31,Pinjam,3171000.0,Logistik
TRX-0000299,KDMP-00016,2026-03-28,Penjualan,3655000.0,Logistik
TRX-0000300,KDMP-00016,2026-03-03,Pinjam,940000.0,Simpan Pinjam
TRX-0000301,KDMP-00016,2026-03-08,Simpan,2891000.0,Logistik
TRX-0000302,KDMP-00016,2026-04-09,Pembelian,2703000.0,Saprotan
TRX-0000303,KDMP-00016,2026-04-22,Simpan,781000.0,Sembako
TRX-0000304,KDMP-00016,2026-04-06,Pinjam,2240000.0,Saprotan
TRX-0000305,KDMP-00016,2026-04-29,Simpan,1604000.0,Simpan Pinjam
TRX-0000306,KDMP-00016,2026-05-07,Pembelian,1848000.0,Simpan Pinjam
TRX-0000307,KDMP-00016,2026-05-07,Pembelian,2906000.0,Simpan Pinjam
TRX-0000308,KDMP-00016,2026-05-27,Simpan,2799000.0,Simpan Pinjam
TRX-0000309,KDMP-00016,2026-05-04,Penjualan,2641000.0,Logistik
TRX-0000310,KDMP-00016,2026-05-25,Penjualan,2173000.0,Logistik
TRX-0000311,KDMP-00016,2026-06-29,Simpan,1373000.0,Logistik
TRX-0000312,KDMP-00016,2026-06-25,Simpan,715000.0,Logistik
TRX-0000313,KDMP-00016,2026-06-19,Pembelian,799000.0,Sembako
TRX-0000314,KDMP-00016,2026-06-14,Pinjam,1444000.0,Lainnya
TRX-0000315,KDMP-00016,2026-07-22,Pembelian,906000.0,Logistik
TRX-0000316,KDMP-00016,2026-07-23,Pinjam,1870000.0,Saprotan
TRX-0000317,KDMP-00016,2026-07-01,Pembelian,1395000.0,Logistik
TRX-0000318,KDMP-00016,2026-08-05,Pembelian,865000.0,Lainnya
TRX-0000319,KDMP-00016,2026-08-05,Pinjam,699000.0,Lainnya
TRX-0000320,KDMP-00016,2026-08-03,Pinjam,834000.0,Logistik
TRX-0000321,KDMP-00017,2026-03-13,Simpan,887000.0,Logistik
TRX-0000322,KDMP-00017,2026-03-05,Pembelian,570000.0,Sembako
TRX-0000323,KDMP-00017,2026-03-26,Pembelian,1495000.0,Lainnya
TRX-0000324,KDMP-00017,2026-04-26,Pembelian,731000.0,Logistik
TRX-0000325,KDMP-00017,2026-04-06,Pinjam,2004000.0,Logistik
TRX-0000326,KDMP-00017,2026-04-29,Simpan,602000.0,Logistik
TRX-0000327,KDMP-00017,2026-04-18,Penjualan,948000.0,Logistik
TRX-0000328,KDMP-00017,2026-05-27,Simpan,450000.0,Logistik
TRX-0000329,KDMP-00017,2026-05-04,Pinjam,2089000.0,Saprotan
TRX-0000330,KDMP-00017,2026-05-12,Simpan,870000.0,Saprotan
TRX-0000331,KDMP-00017,2026-06-22,Pembelian,1146000.0,Lainnya
TRX-0000332,KDMP-00017,2026-06-21,Pembelian,1656000.0,Saprotan
TRX-0000333,KDMP-00017,2026-06-22,Pinjam,1155000.0,Logistik
TRX-0000334,KDMP-00017,2026-07-15,Pembelian,2496000.0,Simpan Pinjam
TRX-0000335,KDMP-00017,2026-07-30,Simpan,2584000.0,Logistik
TRX-0000336,KDMP-00017,2026-07-19,Pinjam,2554000.0,Sembako
TRX-0000337,KDMP-00017,2026-07-11,Pembelian,758000.0,Saprotan
TRX-0000338,KDMP-00017,2026-07-10,Simpan,1531000.0,Lainnya
TRX-0000339,KDMP-00017,2026-07-09,Pinjam,2597000.0,Saprotan
TRX-0000340,KDMP-00017,2026-07-17,Pinjam,2933000.0,Logistik
TRX-0000341,KDMP-00017,2026-08-04,Simpan,796000.0,Sembako
TRX-0000342,KDMP-00017,2026-08-07,Penjualan,1041000.0,Sembako
TRX-0000343,KDMP-00017,2026-08-08,Penjualan,621000.0,Sembako
TRX-0000344,KDMP-00017,2026-08-09,Penjualan,2641000.0,Sembako
TRX-0000345,KDMP-00018,2026-03-30,Pinjam,234000.0,Saprotan
TRX-0000346,KDMP-00018,2026-03-24,Simpan,353000.0,Logistik
TRX-0000347,KDMP-00018,2026-04-06,Penjualan,605000.0,Sembako
TRX-0000348,KDMP-00018,2026-04-28,Simpan,719000.0,Logistik
TRX-0000349,KDMP-00018,2026-05-18,Pinjam,809000.0,Simpan Pinjam
TRX-0000350,KDMP-00018,2026-05-23,Pembelian,834000.0,Lainnya
TRX-0000351,KDMP-00018,2026-05-21,Pinjam,569000.0,Lainnya
TRX-0000352,KDMP-00018,2026-06-12,Pinjam,339000.0,Lainnya
TRX-0000353,KDMP-00018,2026-06-03,Pinjam,284000.0,Saprotan
TRX-0000354,KDMP-00018,2026-06-09,Pembelian,376000.0,Saprotan
TRX-0000355,KDMP-00018,2026-07-28,Pembelian,481000.0,Saprotan
TRX-0000356,KDMP-00018,2026-07-18,Penjualan,230000.0,Logistik
TRX-0000357,KDMP-00018,2026-08-13,Pinjam,268000.0,Saprotan
TRX-0000358,KDMP-00018,2026-08-13,Penjualan,427000.0,Lainnya
TRX-0000359,KDMP-00019,2026-03-14,Pinjam,921000.0,Simpan Pinjam
TRX-0000360,KDMP-00019,2026-03-24,Pinjam,309000.0,Logistik
TRX-0000361,KDMP-00019,2026-03-03,Pinjam,358000.0,Simpan Pinjam
TRX-0000362,KDMP-00019,2026-04-22,Simpan,813000.0,Saprotan
TRX-0000363,KDMP-00019,2026-04-18,Simpan,684000.0,Logistik
TRX-0000364,KDMP-00019,2026-04-03,Pembelian,313000.0,Simpan Pinjam
TRX-0000365,KDMP-00019,2026-05-15,Simpan,442000.0,Lainnya
TRX-0000366,KDMP-00019,2026-05-11,Penjualan,467000.0,Simpan Pinjam
TRX-0000367,KDMP-00019,2026-05-18,Penjualan,168000.0,Simpan Pinjam
TRX-0000368,KDMP-00019,2026-06-23,Pinjam,341000.0,Sembako
TRX-0000369,KDMP-00019,2026-06-05,Penjualan,315000.0,Logistik
TRX-0000370,KDMP-00019,2026-07-26,Pinjam,260000.0,Saprotan
TRX-0000371,KDMP-00019,2026-07-26,Penjualan,337000.0,Saprotan
TRX-0000372,KDMP-00019,2026-08-13,Pinjam,106000.0,Sembako
TRX-0000373,KDMP-00020,2026-03-27,Simpan,656000.0,Logistik
TRX-0000374,KDMP-00020,2026-03-04,Pembelian,1862000.0,Logistik
TRX-0000375,KDMP-00020,2026-03-15,Pembelian,1754000.0,Sembako
TRX-0000376,KDMP-00020,2026-04-07,Pinjam,1309000.0,Logistik
TRX-0000377,KDMP-00020,2026-04-10,Simpan,1620000.0,Simpan Pinjam
TRX-0000378,KDMP-00020,2026-04-02,Penjualan,1519000.0,Saprotan
TRX-0000379,KDMP-00020,2026-05-29,Penjualan,839000.0,Simpan Pinjam
TRX-0000380,KDMP-00020,2026-05-08,Pinjam,2681000.0,Saprotan
TRX-0000381,KDMP-00020,2026-05-26,Simpan,402000.0,Lainnya
TRX-0000382,KDMP-00020,2026-05-26,Pembelian,651000.0,Sembako
TRX-0000383,KDMP-00020,2026-06-05,Simpan,2548000.0,Sembako
TRX-0000384,KDMP-00020,2026-06-16,Penjualan,1218000.0,Lainnya
TRX-0000385,KDMP-00020,2026-06-25,Penjualan,1489000.0,Sembako
TRX-0000386,KDMP-00020,2026-06-05,Penjualan,1541000.0,Simpan Pinjam
TRX-0000387,KDMP-00020,2026-06-11,Simpan,1941000.0,Logistik
TRX-0000388,KDMP-00020,2026-06-01,Pinjam,2683000.0,Saprotan
TRX-0000389,KDMP-00020,2026-06-09,Penjualan,2657000.0,Logistik
TRX-0000390,KDMP-00020,2026-07-16,Pembelian,2154000.0,Lainnya
TRX-0000391,KDMP-00020,2026-07-12,Simpan,1053000.0,Logistik
TRX-0000392,KDMP-00020,2026-07-27,Pembelian,1327000.0,Sembako
TRX-0000393,KDMP-00020,2026-07-15,Simpan,2118000.0,Saprotan
TRX-0000394,KDMP-00020,2026-07-15,Penjualan,2151000.0,Lainnya
TRX-0000395,KDMP-00020,2026-07-06,Penjualan,1648000.0,Lainnya
TRX-0000396,KDMP-00020,2026-08-02,Pinjam,1666000.0,Simpan Pinjam
TRX-0000397,KDMP-00020,2026-08-08,Pembelian,2381000.0,Lainnya
TRX-0000398,KDMP-00020,2026-08-07,Simpan,1534000.0,Sembako
TRX-0000399,KDMP-00020,2026-08-11,Penjualan,878000.0,Sembako
TRX-0000400,KDMP-00020,2026-08-03,Pembelian,3473000.0,Sembako
TRX-0000401,KDMP-00020,2026-08-08,Pembelian,1250000.0,Sembako
TRX-0000402,KDMP-00021,2026-03-17,Simpan,251000.0,Sembako
TRX-0000403,KDMP-00021,2026-04-01,Pembelian,273000.0,Logistik
TRX-0000404,KDMP-00021,2026-04-27,Penjualan,337000.0,Logistik
TRX-0000405,KDMP-00021,2026-06-26,Penjualan,242000.0,Lainnya
TRX-0000406,KDMP-00022,2026-03-04,Penjualan,2531000.0,Simpan Pinjam
TRX-0000407,KDMP-00022,2026-03-07,Pembelian,1557000.0,Lainnya
TRX-0000408,KDMP-00022,2026-03-19,Pembelian,1841000.0,Lainnya
TRX-0000409,KDMP-00022,2026-03-14,Penjualan,2051000.0,Lainnya
TRX-0000410,KDMP-00022,2026-04-14,Penjualan,2132000.0,Simpan Pinjam
TRX-0000411,KDMP-00022,2026-04-18,Pinjam,2356000.0,Lainnya
TRX-0000412,KDMP-00022,2026-04-06,Pinjam,1223000.0,Saprotan
TRX-0000413,KDMP-00022,2026-04-18,Simpan,2629000.0,Saprotan
TRX-0000414,KDMP-00022,2026-04-21,Pinjam,1409000.0,Saprotan
TRX-0000415,KDMP-00022,2026-05-18,Simpan,1420000.0,Saprotan
TRX-0000416,KDMP-00022,2026-05-15,Pinjam,2995000.0,Sembako
TRX-0000417,KDMP-00022,2026-05-10,Penjualan,2363000.0,Lainnya
TRX-0000418,KDMP-00022,2026-05-29,Simpan,776000.0,Sembako
TRX-0000419,KDMP-00022,2026-06-11,Penjualan,901000.0,Saprotan
TRX-0000420,KDMP-00022,2026-06-17,Pembelian,2623000.0,Sembako
TRX-0000421,KDMP-00022,2026-06-12,Pembelian,468000.0,Simpan Pinjam
TRX-0000422,KDMP-00022,2026-06-29,Pembelian,1024000.0,Simpan Pinjam
TRX-0000423,KDMP-00022,2026-07-13,Pembelian,592000.0,Sembako
TRX-0000424,KDMP-00022,2026-07-26,Pinjam,2114000.0,Simpan Pinjam
TRX-0000425,KDMP-00022,2026-07-29,Penjualan,1547000.0,Lainnya
TRX-0000426,KDMP-00022,2026-07-02,Pinjam,1918000.0,Sembako
TRX-0000427,KDMP-00022,2026-08-07,Pinjam,1414000.0,Sembako
TRX-0000428,KDMP-00022,2026-08-04,Penjualan,2885000.0,Logistik
TRX-0000429,KDMP-00022,2026-08-09,Penjualan,586000.0,Saprotan
TRX-0000430,KDMP-00022,2026-08-03,Simpan,1955000.0,Lainnya
TRX-0000431,KDMP-00022,2026-08-03,Penjualan,2400000.0,Logistik
TRX-0000432,KDMP-00023,2026-03-03,Pembelian,478000.0,Logistik
TRX-0000433,KDMP-00023,2026-03-13,Pembelian,302000.0,Simpan Pinjam
TRX-0000434,KDMP-00023,2026-03-16,Penjualan,330000.0,Lainnya
TRX-0000435,KDMP-00023,2026-04-14,Pembelian,357000.0,Simpan Pinjam
TRX-0000436,KDMP-00023,2026-05-21,Pembelian,472000.0,Lainnya
TRX-0000437,KDMP-00023,2026-05-24,Pembelian,560000.0,Simpan Pinjam
TRX-0000438,KDMP-00023,2026-06-30,Penjualan,349000.0,Sembako
TRX-0000439,KDMP-00023,2026-06-14,Simpan,581000.0,Saprotan
TRX-0000440,KDMP-00023,2026-07-01,Simpan,605000.0,Simpan Pinjam
TRX-0000441,KDMP-00023,2026-07-20,Pinjam,905000.0,Lainnya
TRX-0000442,KDMP-00023,2026-07-02,Pembelian,264000.0,Simpan Pinjam
TRX-0000443,KDMP-00023,2026-08-02,Penjualan,925000.0,Sembako
TRX-0000444,KDMP-00023,2026-08-10,Pembelian,428000.0,Saprotan
TRX-0000445,KDMP-00023,2026-08-12,Penjualan,206000.0,Saprotan
TRX-0000446,KDMP-00024,2026-03-24,Pembelian,283000.0,Simpan Pinjam
TRX-0000447,KDMP-00024,2026-04-20,Pembelian,467000.0,Sembako
TRX-0000448,KDMP-00024,2026-04-29,Penjualan,360000.0,Saprotan
TRX-0000449,KDMP-00024,2026-05-23,Simpan,249000.0,Sembako
TRX-0000450,KDMP-00024,2026-05-31,Penjualan,413000.0,Sembako
TRX-0000451,KDMP-00024,2026-06-30,Simpan,638000.0,Sembako
TRX-0000452,KDMP-00024,2026-06-28,Pinjam,162000.0,Simpan Pinjam
TRX-0000453,KDMP-00024,2026-07-04,Simpan,1131000.0,Logistik
TRX-0000454,KDMP-00024,2026-07-18,Penjualan,1025000.0,Simpan Pinjam
TRX-0000455,KDMP-00024,2026-07-31,Pinjam,383000.0,Lainnya
TRX-0000456,KDMP-00024,2026-07-01,Penjualan,1082000.0,Simpan Pinjam
TRX-0000457,KDMP-00024,2026-08-07,Pembelian,550000.0,Sembako
TRX-0000458,KDMP-00024,2026-08-06,Simpan,564000.0,Saprotan
TRX-0000459,KDMP-00024,2026-08-09,Simpan,450000.0,Sembako
TRX-0000460,KDMP-00025,2026-03-27,Penjualan,2818000.0,Lainnya
TRX-0000461,KDMP-00025,2026-03-08,Pembelian,2976000.0,Saprotan
TRX-0000462,KDMP-00025,2026-03-22,Pembelian,2836000.0,Sembako
TRX-0000463,KDMP-00025,2026-03-17,Pembelian,2384000.0,Logistik
TRX-0000464,KDMP-00025,2026-03-05,Pinjam,1064000.0,Saprotan
TRX-0000465,KDMP-00025,2026-03-11,Pinjam,2870000.0,Lainnya
TRX-0000466,KDMP-00025,2026-04-22,Pembelian,1700000.0,Simpan Pinjam
TRX-0000467,KDMP-00025,2026-04-23,Pembelian,1070000.0,Logistik
TRX-0000468,KDMP-00025,2026-04-25,Pembelian,2659000.0,Lainnya
TRX-0000469,KDMP-00025,2026-04-11,Penjualan,2477000.0,Lainnya
TRX-0000470,KDMP-00025,2026-05-27,Pembelian,887000.0,Sembako
TRX-0000471,KDMP-00025,2026-05-29,Pinjam,2414000.0,Logistik
TRX-0000472,KDMP-00025,2026-05-24,Simpan,1200000.0,Simpan Pinjam
TRX-0000473,KDMP-00025,2026-05-04,Pembelian,2450000.0,Simpan Pinjam
TRX-0000474,KDMP-00025,2026-06-20,Pembelian,1694000.0,Lainnya
TRX-0000475,KDMP-00025,2026-06-22,Penjualan,861000.0,Saprotan
TRX-0000476,KDMP-00025,2026-06-25,Pinjam,520000.0,Simpan Pinjam
TRX-0000477,KDMP-00025,2026-06-20,Pinjam,1464000.0,Saprotan
TRX-0000478,KDMP-00025,2026-07-05,Pembelian,1519000.0,Simpan Pinjam
TRX-0000479,KDMP-00025,2026-07-14,Penjualan,895000.0,Saprotan
TRX-0000480,KDMP-00025,2026-07-08,Pembelian,2598000.0,Simpan Pinjam
TRX-0000481,KDMP-00025,2026-07-30,Pinjam,518000.0,Lainnya
TRX-0000482,KDMP-00025,2026-07-11,Pinjam,1515000.0,Simpan Pinjam
TRX-0000483,KDMP-00025,2026-08-07,Simpan,1938000.0,Logistik
TRX-0000484,KDMP-00025,2026-08-12,Penjualan,1947000.0,Lainnya
TRX-0000485,KDMP-00025,2026-08-08,Penjualan,669000.0,Simpan Pinjam
TRX-0000486,KDMP-00026,2026-03-02,Pinjam,1054000.0,Lainnya
TRX-0000487,KDMP-00026,2026-03-31,Penjualan,859000.0,Simpan Pinjam
TRX-0000488,KDMP-00026,2026-03-13,Simpan,437000.0,Saprotan
TRX-0000489,KDMP-00026,2026-04-30,Penjualan,392000.0,Lainnya
TRX-0000490,KDMP-00026,2026-04-15,Pinjam,875000.0,Sembako
TRX-0000491,KDMP-00026,2026-04-04,Pembelian,732000.0,Lainnya
TRX-0000492,KDMP-00026,2026-05-14,Simpan,273000.0,Logistik
TRX-0000493,KDMP-00026,2026-05-15,Pembelian,183000.0,Logistik
TRX-0000494,KDMP-00026,2026-05-11,Pembelian,236000.0,Sembako
TRX-0000495,KDMP-00026,2026-06-03,Pinjam,467000.0,Lainnya
TRX-0000496,KDMP-00026,2026-06-06,Pinjam,454000.0,Lainnya
TRX-0000497,KDMP-00026,2026-07-19,Pembelian,595000.0,Simpan Pinjam
TRX-0000498,KDMP-00026,2026-08-01,Pinjam,509000.0,Saprotan
TRX-0000499,KDMP-00027,2026-03-06,Penjualan,1280000.0,Simpan Pinjam
TRX-0000500,KDMP-00027,2026-03-01,Simpan,3223000.0,Sembako
TRX-0000501,KDMP-00027,2026-03-28,Pinjam,1772000.0,Lainnya
TRX-0000502,KDMP-00027,2026-03-20,Pinjam,2781000.0,Simpan Pinjam
TRX-0000503,KDMP-00027,2026-03-22,Pinjam,1072000.0,Logistik
TRX-0000504,KDMP-00027,2026-03-03,Penjualan,1631000.0,Simpan Pinjam
TRX-0000505,KDMP-00027,2026-04-18,Pembelian,2399000.0,Sembako
TRX-0000506,KDMP-00027,2026-04-02,Simpan,1050000.0,Sembako
TRX-0000507,KDMP-00027,2026-04-02,Simpan,928000.0,Saprotan
TRX-0000508,KDMP-00027,2026-04-02,Penjualan,3331000.0,Logistik
TRX-0000509,KDMP-00027,2026-04-06,Simpan,3559000.0,Lainnya
TRX-0000510,KDMP-00027,2026-04-23,Pembelian,2527000.0,Logistik
TRX-0000511,KDMP-00027,2026-05-03,Simpan,2912000.0,Saprotan
TRX-0000512,KDMP-00027,2026-05-13,Penjualan,1401000.0,Logistik
TRX-0000513,KDMP-00027,2026-05-03,Simpan,2675000.0,Logistik
TRX-0000514,KDMP-00027,2026-05-23,Simpan,774000.0,Saprotan
TRX-0000515,KDMP-00027,2026-05-17,Pembelian,1827000.0,Simpan Pinjam
TRX-0000516,KDMP-00027,2026-06-21,Penjualan,1657000.0,Logistik
TRX-0000517,KDMP-00027,2026-06-20,Simpan,2005000.0,Logistik
TRX-0000518,KDMP-00027,2026-06-11,Simpan,1742000.0,Lainnya
TRX-0000519,KDMP-00027,2026-07-20,Pinjam,2127000.0,Lainnya
TRX-0000520,KDMP-00027,2026-07-16,Pinjam,1737000.0,Simpan Pinjam
TRX-0000521,KDMP-00027,2026-07-08,Simpan,2041000.0,Simpan Pinjam
TRX-0000522,KDMP-00027,2026-07-01,Pinjam,306000.0,Sembako
TRX-0000523,KDMP-00027,2026-08-07,Pinjam,1673000.0,Sembako
TRX-0000524,KDMP-00027,2026-08-09,Pembelian,856000.0,Sembako
TRX-0000525,KDMP-00027,2026-08-12,Simpan,1394000.0,Saprotan
TRX-0000526,KDMP-00028,2026-03-18,Simpan,1284000.0,Sembako
TRX-0000527,KDMP-00028,2026-03-11,Simpan,757000.0,Logistik
TRX-0000528,KDMP-00028,2026-03-20,Penjualan,2482000.0,Simpan Pinjam
TRX-0000529,KDMP-00028,2026-03-27,Simpan,983000.0,Logistik
TRX-0000530,KDMP-00028,2026-03-26,Penjualan,3024000.0,Simpan Pinjam
TRX-0000531,KDMP-00028,2026-04-18,Simpan,2704000.0,Logistik
TRX-0000532,KDMP-00028,2026-04-14,Penjualan,2425000.0,Lainnya
TRX-0000533,KDMP-00028,2026-04-24,Simpan,1172000.0,Lainnya
TRX-0000534,KDMP-00028,2026-04-07,Simpan,1783000.0,Saprotan
TRX-0000535,KDMP-00028,2026-04-05,Simpan,569000.0,Sembako
TRX-0000536,KDMP-00028,2026-04-13,Pembelian,1275000.0,Lainnya
TRX-0000537,KDMP-00028,2026-05-28,Simpan,2009000.0,Saprotan
TRX-0000538,KDMP-00028,2026-05-09,Pinjam,2317000.0,Sembako
TRX-0000539,KDMP-00028,2026-05-08,Simpan,1746000.0,Logistik
TRX-0000540,KDMP-00028,2026-05-10,Pembelian,2638000.0,Lainnya
TRX-0000541,KDMP-00028,2026-06-02,Pembelian,1292000.0,Sembako
TRX-0000542,KDMP-00028,2026-06-01,Pinjam,1462000.0,Lainnya
TRX-0000543,KDMP-00028,2026-06-11,Pinjam,753000.0,Lainnya
TRX-0000544,KDMP-00028,2026-06-11,Pembelian,1135000.0,Sembako
TRX-0000545,KDMP-00028,2026-07-05,Pembelian,721000.0,Sembako
TRX-0000546,KDMP-00028,2026-07-23,Penjualan,542000.0,Sembako
TRX-0000547,KDMP-00028,2026-07-02,Penjualan,420000.0,Saprotan
TRX-0000548,KDMP-00028,2026-08-13,Simpan,225000.0,Sembako
TRX-0000549,KDMP-00028,2026-08-05,Pembelian,577000.0,Saprotan
TRX-0000550,KDMP-00029,2026-03-11,Pinjam,325000.0,Sembako
TRX-0000551,KDMP-00029,2026-03-06,Simpan,323000.0,Sembako
TRX-0000552,KDMP-00029,2026-04-04,Pembelian,487000.0,Lainnya
TRX-0000553,KDMP-00029,2026-04-11,Simpan,353000.0,Simpan Pinjam
TRX-0000554,KDMP-00029,2026-04-26,Simpan,733000.0,Lainnya
TRX-0000555,KDMP-00029,2026-05-29,Simpan,354000.0,Lainnya
TRX-0000556,KDMP-00029,2026-05-05,Penjualan,446000.0,Logistik
TRX-0000557,KDMP-00029,2026-06-02,Penjualan,257000.0,Logistik
TRX-0000558,KDMP-00029,2026-06-23,Pinjam,498000.0,Lainnya
TRX-0000559,KDMP-00029,2026-07-23,Penjualan,730000.0,Logistik
TRX-0000560,KDMP-00029,2026-07-03,Pinjam,551000.0,Sembako
TRX-0000561,KDMP-00029,2026-08-13,Pinjam,625000.0,Logistik
TRX-0000562,KDMP-00029,2026-08-04,Pembelian,319000.0,Lainnya
TRX-0000563,KDMP-00029,2026-08-06,Pinjam,339000.0,Simpan Pinjam
TRX-0000564,KDMP-00030,2026-03-29,Simpan,1870000.0,Logistik
TRX-0000565,KDMP-00030,2026-03-03,Pinjam,1273000.0,Sembako
TRX-0000566,KDMP-00030,2026-03-15,Pembelian,1003000.0,Saprotan
TRX-0000567,KDMP-00030,2026-03-20,Pembelian,1829000.0,Lainnya
TRX-0000568,KDMP-00030,2026-04-21,Penjualan,901000.0,Saprotan
TRX-0000569,KDMP-00030,2026-04-13,Pinjam,1289000.0,Simpan Pinjam
TRX-0000570,KDMP-00030,2026-04-18,Pembelian,1455000.0,Logistik
TRX-0000571,KDMP-00030,2026-05-23,Pinjam,836000.0,Logistik
TRX-0000572,KDMP-00030,2026-05-11,Pembelian,1665000.0,Simpan Pinjam
TRX-0000573,KDMP-00030,2026-05-03,Pinjam,1885000.0,Sembako
TRX-0000574,KDMP-00030,2026-05-15,Simpan,1722000.0,Lainnya
TRX-0000575,KDMP-00030,2026-06-13,Penjualan,770000.0,Lainnya
TRX-0000576,KDMP-00030,2026-06-27,Pinjam,612000.0,Saprotan
TRX-0000577,KDMP-00030,2026-06-22,Penjualan,1511000.0,Sembako
TRX-0000578,KDMP-00030,2026-06-05,Penjualan,866000.0,Simpan Pinjam
TRX-0000579,KDMP-00030,2026-06-15,Simpan,1900000.0,Logistik
TRX-0000580,KDMP-00030,2026-07-22,Simpan,1053000.0,Saprotan
TRX-0000581,KDMP-00030,2026-07-30,Simpan,2182000.0,Logistik
TRX-0000582,KDMP-00030,2026-07-30,Simpan,2626000.0,Sembako
TRX-0000583,KDMP-00030,2026-07-20,Pinjam,2219000.0,Simpan Pinjam
TRX-0000584,KDMP-00030,2026-07-02,Simpan,3032000.0,Lainnya
TRX-0000585,KDMP-00030,2026-07-01,Simpan,3380000.0,Sembako
TRX-0000586,KDMP-00030,2026-07-28,Penjualan,3058000.0,Simpan Pinjam
TRX-0000587,KDMP-00030,2026-08-12,Pinjam,2421000.0,Logistik
TRX-0000588,KDMP-00030,2026-08-09,Pembelian,1664000.0,Simpan Pinjam
TRX-0000589,KDMP-00030,2026-08-04,Pinjam,1953000.0,Saprotan
TRX-0000590,KDMP-00030,2026-08-03,Simpan,3088000.0,Simpan Pinjam
TRX-0000591,KDMP-00030,2026-08-02,Penjualan,895000.0,Simpan Pinjam
TRX-0000592,KDMP-00030,2026-08-08,Pinjam,2719000.0,Simpan Pinjam
TRX-0000593,KDMP-00031,2026-03-29,Pinjam,2723000.0,Lainnya
TRX-0000594,KDMP-00031,2026-03-17,Pinjam,896000.0,Lainnya
TRX-0000595,KDMP-00031,2026-03-13,Simpan,2616000.0,Simpan Pinjam
TRX-0000596,KDMP-00031,2026-03-20,Penjualan,912000.0,Lainnya
TRX-0000597,KDMP-00031,2026-03-24,Pembelian,1751000.0,Lainnya
TRX-0000598,KDMP-00031,2026-03-30,Simpan,1136000.0,Sembako
TRX-0000599,KDMP-00031,2026-04-04,Pinjam,2732000.0,Sembako
TRX-0000600,KDMP-00031,2026-04-24,Simpan,941000.0,Logistik
TRX-0000601,KDMP-00031,2026-04-17,Penjualan,2134000.0,Simpan Pinjam
TRX-0000602,KDMP-00031,2026-04-24,Penjualan,1992000.0,Lainnya
TRX-0000603,KDMP-00031,2026-04-10,Penjualan,3028000.0,Saprotan
TRX-0000604,KDMP-00031,2026-04-01,Pinjam,2191000.0,Logistik
TRX-0000605,KDMP-00031,2026-04-16,Simpan,2120000.0,Logistik
TRX-0000606,KDMP-00031,2026-05-02,Simpan,1057000.0,Lainnya
TRX-0000607,KDMP-00031,2026-05-21,Pinjam,988000.0,Lainnya
TRX-0000608,KDMP-00031,2026-05-02,Simpan,770000.0,Lainnya
TRX-0000609,KDMP-00031,2026-05-16,Penjualan,432000.0,Simpan Pinjam
TRX-0000610,KDMP-00031,2026-06-20,Simpan,899000.0,Saprotan
TRX-0000611,KDMP-00031,2026-06-01,Penjualan,2240000.0,Lainnya
TRX-0000612,KDMP-00031,2026-06-19,Pembelian,727000.0,Logistik
TRX-0000613,KDMP-00031,2026-06-06,Simpan,1159000.0,Simpan Pinjam
TRX-0000614,KDMP-00031,2026-07-03,Pembelian,951000.0,Lainnya
TRX-0000615,KDMP-00031,2026-07-05,Pinjam,2083000.0,Logistik
TRX-0000616,KDMP-00031,2026-07-08,Pinjam,1770000.0,Simpan Pinjam
TRX-0000617,KDMP-00031,2026-08-05,Penjualan,311000.0,Sembako
TRX-0000618,KDMP-00031,2026-08-07,Pinjam,481000.0,Saprotan
TRX-0000619,KDMP-00031,2026-08-13,Pembelian,943000.0,Logistik
TRX-0000620,KDMP-00032,2026-03-05,Pinjam,1724000.0,Sembako
TRX-0000621,KDMP-00032,2026-03-26,Pinjam,1214000.0,Logistik
TRX-0000622,KDMP-00032,2026-03-31,Penjualan,2283000.0,Sembako
TRX-0000623,KDMP-00032,2026-03-21,Simpan,2939000.0,Logistik
TRX-0000624,KDMP-00032,2026-03-21,Simpan,2097000.0,Saprotan
TRX-0000625,KDMP-00032,2026-03-26,Penjualan,1164000.0,Saprotan
TRX-0000626,KDMP-00032,2026-04-22,Pembelian,1673000.0,Lainnya
TRX-0000627,KDMP-00032,2026-04-17,Simpan,2515000.0,Simpan Pinjam
TRX-0000628,KDMP-00032,2026-04-01,Penjualan,1271000.0,Sembako
TRX-0000629,KDMP-00032,2026-04-04,Penjualan,451000.0,Logistik
TRX-0000630,KDMP-00032,2026-04-24,Simpan,1375000.0,Saprotan
TRX-0000631,KDMP-00032,2026-04-01,Penjualan,944000.0,Sembako
TRX-0000632,KDMP-00032,2026-05-21,Penjualan,3249000.0,Sembako
TRX-0000633,KDMP-00032,2026-05-20,Pembelian,707000.0,Logistik
TRX-0000634,KDMP-00032,2026-05-29,Pembelian,2384000.0,Sembako
TRX-0000635,KDMP-00032,2026-05-09,Simpan,2499000.0,Logistik
TRX-0000636,KDMP-00032,2026-05-03,Pinjam,2396000.0,Saprotan
TRX-0000637,KDMP-00032,2026-06-25,Penjualan,1155000.0,Saprotan
TRX-0000638,KDMP-00032,2026-06-13,Pinjam,2616000.0,Saprotan
TRX-0000639,KDMP-00032,2026-06-09,Simpan,3231000.0,Simpan Pinjam
TRX-0000640,KDMP-00032,2026-06-16,Pembelian,1670000.0,Lainnya
TRX-0000641,KDMP-00032,2026-06-21,Pinjam,1536000.0,Sembako
TRX-0000642,KDMP-00032,2026-07-21,Penjualan,864000.0,Logistik
TRX-0000643,KDMP-00032,2026-07-04,Penjualan,2019000.0,Sembako
TRX-0000644,KDMP-00032,2026-07-24,Simpan,521000.0,Logistik
TRX-0000645,KDMP-00032,2026-07-16,Pembelian,401000.0,Sembako
TRX-0000646,KDMP-00032,2026-07-22,Pinjam,2524000.0,Saprotan
TRX-0000647,KDMP-00032,2026-08-10,Penjualan,2464000.0,Lainnya
TRX-0000648,KDMP-00032,2026-08-13,Pinjam,2006000.0,Logistik
TRX-0000649,KDMP-00032,2026-08-12,Penjualan,1373000.0,Lainnya
TRX-0000650,KDMP-00032,2026-08-07,Pinjam,884000.0,Sembako
TRX-0000651,KDMP-00033,2026-03-10,Pinjam,931000.0,Sembako
TRX-0000652,KDMP-00033,2026-03-31,Penjualan,1501000.0,Saprotan
TRX-0000653,KDMP-00033,2026-03-31,Simpan,1315000.0,Sembako
TRX-0000654,KDMP-00033,2026-03-25,Simpan,1900000.0,Simpan Pinjam
TRX-0000655,KDMP-00033,2026-04-22,Pembelian,2159000.0,Saprotan
TRX-0000656,KDMP-00033,2026-04-29,Penjualan,1636000.0,Saprotan
TRX-0000657,KDMP-00033,2026-04-29,Pinjam,1233000.0,Simpan Pinjam
TRX-0000658,KDMP-00033,2026-05-19,Pembelian,382000.0,Logistik
TRX-0000659,KDMP-00033,2026-05-26,Simpan,1158000.0,Logistik
TRX-0000660,KDMP-00033,2026-05-27,Pinjam,1467000.0,Sembako
TRX-0000661,KDMP-00033,2026-05-02,Simpan,407000.0,Sembako
TRX-0000662,KDMP-00033,2026-06-22,Pinjam,2476000.0,Lainnya
TRX-0000663,KDMP-00033,2026-06-19,Pembelian,780000.0,Sembako
TRX-0000664,KDMP-00033,2026-06-05,Pinjam,491000.0,Sembako
TRX-0000665,KDMP-00033,2026-06-30,Penjualan,1611000.0,Simpan Pinjam
TRX-0000666,KDMP-00033,2026-07-21,Penjualan,519000.0,Saprotan
TRX-0000667,KDMP-00033,2026-07-04,Pinjam,3009000.0,Lainnya
TRX-0000668,KDMP-00033,2026-07-19,Penjualan,1002000.0,Sembako
TRX-0000669,KDMP-00033,2026-07-20,Pembelian,828000.0,Sembako
TRX-0000670,KDMP-00033,2026-07-14,Simpan,2959000.0,Logistik
TRX-0000671,KDMP-00033,2026-08-13,Pembelian,1429000.0,Sembako
TRX-0000672,KDMP-00033,2026-08-06,Penjualan,2244000.0,Sembako
TRX-0000673,KDMP-00033,2026-08-13,Pinjam,1285000.0,Simpan Pinjam
TRX-0000674,KDMP-00033,2026-08-09,Pembelian,2554000.0,Logistik
TRX-0000675,KDMP-00033,2026-08-10,Penjualan,1194000.0,Simpan Pinjam
TRX-0000676,KDMP-00034,2026-03-25,Pembelian,386000.0,Sembako
TRX-0000677,KDMP-00034,2026-03-03,Penjualan,513000.0,Sembako
TRX-0000678,KDMP-00034,2026-04-19,Simpan,504000.0,Logistik
TRX-0000679,KDMP-00034,2026-05-07,Pembelian,651000.0,Saprotan
TRX-0000680,KDMP-00034,2026-05-14,Pembelian,528000.0,Simpan Pinjam
TRX-0000681,KDMP-00034,2026-05-02,Pembelian,592000.0,Logistik
TRX-0000682,KDMP-00034,2026-06-26,Simpan,654000.0,Saprotan
TRX-0000683,KDMP-00034,2026-06-18,Pembelian,489000.0,Simpan Pinjam
TRX-0000684,KDMP-00034,2026-07-20,Simpan,875000.0,Lainnya
TRX-0000685,KDMP-00034,2026-07-15,Pembelian,526000.0,Saprotan
TRX-0000686,KDMP-00034,2026-07-04,Pembelian,188000.0,Logistik
TRX-0000687,KDMP-00034,2026-08-01,Penjualan,796000.0,Saprotan
TRX-0000688,KDMP-00034,2026-08-07,Simpan,444000.0,Saprotan
TRX-0000689,KDMP-00035,2026-03-24,Penjualan,189000.0,Lainnya
TRX-0000690,KDMP-00035,2026-03-26,Penjualan,292000.0,Logistik
TRX-0000691,KDMP-00035,2026-03-03,Pembelian,555000.0,Logistik
TRX-0000692,KDMP-00035,2026-04-24,Simpan,477000.0,Simpan Pinjam
TRX-0000693,KDMP-00035,2026-04-11,Pembelian,755000.0,Sembako
TRX-0000694,KDMP-00035,2026-04-14,Pembelian,337000.0,Logistik
TRX-0000695,KDMP-00035,2026-05-16,Penjualan,562000.0,Logistik
TRX-0000696,KDMP-00035,2026-05-30,Pinjam,289000.0,Simpan Pinjam
TRX-0000697,KDMP-00035,2026-06-07,Simpan,477000.0,Saprotan
TRX-0000698,KDMP-00035,2026-06-05,Penjualan,291000.0,Lainnya
TRX-0000699,KDMP-00035,2026-07-15,Pinjam,203000.0,Logistik
TRX-0000700,KDMP-00035,2026-07-11,Pembelian,242000.0,Saprotan
TRX-0000701,KDMP-00035,2026-08-03,Pembelian,891000.0,Sembako
TRX-0000702,KDMP-00035,2026-08-09,Pinjam,473000.0,Simpan Pinjam
TRX-0000703,KDMP-00035,2026-08-08,Simpan,612000.0,Sembako
TRX-0000704,KDMP-00036,2026-03-14,Pembelian,359000.0,Lainnya
TRX-0000705,KDMP-00036,2026-03-30,Penjualan,919000.0,Logistik
TRX-0000706,KDMP-00036,2026-04-24,Penjualan,1022000.0,Logistik
TRX-0000707,KDMP-00036,2026-04-16,Penjualan,627000.0,Logistik
TRX-0000708,KDMP-00036,2026-05-01,Pinjam,568000.0,Simpan Pinjam
TRX-0000709,KDMP-00036,2026-05-10,Pembelian,249000.0,Sembako
TRX-0000710,KDMP-00036,2026-06-23,Pinjam,324000.0,Lainnya
TRX-0000711,KDMP-00036,2026-06-01,Pinjam,607000.0,Logistik
TRX-0000712,KDMP-00036,2026-06-28,Pinjam,623000.0,Simpan Pinjam
TRX-0000713,KDMP-00036,2026-07-23,Penjualan,674000.0,Sembako
TRX-0000714,KDMP-00036,2026-07-23,Simpan,477000.0,Lainnya
TRX-0000715,KDMP-00036,2026-07-14,Simpan,190000.0,Lainnya
TRX-0000716,KDMP-00036,2026-08-02,Simpan,750000.0,Sembako
TRX-0000717,KDMP-00036,2026-08-11,Simpan,543000.0,Sembako
TRX-0000718,KDMP-00037,2026-03-02,Simpan,1678000.0,Saprotan
TRX-0000719,KDMP-00037,2026-03-18,Penjualan,892000.0,Lainnya
TRX-0000720,KDMP-00037,2026-03-07,Pembelian,2339000.0,Saprotan
TRX-0000721,KDMP-00037,2026-03-04,Pinjam,1064000.0,Lainnya
TRX-0000722,KDMP-00037,2026-03-23,Pembelian,2778000.0,Simpan Pinjam
TRX-0000723,KDMP-00037,2026-04-14,Simpan,1730000.0,Sembako
TRX-0000724,KDMP-00037,2026-04-12,Pinjam,572000.0,Logistik
TRX-0000725,KDMP-00037,2026-04-27,Penjualan,1725000.0,Logistik
TRX-0000726,KDMP-00037,2026-04-22,Simpan,2273000.0,Logistik
TRX-0000727,KDMP-00037,2026-04-26,Penjualan,2039000.0,Simpan Pinjam
TRX-0000728,KDMP-00037,2026-05-13,Pembelian,673000.0,Saprotan
TRX-0000729,KDMP-00037,2026-05-03,Penjualan,3102000.0,Simpan Pinjam
TRX-0000730,KDMP-00037,2026-05-23,Pembelian,1199000.0,Logistik
TRX-0000731,KDMP-00037,2026-05-07,Penjualan,849000.0,Saprotan
TRX-0000732,KDMP-00037,2026-05-22,Pembelian,1591000.0,Logistik
TRX-0000733,KDMP-00037,2026-05-15,Penjualan,1396000.0,Saprotan
TRX-0000734,KDMP-00037,2026-06-08,Simpan,2055000.0,Logistik
TRX-0000735,KDMP-00037,2026-06-21,Simpan,1468000.0,Logistik
TRX-0000736,KDMP-00037,2026-06-23,Pinjam,1497000.0,Logistik
TRX-0000737,KDMP-00037,2026-07-10,Pembelian,1905000.0,Saprotan
TRX-0000738,KDMP-00037,2026-07-12,Simpan,689000.0,Sembako
TRX-0000739,KDMP-00037,2026-07-10,Pinjam,547000.0,Simpan Pinjam
TRX-0000740,KDMP-00037,2026-08-05,Pembelian,1468000.0,Simpan Pinjam
TRX-0000741,KDMP-00037,2026-08-12,Pembelian,1685000.0,Simpan Pinjam
TRX-0000742,KDMP-00037,2026-08-01,Simpan,665000.0,Lainnya
TRX-0000743,KDMP-00038,2026-03-07,Penjualan,1209000.0,Saprotan
TRX-0000744,KDMP-00038,2026-03-05,Simpan,2613000.0,Logistik
TRX-0000745,KDMP-00038,2026-03-06,Simpan,1602000.0,Sembako
TRX-0000746,KDMP-00038,2026-03-13,Pinjam,2480000.0,Simpan Pinjam
TRX-0000747,KDMP-00038,2026-04-24,Simpan,914000.0,Saprotan
TRX-0000748,KDMP-00038,2026-04-10,Pembelian,1851000.0,Lainnya
TRX-0000749,KDMP-00038,2026-04-30,Pinjam,2602000.0,Saprotan
TRX-0000750,KDMP-00038,2026-04-24,Pinjam,2486000.0,Sembako
TRX-0000751,KDMP-00038,2026-04-18,Penjualan,865000.0,Saprotan
TRX-0000752,KDMP-00038,2026-04-20,Pembelian,527000.0,Logistik
TRX-0000753,KDMP-00038,2026-05-21,Pembelian,520000.0,Lainnya
TRX-0000754,KDMP-00038,2026-05-26,Simpan,1693000.0,Simpan Pinjam
TRX-0000755,KDMP-00038,2026-05-18,Pinjam,439000.0,Sembako
TRX-0000756,KDMP-00038,2026-05-13,Pembelian,2812000.0,Logistik
TRX-0000757,KDMP-00038,2026-05-20,Penjualan,1174000.0,Saprotan
TRX-0000758,KDMP-00038,2026-06-12,Penjualan,1319000.0,Saprotan
TRX-0000759,KDMP-00038,2026-06-10,Pinjam,1257000.0,Lainnya
TRX-0000760,KDMP-00038,2026-06-24,Pinjam,608000.0,Logistik
TRX-0000761,KDMP-00038,2026-06-10,Pembelian,2413000.0,Logistik
TRX-0000762,KDMP-00038,2026-06-14,Pembelian,2224000.0,Lainnya
TRX-0000763,KDMP-00038,2026-07-16,Simpan,968000.0,Sembako
TRX-0000764,KDMP-00038,2026-07-19,Pinjam,2909000.0,Sembako
TRX-0000765,KDMP-00038,2026-07-21,Simpan,429000.0,Logistik
TRX-0000766,KDMP-00038,2026-07-15,Pembelian,880000.0,Simpan Pinjam
TRX-0000767,KDMP-00038,2026-08-08,Penjualan,1044000.0,Saprotan
TRX-0000768,KDMP-00038,2026-08-05,Pinjam,2328000.0,Lainnya
TRX-0000769,KDMP-00038,2026-08-04,Penjualan,2105000.0,Sembako
TRX-0000770,KDMP-00038,2026-08-05,Pinjam,725000.0,Sembako
TRX-0000771,KDMP-00038,2026-08-05,Pinjam,1902000.0,Simpan Pinjam
TRX-0000772,KDMP-00039,2026-03-04,Simpan,333000.0,Logistik
TRX-0000773,KDMP-00039,2026-03-03,Simpan,894000.0,Lainnya
TRX-0000774,KDMP-00039,2026-03-14,Simpan,509000.0,Logistik
TRX-0000775,KDMP-00039,2026-04-24,Penjualan,491000.0,Saprotan
TRX-0000776,KDMP-00039,2026-04-02,Pembelian,311000.0,Saprotan
TRX-0000777,KDMP-00039,2026-05-02,Simpan,413000.0,Saprotan
TRX-0000778,KDMP-00039,2026-05-30,Simpan,459000.0,Sembako
TRX-0000779,KDMP-00039,2026-06-03,Pembelian,590000.0,Simpan Pinjam
TRX-0000780,KDMP-00039,2026-06-20,Pembelian,678000.0,Lainnya
TRX-0000781,KDMP-00039,2026-06-11,Simpan,367000.0,Saprotan
TRX-0000782,KDMP-00039,2026-07-19,Simpan,234000.0,Simpan Pinjam
TRX-0000783,KDMP-00039,2026-07-17,Simpan,169000.0,Saprotan
TRX-0000784,KDMP-00039,2026-07-14,Simpan,775000.0,Simpan Pinjam
TRX-0000785,KDMP-00039,2026-08-04,Penjualan,465000.0,Logistik
TRX-0000786,KDMP-00039,2026-08-02,Penjualan,436000.0,Simpan Pinjam
TRX-0000787,KDMP-00040,2026-03-23,Simpan,1059000.0,Simpan Pinjam
TRX-0000788,KDMP-00040,2026-03-29,Simpan,2048000.0,Simpan Pinjam
TRX-0000789,KDMP-00040,2026-03-01,Penjualan,1822000.0,Simpan Pinjam
TRX-0000790,KDMP-00040,2026-03-23,Pembelian,596000.0,Simpan Pinjam
TRX-0000791,KDMP-00040,2026-03-07,Pembelian,973000.0,Sembako
TRX-0000792,KDMP-00040,2026-04-25,Pinjam,483000.0,Logistik
TRX-0000793,KDMP-00040,2026-04-04,Penjualan,409000.0,Lainnya
TRX-0000794,KDMP-00040,2026-04-16,Penjualan,1557000.0,Saprotan
TRX-0000795,KDMP-00040,2026-05-25,Penjualan,1696000.0,Sembako
TRX-0000796,KDMP-00040,2026-05-07,Pembelian,2217000.0,Simpan Pinjam
TRX-0000797,KDMP-00040,2026-05-01,Penjualan,1702000.0,Simpan Pinjam
TRX-0000798,KDMP-00040,2026-05-31,Simpan,2064000.0,Lainnya
TRX-0000799,KDMP-00040,2026-06-25,Pembelian,2554000.0,Lainnya
TRX-0000800,KDMP-00040,2026-06-04,Penjualan,1833000.0,Lainnya
TRX-0000801,KDMP-00040,2026-06-07,Simpan,939000.0,Simpan Pinjam
TRX-0000802,KDMP-00040,2026-06-18,Penjualan,2671000.0,Sembako
TRX-0000803,KDMP-00040,2026-07-19,Pembelian,1708000.0,Logistik
TRX-0000804,KDMP-00040,2026-07-04,Pembelian,2716000.0,Saprotan
TRX-0000805,KDMP-00040,2026-07-14,Pembelian,3726000.0,Lainnya
TRX-0000806,KDMP-00040,2026-07-04,Simpan,1252000.0,Sembako
TRX-0000807,KDMP-00040,2026-07-17,Pembelian,2034000.0,Logistik
TRX-0000808,KDMP-00040,2026-07-23,Simpan,3007000.0,Lainnya
TRX-0000809,KDMP-00040,2026-07-03,Simpan,2876000.0,Logistik
TRX-0000810,KDMP-00040,2026-08-12,Simpan,1714000.0,Logistik
TRX-0000811,KDMP-00040,2026-08-07,Simpan,1066000.0,Logistik
TRX-0000812,KDMP-00040,2026-08-02,Pinjam,962000.0,Saprotan
TRX-0000813,KDMP-00040,2026-08-11,Pinjam,935000.0,Sembako
TRX-0000814,KDMP-00040,2026-08-09,Penjualan,1544000.0,Sembako
TRX-0000815,KDMP-00041,2026-03-04,Pembelian,599000.0,Sembako
TRX-0000816,KDMP-00041,2026-03-07,Simpan,378000.0,Simpan Pinjam
TRX-0000817,KDMP-00041,2026-04-27,Pinjam,249000.0,Logistik
TRX-0000818,KDMP-00041,2026-04-23,Simpan,369000.0,Logistik
TRX-0000819,KDMP-00041,2026-04-22,Pinjam,429000.0,Logistik
TRX-0000820,KDMP-00041,2026-05-04,Penjualan,728000.0,Saprotan
TRX-0000821,KDMP-00041,2026-05-08,Pembelian,519000.0,Sembako
TRX-0000822,KDMP-00041,2026-06-16,Penjualan,680000.0,Simpan Pinjam
TRX-0000823,KDMP-00041,2026-07-10,Penjualan,381000.0,Sembako
TRX-0000824,KDMP-00041,2026-07-17,Pinjam,623000.0,Logistik
TRX-0000825,KDMP-00041,2026-07-22,Pinjam,291000.0,Logistik
TRX-0000826,KDMP-00041,2026-08-09,Penjualan,408000.0,Sembako
TRX-0000827,KDMP-00041,2026-08-02,Pinjam,894000.0,Logistik
TRX-0000828,KDMP-00041,2026-08-07,Pinjam,386000.0,Logistik
TRX-0000829,KDMP-00042,2026-03-28,Simpan,1876000.0,Simpan Pinjam
TRX-0000830,KDMP-00042,2026-03-05,Simpan,1704000.0,Logistik
TRX-0000831,KDMP-00042,2026-03-04,Pinjam,1694000.0,Lainnya
TRX-0000832,KDMP-00042,2026-03-19,Pinjam,2216000.0,Logistik
TRX-0000833,KDMP-00042,2026-04-13,Simpan,1872000.0,Logistik
TRX-0000834,KDMP-00042,2026-04-13,Simpan,2111000.0,Saprotan
TRX-0000835,KDMP-00042,2026-04-01,Penjualan,1344000.0,Simpan Pinjam
TRX-0000836,KDMP-00042,2026-04-12,Penjualan,2808000.0,Saprotan
TRX-0000837,KDMP-00042,2026-04-14,Simpan,1515000.0,Saprotan
TRX-0000838,KDMP-00042,2026-05-08,Pembelian,1981000.0,Saprotan
TRX-0000839,KDMP-00042,2026-05-30,Penjualan,1814000.0,Saprotan
TRX-0000840,KDMP-00042,2026-05-06,Penjualan,652000.0,Lainnya
TRX-0000841,KDMP-00042,2026-06-14,Pinjam,1700000.0,Saprotan
TRX-0000842,KDMP-00042,2026-06-16,Penjualan,365000.0,Saprotan
TRX-0000843,KDMP-00042,2026-06-13,Simpan,1114000.0,Lainnya
TRX-0000844,KDMP-00042,2026-06-16,Penjualan,527000.0,Simpan Pinjam
TRX-0000845,KDMP-00042,2026-06-17,Simpan,1026000.0,Simpan Pinjam
TRX-0000846,KDMP-00042,2026-07-07,Pinjam,2236000.0,Sembako
TRX-0000847,KDMP-00042,2026-07-18,Pembelian,1979000.0,Saprotan
TRX-0000848,KDMP-00042,2026-07-10,Pinjam,834000.0,Simpan Pinjam
TRX-0000849,KDMP-00042,2026-07-31,Penjualan,1549000.0,Lainnya
TRX-0000850,KDMP-00042,2026-08-10,Pinjam,615000.0,Logistik
TRX-0000851,KDMP-00042,2026-08-13,Penjualan,523000.0,Saprotan
TRX-0000852,KDMP-00042,2026-08-05,Pinjam,947000.0,Lainnya
TRX-0000853,KDMP-00043,2026-03-20,Pinjam,503000.0,Lainnya
TRX-0000854,KDMP-00043,2026-03-01,Pembelian,318000.0,Lainnya
TRX-0000855,KDMP-00043,2026-03-22,Pinjam,584000.0,Saprotan
TRX-0000856,KDMP-00043,2026-04-28,Pinjam,916000.0,Lainnya
TRX-0000857,KDMP-00043,2026-04-02,Pembelian,841000.0,Saprotan
TRX-0000858,KDMP-00043,2026-04-08,Pembelian,601000.0,Saprotan
TRX-0000859,KDMP-00043,2026-04-14,Simpan,948000.0,Sembako
TRX-0000860,KDMP-00043,2026-05-10,Pembelian,350000.0,Saprotan
TRX-0000861,KDMP-00043,2026-05-08,Pinjam,664000.0,Simpan Pinjam
TRX-0000862,KDMP-00043,2026-05-07,Penjualan,235000.0,Simpan Pinjam
TRX-0000863,KDMP-00043,2026-06-18,Pinjam,461000.0,Logistik
TRX-0000864,KDMP-00043,2026-06-02,Pembelian,588000.0,Simpan Pinjam
TRX-0000865,KDMP-00043,2026-07-26,Simpan,237000.0,Lainnya
TRX-0000866,KDMP-00043,2026-08-08,Penjualan,496000.0,Sembako
TRX-0000867,KDMP-00044,2026-03-10,Penjualan,970000.0,Logistik
TRX-0000868,KDMP-00044,2026-03-22,Penjualan,2179000.0,Logistik
TRX-0000869,KDMP-00044,2026-03-24,Pembelian,2275000.0,Simpan Pinjam
TRX-0000870,KDMP-00044,2026-04-27,Simpan,1273000.0,Logistik
TRX-0000871,KDMP-00044,2026-04-08,Penjualan,1956000.0,Saprotan
TRX-0000872,KDMP-00044,2026-04-19,Pinjam,910000.0,Simpan Pinjam
TRX-0000873,KDMP-00044,2026-05-06,Pembelian,806000.0,Saprotan
TRX-0000874,KDMP-00044,2026-05-09,Penjualan,1605000.0,Logistik
TRX-0000875,KDMP-00044,2026-05-23,Penjualan,1859000.0,Saprotan
TRX-0000876,KDMP-00044,2026-05-16,Pembelian,1892000.0,Saprotan
TRX-0000877,KDMP-00044,2026-05-30,Pembelian,2795000.0,Saprotan
TRX-0000878,KDMP-00044,2026-06-01,Penjualan,2567000.0,Sembako
TRX-0000879,KDMP-00044,2026-06-26,Pembelian,2223000.0,Saprotan
TRX-0000880,KDMP-00044,2026-06-10,Simpan,1860000.0,Sembako
TRX-0000881,KDMP-00044,2026-06-08,Pinjam,1813000.0,Logistik
TRX-0000882,KDMP-00044,2026-06-13,Simpan,426000.0,Saprotan
TRX-0000883,KDMP-00044,2026-07-28,Pembelian,1153000.0,Logistik
TRX-0000884,KDMP-00044,2026-07-29,Pinjam,2005000.0,Sembako
TRX-0000885,KDMP-00044,2026-07-03,Pinjam,1093000.0,Logistik
TRX-0000886,KDMP-00044,2026-07-30,Simpan,2275000.0,Logistik
TRX-0000887,KDMP-00044,2026-08-12,Simpan,3454000.0,Lainnya
TRX-0000888,KDMP-00044,2026-08-07,Simpan,777000.0,Logistik
TRX-0000889,KDMP-00044,2026-08-13,Penjualan,2998000.0,Simpan Pinjam
TRX-0000890,KDMP-00044,2026-08-13,Pembelian,2768000.0,Sembako
TRX-0000891,KDMP-00044,2026-08-11,Simpan,1958000.0,Saprotan
TRX-0000892,KDMP-00045,2026-03-17,Pembelian,829000.0,Lainnya
TRX-0000893,KDMP-00045,2026-03-26,Simpan,2233000.0,Logistik
TRX-0000894,KDMP-00045,2026-03-24,Pembelian,1681000.0,Saprotan
TRX-0000895,KDMP-00045,2026-03-19,Simpan,870000.0,Saprotan
TRX-0000896,KDMP-00045,2026-04-13,Pinjam,1233000.0,Lainnya
TRX-0000897,KDMP-00045,2026-04-01,Pembelian,895000.0,Sembako
TRX-0000898,KDMP-00045,2026-04-07,Simpan,2668000.0,Simpan Pinjam
TRX-0000899,KDMP-00045,2026-04-20,Pinjam,482000.0,Lainnya
TRX-0000900,KDMP-00045,2026-04-03,Simpan,979000.0,Simpan Pinjam
TRX-0000901,KDMP-00045,2026-05-17,Pinjam,495000.0,Logistik
TRX-0000902,KDMP-00045,2026-05-16,Penjualan,2893000.0,Simpan Pinjam
TRX-0000903,KDMP-00045,2026-05-07,Simpan,2558000.0,Saprotan
TRX-0000904,KDMP-00045,2026-05-13,Pembelian,2655000.0,Logistik
TRX-0000905,KDMP-00045,2026-06-10,Pembelian,3307000.0,Logistik
TRX-0000906,KDMP-00045,2026-06-26,Pembelian,962000.0,Sembako
TRX-0000907,KDMP-00045,2026-06-09,Pembelian,1278000.0,Lainnya
TRX-0000908,KDMP-00045,2026-06-08,Simpan,1741000.0,Lainnya
TRX-0000909,KDMP-00045,2026-06-15,Penjualan,2412000.0,Sembako
TRX-0000910,KDMP-00045,2026-07-13,Pembelian,2906000.0,Logistik
TRX-0000911,KDMP-00045,2026-07-24,Simpan,2221000.0,Sembako
TRX-0000912,KDMP-00045,2026-07-02,Penjualan,642000.0,Saprotan
TRX-0000913,KDMP-00045,2026-07-16,Simpan,2794000.0,Lainnya
TRX-0000914,KDMP-00045,2026-07-31,Penjualan,2816000.0,Sembako
TRX-0000915,KDMP-00045,2026-08-07,Simpan,1099000.0,Simpan Pinjam
TRX-0000916,KDMP-00045,2026-08-09,Penjualan,2701000.0,Lainnya
TRX-0000917,KDMP-00045,2026-08-03,Pinjam,802000.0,Saprotan
TRX-0000918,KDMP-00045,2026-08-03,Penjualan,2484000.0,Saprotan
TRX-0000919,KDMP-00045,2026-08-07,Pembelian,2081000.0,Saprotan
TRX-0000920,KDMP-00046,2026-03-16,Simpan,782000.0,Saprotan
TRX-0000921,KDMP-00046,2026-04-09,Simpan,933000.0,Lainnya
TRX-0000922,KDMP-00046,2026-04-29,Pembelian,434000.0,Saprotan
TRX-0000923,KDMP-00046,2026-04-16,Pembelian,793000.0,Lainnya
TRX-0000924,KDMP-00046,2026-05-15,Penjualan,694000.0,Simpan Pinjam
TRX-0000925,KDMP-00046,2026-05-08,Pembelian,289000.0,Sembako
TRX-0000926,KDMP-00046,2026-05-06,Pinjam,556000.0,Logistik
TRX-0000927,KDMP-00046,2026-05-29,Pinjam,262000.0,Sembako
TRX-0000928,KDMP-00046,2026-06-16,Penjualan,505000.0,Simpan Pinjam
TRX-0000929,KDMP-00046,2026-06-03,Pembelian,238000.0,Saprotan
TRX-0000930,KDMP-00046,2026-06-06,Simpan,280000.0,Lainnya
TRX-0000931,KDMP-00046,2026-07-01,Pembelian,346000.0,Logistik
TRX-0000932,KDMP-00046,2026-07-08,Pinjam,939000.0,Sembako
TRX-0000933,KDMP-00046,2026-07-01,Simpan,911000.0,Sembako
TRX-0000934,KDMP-00046,2026-07-19,Penjualan,498000.0,Saprotan
TRX-0000935,KDMP-00046,2026-08-12,Pinjam,444000.0,Logistik
TRX-0000936,KDMP-00046,2026-08-05,Penjualan,557000.0,Saprotan
TRX-0000937,KDMP-00047,2026-03-24,Pembelian,1420000.0,Simpan Pinjam
TRX-0000938,KDMP-00047,2026-03-26,Simpan,3017000.0,Saprotan
TRX-0000939,KDMP-00047,2026-03-24,Penjualan,2824000.0,Lainnya
TRX-0000940,KDMP-00047,2026-03-13,Penjualan,3280000.0,Logistik
TRX-0000941,KDMP-00047,2026-03-08,Pinjam,1213000.0,Sembako
TRX-0000942,KDMP-00047,2026-03-07,Pembelian,517000.0,Logistik
TRX-0000943,KDMP-00047,2026-04-21,Pembelian,2257000.0,Sembako
TRX-0000944,KDMP-00047,2026-04-26,Pinjam,1275000.0,Saprotan
TRX-0000945,KDMP-00047,2026-04-20,Pembelian,2980000.0,Saprotan
TRX-0000946,KDMP-00047,2026-04-27,Simpan,2309000.0,Lainnya
TRX-0000947,KDMP-00047,2026-04-15,Pinjam,997000.0,Logistik
TRX-0000948,KDMP-00047,2026-05-14,Simpan,591000.0,Lainnya
TRX-0000949,KDMP-00047,2026-05-21,Pinjam,823000.0,Sembako
TRX-0000950,KDMP-00047,2026-05-11,Pinjam,470000.0,Simpan Pinjam
TRX-0000951,KDMP-00047,2026-05-23,Pembelian,1939000.0,Logistik
TRX-0000952,KDMP-00047,2026-05-21,Penjualan,1648000.0,Saprotan
TRX-0000953,KDMP-00047,2026-06-16,Simpan,2732000.0,Simpan Pinjam
TRX-0000954,KDMP-00047,2026-06-22,Simpan,2931000.0,Simpan Pinjam
TRX-0000955,KDMP-00047,2026-06-10,Penjualan,1743000.0,Lainnya
TRX-0000956,KDMP-00047,2026-06-02,Penjualan,593000.0,Lainnya
TRX-0000957,KDMP-00047,2026-07-24,Simpan,1572000.0,Saprotan
TRX-0000958,KDMP-00047,2026-07-03,Penjualan,1039000.0,Sembako
TRX-0000959,KDMP-00047,2026-07-15,Pembelian,2273000.0,Simpan Pinjam
TRX-0000960,KDMP-00047,2026-07-02,Penjualan,2533000.0,Logistik
TRX-0000961,KDMP-00047,2026-08-12,Pinjam,1354000.0,Logistik
TRX-0000962,KDMP-00047,2026-08-05,Simpan,2250000.0,Simpan Pinjam
TRX-0000963,KDMP-00047,2026-08-02,Simpan,1056000.0,Sembako
TRX-0000964,KDMP-00047,2026-08-01,Penjualan,1701000.0,Logistik
TRX-0000965,KDMP-00047,2026-08-03,Pinjam,783000.0,Logistik
TRX-0000966,KDMP-00048,2026-03-10,Simpan,334000.0,Logistik
TRX-0000967,KDMP-00048,2026-03-03,Pembelian,364000.0,Simpan Pinjam
TRX-0000968,KDMP-00048,2026-05-07,Pinjam,323000.0,Simpan Pinjam
TRX-0000969,KDMP-00048,2026-06-28,Pembelian,269000.0,Sembako
TRX-0000970,KDMP-00048,2026-07-14,Penjualan,66000.0,Sembako
TRX-0000971,KDMP-00049,2026-03-16,Penjualan,3114000.0,Logistik
TRX-0000972,KDMP-00049,2026-03-07,Simpan,2059000.0,Lainnya
TRX-0000973,KDMP-00049,2026-03-13,Penjualan,2740000.0,Saprotan
TRX-0000974,KDMP-00049,2026-03-21,Pinjam,451000.0,Logistik
TRX-0000975,KDMP-00049,2026-03-24,Simpan,2793000.0,Sembako
TRX-0000976,KDMP-00049,2026-03-16,Pinjam,1787000.0,Simpan Pinjam
TRX-0000977,KDMP-00049,2026-04-11,Penjualan,1593000.0,Saprotan
TRX-0000978,KDMP-00049,2026-04-14,Pinjam,2896000.0,Sembako
TRX-0000979,KDMP-00049,2026-04-21,Simpan,1795000.0,Logistik
TRX-0000980,KDMP-00049,2026-04-01,Pembelian,2356000.0,Saprotan
TRX-0000981,KDMP-00049,2026-05-08,Pembelian,1382000.0,Lainnya
TRX-0000982,KDMP-00049,2026-05-11,Pinjam,2951000.0,Simpan Pinjam
TRX-0000983,KDMP-00049,2026-05-24,Pinjam,2879000.0,Logistik
TRX-0000984,KDMP-00049,2026-05-22,Simpan,2740000.0,Logistik
TRX-0000985,KDMP-00049,2026-05-28,Pembelian,2648000.0,Lainnya
TRX-0000986,KDMP-00049,2026-05-23,Penjualan,1002000.0,Logistik
TRX-0000987,KDMP-00049,2026-06-16,Penjualan,717000.0,Logistik
TRX-0000988,KDMP-00049,2026-06-16,Simpan,2535000.0,Simpan Pinjam
TRX-0000989,KDMP-00049,2026-06-02,Penjualan,839000.0,Saprotan
TRX-0000990,KDMP-00049,2026-06-12,Pembelian,2391000.0,Simpan Pinjam
TRX-0000991,KDMP-00049,2026-07-11,Pinjam,2743000.0,Sembako
TRX-0000992,KDMP-00049,2026-07-04,Pembelian,2203000.0,Logistik
TRX-0000993,KDMP-00049,2026-07-11,Simpan,1176000.0,Sembako
TRX-0000994,KDMP-00049,2026-07-18,Simpan,2639000.0,Simpan Pinjam
TRX-0000995,KDMP-00049,2026-08-08,Pinjam,2474000.0,Sembako
TRX-0000996,KDMP-00049,2026-08-13,Penjualan,3245000.0,Lainnya
TRX-0000997,KDMP-00049,2026-08-02,Pembelian,563000.0,Sembako
TRX-0000998,KDMP-00049,2026-08-06,Pembelian,2947000.0,Saprotan
TRX-0000999,KDMP-00050,2026-03-28,Penjualan,153000.0,Simpan Pinjam
TRX-0001000,KDMP-00050,2026-04-04,Pembelian,253000.0,Logistik
TRX-0001001,KDMP-00050,2026-06-17,Pembelian,144000.0,Sembako
TRX-0001002,KDMP-00050,2026-07-22,Pembelian,165000.0,Simpan Pinjam
TRX-0001003,KDMP-00050,2026-08-04,Pembelian,232000.0,Logistik
TRX-0001004,KDMP-00050,2026-08-07,Pinjam,228000.0,Lainnya
TRX-0001005,KDMP-00051,2026-03-15,Pembelian,2236000.0,Sembako
TRX-0001006,KDMP-00051,2026-03-17,Penjualan,1776000.0,Sembako
TRX-0001007,KDMP-00051,2026-03-13,Pembelian,1003000.0,Logistik
TRX-0001008,KDMP-00051,2026-03-25,Penjualan,439000.0,Simpan Pinjam
TRX-0001009,KDMP-00051,2026-04-23,Simpan,2704000.0,Logistik
TRX-0001010,KDMP-00051,2026-04-22,Simpan,1328000.0,Saprotan
TRX-0001011,KDMP-00051,2026-04-01,Simpan,2540000.0,Lainnya
TRX-0001012,KDMP-00051,2026-05-15,Pembelian,2111000.0,Lainnya
TRX-0001013,KDMP-00051,2026-05-20,Pinjam,1923000.0,Saprotan
TRX-0001014,KDMP-00051,2026-05-26,Pinjam,2574000.0,Simpan Pinjam
TRX-0001015,KDMP-00051,2026-05-03,Penjualan,2557000.0,Lainnya
TRX-0001016,KDMP-00051,2026-07-03,Simpan,152000.0,Lainnya
TRX-0001017,KDMP-00051,2026-07-21,Pembelian,172000.0,Sembako
TRX-0001018,KDMP-00051,2026-08-04,Simpan,239000.0,Logistik
TRX-0001019,KDMP-00052,2026-03-27,Simpan,801000.0,Saprotan
TRX-0001020,KDMP-00052,2026-03-12,Penjualan,711000.0,Sembako
TRX-0001021,KDMP-00052,2026-04-19,Penjualan,524000.0,Logistik
TRX-0001022,KDMP-00052,2026-04-08,Pembelian,435000.0,Saprotan
TRX-0001023,KDMP-00052,2026-05-23,Pembelian,694000.0,Logistik
TRX-0001024,KDMP-00052,2026-05-08,Penjualan,507000.0,Saprotan
TRX-0001025,KDMP-00052,2026-05-07,Simpan,505000.0,Logistik
TRX-0001026,KDMP-00052,2026-06-03,Penjualan,678000.0,Sembako
TRX-0001027,KDMP-00052,2026-06-05,Pinjam,412000.0,Simpan Pinjam
TRX-0001028,KDMP-00052,2026-07-13,Pinjam,647000.0,Saprotan
TRX-0001029,KDMP-00052,2026-07-21,Pinjam,579000.0,Logistik
TRX-0001030,KDMP-00052,2026-08-07,Pembelian,738000.0,Simpan Pinjam
TRX-0001031,KDMP-00052,2026-08-08,Pinjam,559000.0,Simpan Pinjam
TRX-0001032,KDMP-00052,2026-08-09,Penjualan,926000.0,Simpan Pinjam
TRX-0001033,KDMP-00053,2026-04-04,Pinjam,185000.0,Sembako
TRX-0001034,KDMP-00053,2026-04-19,Simpan,99000.0,Sembako
TRX-0001035,KDMP-00053,2026-06-16,Penjualan,115000.0,Simpan Pinjam
TRX-0001036,KDMP-00053,2026-07-30,Simpan,117000.0,Saprotan
TRX-0001037,KDMP-00053,2026-08-09,Simpan,29000.0,Sembako
TRX-0001038,KDMP-00054,2026-03-10,Pinjam,2165000.0,Saprotan
TRX-0001039,KDMP-00054,2026-03-16,Pembelian,3188000.0,Simpan Pinjam
TRX-0001040,KDMP-00054,2026-03-15,Pinjam,2245000.0,Logistik
TRX-0001041,KDMP-00054,2026-03-24,Simpan,1032000.0,Sembako
TRX-0001042,KDMP-00054,2026-03-22,Pinjam,3251000.0,Logistik
TRX-0001043,KDMP-00054,2026-03-13,Simpan,1318000.0,Lainnya
TRX-0001044,KDMP-00054,2026-03-22,Pinjam,681000.0,Saprotan
TRX-0001045,KDMP-00054,2026-04-19,Simpan,2500000.0,Lainnya
TRX-0001046,KDMP-00054,2026-04-21,Penjualan,2320000.0,Simpan Pinjam
TRX-0001047,KDMP-00054,2026-04-18,Penjualan,3220000.0,Lainnya
TRX-0001048,KDMP-00054,2026-04-25,Pinjam,1962000.0,Lainnya
TRX-0001049,KDMP-00054,2026-04-04,Pembelian,3051000.0,Sembako
TRX-0001050,KDMP-00054,2026-05-23,Pinjam,929000.0,Sembako
TRX-0001051,KDMP-00054,2026-05-20,Simpan,2236000.0,Logistik
TRX-0001052,KDMP-00054,2026-05-16,Penjualan,1729000.0,Saprotan
TRX-0001053,KDMP-00054,2026-05-14,Penjualan,1375000.0,Lainnya
TRX-0001054,KDMP-00054,2026-06-04,Pembelian,512000.0,Saprotan
TRX-0001055,KDMP-00054,2026-06-09,Penjualan,622000.0,Simpan Pinjam
TRX-0001056,KDMP-00054,2026-06-14,Pembelian,962000.0,Sembako
TRX-0001057,KDMP-00054,2026-06-11,Pembelian,1605000.0,Sembako
TRX-0001058,KDMP-00054,2026-07-11,Pembelian,1113000.0,Logistik
TRX-0001059,KDMP-00054,2026-07-09,Pinjam,2143000.0,Sembako
TRX-0001060,KDMP-00054,2026-07-08,Pembelian,421000.0,Logistik
TRX-0001061,KDMP-00054,2026-07-17,Pinjam,1356000.0,Sembako
TRX-0001062,KDMP-00054,2026-08-07,Penjualan,943000.0,Logistik
TRX-0001063,KDMP-00054,2026-08-11,Pembelian,279000.0,Sembako
TRX-0001064,KDMP-00054,2026-08-10,Penjualan,645000.0,Simpan Pinjam
TRX-0001065,KDMP-00055,2026-04-28,Pembelian,173000.0,Simpan Pinjam
TRX-0001066,KDMP-00055,2026-06-30,Pinjam,364000.0,Sembako
TRX-0001067,KDMP-00055,2026-07-20,Simpan,288000.0,Simpan Pinjam
TRX-0001068,KDMP-00055,2026-08-05,Pinjam,112000.0,Saprotan
TRX-0001069,KDMP-00056,2026-03-17,Simpan,468000.0,Sembako
TRX-0001070,KDMP-00056,2026-03-18,Penjualan,215000.0,Saprotan
TRX-0001071,KDMP-00056,2026-04-24,Simpan,556000.0,Logistik
TRX-0001072,KDMP-00056,2026-05-11,Simpan,729000.0,Saprotan
TRX-0001073,KDMP-00056,2026-05-23,Pinjam,743000.0,Saprotan
TRX-0001074,KDMP-00056,2026-05-11,Simpan,281000.0,Simpan Pinjam
TRX-0001075,KDMP-00056,2026-06-30,Pembelian,399000.0,Sembako
TRX-0001076,KDMP-00056,2026-06-01,Penjualan,611000.0,Simpan Pinjam
TRX-0001077,KDMP-00056,2026-06-29,Pinjam,463000.0,Logistik
TRX-0001078,KDMP-00056,2026-07-18,Penjualan,723000.0,Logistik
TRX-0001079,KDMP-00056,2026-07-12,Pinjam,741000.0,Lainnya
TRX-0001080,KDMP-00056,2026-07-06,Penjualan,474000.0,Sembako
TRX-0001081,KDMP-00056,2026-07-30,Pembelian,563000.0,Logistik
TRX-0001082,KDMP-00056,2026-08-11,Simpan,748000.0,Simpan Pinjam
TRX-0001083,KDMP-00056,2026-08-10,Simpan,226000.0,Simpan Pinjam
TRX-0001084,KDMP-00057,2026-03-02,Simpan,580000.0,Logistik
TRX-0001085,KDMP-00057,2026-03-23,Pembelian,549000.0,Sembako
TRX-0001086,KDMP-00057,2026-04-28,Simpan,333000.0,Lainnya
TRX-0001087,KDMP-00057,2026-04-06,Pembelian,391000.0,Lainnya
TRX-0001088,KDMP-00057,2026-05-03,Pembelian,555000.0,Sembako
TRX-0001089,KDMP-00057,2026-05-30,Pembelian,238000.0,Lainnya
TRX-0001090,KDMP-00057,2026-05-09,Pembelian,674000.0,Sembako
TRX-0001091,KDMP-00057,2026-06-09,Pinjam,643000.0,Sembako
TRX-0001092,KDMP-00057,2026-06-21,Penjualan,999000.0,Saprotan
TRX-0001093,KDMP-00057,2026-06-14,Simpan,555000.0,Sembako
TRX-0001094,KDMP-00057,2026-06-15,Pinjam,773000.0,Saprotan
TRX-0001095,KDMP-00057,2026-07-08,Penjualan,915000.0,Saprotan
TRX-0001096,KDMP-00057,2026-07-18,Pinjam,944000.0,Saprotan
TRX-0001097,KDMP-00057,2026-08-10,Penjualan,417000.0,Simpan Pinjam
TRX-0001098,KDMP-00057,2026-08-07,Penjualan,918000.0,Simpan Pinjam
TRX-0001099,KDMP-00058,2026-03-21,Penjualan,94000.0,Sembako
TRX-0001100,KDMP-00058,2026-05-08,Penjualan,286000.0,Logistik
TRX-0001101,KDMP-00058,2026-06-27,Simpan,282000.0,Lainnya
TRX-0001102,KDMP-00058,2026-08-02,Pinjam,240000.0,Lainnya
TRX-0001103,KDMP-00058,2026-08-01,Penjualan,116000.0,Logistik
TRX-0001104,KDMP-00059,2026-03-02,Pinjam,696000.0,Sembako
TRX-0001105,KDMP-00059,2026-03-21,Pinjam,355000.0,Sembako
TRX-0001106,KDMP-00059,2026-04-10,Pinjam,501000.0,Logistik
TRX-0001107,KDMP-00059,2026-05-20,Penjualan,285000.0,Logistik
TRX-0001108,KDMP-00059,2026-05-26,Pinjam,385000.0,Lainnya
TRX-0001109,KDMP-00059,2026-06-22,Penjualan,661000.0,Logistik
TRX-0001110,KDMP-00059,2026-06-19,Pembelian,557000.0,Sembako
TRX-0001111,KDMP-00059,2026-06-20,Penjualan,235000.0,Lainnya
TRX-0001112,KDMP-00059,2026-07-05,Simpan,900000.0,Saprotan
TRX-0001113,KDMP-00059,2026-07-24,Pinjam,506000.0,Simpan Pinjam
TRX-0001114,KDMP-00059,2026-08-05,Pinjam,180000.0,Lainnya
TRX-0001115,KDMP-00059,2026-08-13,Simpan,803000.0,Saprotan
TRX-0001116,KDMP-00060,2026-03-05,Pinjam,885000.0,Saprotan
TRX-0001117,KDMP-00060,2026-03-10,Simpan,729000.0,Sembako
TRX-0001118,KDMP-00060,2026-03-22,Pembelian,651000.0,Sembako
TRX-0001119,KDMP-00060,2026-03-27,Penjualan,397000.0,Logistik
TRX-0001120,KDMP-00060,2026-04-07,Penjualan,643000.0,Saprotan
TRX-0001121,KDMP-00060,2026-04-16,Pinjam,298000.0,Lainnya
TRX-0001122,KDMP-00060,2026-05-11,Simpan,583000.0,Logistik
TRX-0001123,KDMP-00060,2026-05-04,Pinjam,403000.0,Sembako
TRX-0001124,KDMP-00060,2026-05-30,Penjualan,530000.0,Simpan Pinjam
TRX-0001125,KDMP-00060,2026-06-08,Pinjam,556000.0,Saprotan
TRX-0001126,KDMP-00060,2026-06-13,Pembelian,679000.0,Logistik
TRX-0001127,KDMP-00060,2026-06-01,Simpan,259000.0,Sembako
TRX-0001128,KDMP-00060,2026-07-05,Simpan,365000.0,Logistik
TRX-0001129,KDMP-00060,2026-08-06,Penjualan,478000.0,Sembako
TRX-0001130,KDMP-00060,2026-08-05,Pembelian,171000.0,Simpan Pinjam
TRX-0001131,KDMP-00061,2026-03-18,Pembelian,1031000.0,Simpan Pinjam
TRX-0001132,KDMP-00061,2026-03-06,Simpan,731000.0,Sembako
TRX-0001133,KDMP-00061,2026-03-22,Pembelian,365000.0,Logistik
TRX-0001134,KDMP-00061,2026-04-07,Simpan,1098000.0,Logistik
TRX-0001135,KDMP-00061,2026-04-26,Simpan,879000.0,Simpan Pinjam
TRX-0001136,KDMP-00061,2026-04-26,Pinjam,2443000.0,Sembako
TRX-0001137,KDMP-00061,2026-05-07,Pinjam,2010000.0,Saprotan
TRX-0001138,KDMP-00061,2026-05-14,Pembelian,999000.0,Sembako
TRX-0001139,KDMP-00061,2026-05-19,Pembelian,1942000.0,Lainnya
TRX-0001140,KDMP-00061,2026-06-02,Simpan,1198000.0,Simpan Pinjam
TRX-0001141,KDMP-00061,2026-06-19,Pinjam,2502000.0,Simpan Pinjam
TRX-0001142,KDMP-00061,2026-06-26,Pinjam,2193000.0,Lainnya
TRX-0001143,KDMP-00061,2026-06-17,Pinjam,544000.0,Lainnya
TRX-0001144,KDMP-00061,2026-07-23,Simpan,933000.0,Lainnya
TRX-0001145,KDMP-00061,2026-07-23,Pinjam,2377000.0,Logistik
TRX-0001146,KDMP-00061,2026-07-13,Penjualan,1183000.0,Simpan Pinjam
TRX-0001147,KDMP-00061,2026-07-07,Pinjam,1046000.0,Simpan Pinjam
TRX-0001148,KDMP-00061,2026-07-10,Pinjam,1540000.0,Logistik
TRX-0001149,KDMP-00061,2026-07-30,Simpan,2032000.0,Saprotan
TRX-0001150,KDMP-00061,2026-08-05,Pinjam,2916000.0,Lainnya
TRX-0001151,KDMP-00061,2026-08-10,Penjualan,1628000.0,Logistik
TRX-0001152,KDMP-00061,2026-08-06,Pinjam,2145000.0,Logistik
TRX-0001153,KDMP-00061,2026-08-07,Simpan,2001000.0,Logistik
TRX-0001154,KDMP-00061,2026-08-07,Penjualan,1516000.0,Simpan Pinjam
TRX-0001155,KDMP-00062,2026-03-12,Penjualan,239000.0,Saprotan
TRX-0001156,KDMP-00062,2026-04-03,Simpan,236000.0,Simpan Pinjam
TRX-0001157,KDMP-00062,2026-06-07,Simpan,105000.0,Saprotan
TRX-0001158,KDMP-00062,2026-07-20,Pembelian,101000.0,Lainnya
TRX-0001159,KDMP-00063,2026-03-26,Pinjam,597000.0,Logistik
TRX-0001160,KDMP-00063,2026-03-25,Penjualan,597000.0,Logistik
TRX-0001161,KDMP-00063,2026-04-08,Pembelian,686000.0,Simpan Pinjam
TRX-0001162,KDMP-00063,2026-04-17,Pinjam,434000.0,Logistik
TRX-0001163,KDMP-00063,2026-05-07,Pinjam,337000.0,Logistik
TRX-0001164,KDMP-00063,2026-05-15,Penjualan,269000.0,Saprotan
TRX-0001165,KDMP-00063,2026-06-24,Penjualan,345000.0,Logistik
TRX-0001166,KDMP-00063,2026-06-27,Simpan,689000.0,Saprotan
TRX-0001167,KDMP-00063,2026-07-13,Simpan,683000.0,Saprotan
TRX-0001168,KDMP-00063,2026-07-19,Penjualan,607000.0,Simpan Pinjam
TRX-0001169,KDMP-00063,2026-07-31,Simpan,273000.0,Lainnya
TRX-0001170,KDMP-00063,2026-08-10,Pinjam,1059000.0,Logistik
TRX-0001171,KDMP-00063,2026-08-07,Penjualan,384000.0,Lainnya
TRX-0001172,KDMP-00063,2026-08-08,Penjualan,557000.0,Saprotan
TRX-0001173,KDMP-00063,2026-08-08,Simpan,732000.0,Sembako
TRX-0001174,KDMP-00064,2026-03-23,Pinjam,436000.0,Sembako
TRX-0001175,KDMP-00064,2026-03-03,Pinjam,798000.0,Saprotan
TRX-0001176,KDMP-00064,2026-03-10,Penjualan,843000.0,Logistik
TRX-0001177,KDMP-00064,2026-03-17,Penjualan,495000.0,Simpan Pinjam
TRX-0001178,KDMP-00064,2026-04-04,Pembelian,1343000.0,Lainnya
TRX-0001179,KDMP-00064,2026-04-24,Penjualan,1411000.0,Logistik
TRX-0001180,KDMP-00064,2026-04-28,Pembelian,2733000.0,Simpan Pinjam
TRX-0001181,KDMP-00064,2026-04-10,Pinjam,2525000.0,Logistik
TRX-0001182,KDMP-00064,2026-04-19,Simpan,771000.0,Lainnya
TRX-0001183,KDMP-00064,2026-05-01,Pembelian,1017000.0,Logistik
TRX-0001184,KDMP-00064,2026-05-13,Pembelian,516000.0,Lainnya
TRX-0001185,KDMP-00064,2026-05-19,Pinjam,1143000.0,Logistik
TRX-0001186,KDMP-00064,2026-05-02,Penjualan,1460000.0,Saprotan
TRX-0001187,KDMP-00064,2026-05-30,Pinjam,1895000.0,Saprotan
TRX-0001188,KDMP-00064,2026-06-27,Pembelian,1502000.0,Logistik
TRX-0001189,KDMP-00064,2026-06-29,Pinjam,1111000.0,Logistik
TRX-0001190,KDMP-00064,2026-06-22,Pembelian,1484000.0,Lainnya
TRX-0001191,KDMP-00064,2026-06-23,Penjualan,687000.0,Simpan Pinjam
TRX-0001192,KDMP-00064,2026-06-06,Simpan,2865000.0,Lainnya
TRX-0001193,KDMP-00064,2026-07-24,Pembelian,2077000.0,Logistik
TRX-0001194,KDMP-00064,2026-07-25,Penjualan,1378000.0,Saprotan
TRX-0001195,KDMP-00064,2026-07-04,Simpan,562000.0,Logistik
TRX-0001196,KDMP-00064,2026-08-01,Pinjam,925000.0,Sembako
TRX-0001197,KDMP-00064,2026-08-12,Pinjam,582000.0,Logistik
TRX-0001198,KDMP-00064,2026-08-07,Pembelian,1274000.0,Logistik
TRX-0001199,KDMP-00064,2026-08-05,Penjualan,491000.0,Simpan Pinjam
TRX-0001200,KDMP-00064,2026-08-12,Pinjam,1232000.0,Logistik
TRX-0001201,KDMP-00065,2026-03-08,Pinjam,655000.0,Simpan Pinjam
TRX-0001202,KDMP-00065,2026-03-09,Pembelian,587000.0,Simpan Pinjam
TRX-0001203,KDMP-00065,2026-04-10,Penjualan,266000.0,Lainnya
TRX-0001204,KDMP-00065,2026-04-06,Penjualan,832000.0,Sembako
TRX-0001205,KDMP-00065,2026-04-05,Pinjam,776000.0,Saprotan
TRX-0001206,KDMP-00065,2026-04-23,Penjualan,334000.0,Lainnya
TRX-0001207,KDMP-00065,2026-05-26,Penjualan,683000.0,Logistik
TRX-0001208,KDMP-00065,2026-06-01,Penjualan,170000.0,Logistik
TRX-0001209,KDMP-00065,2026-06-30,Pembelian,652000.0,Saprotan
TRX-0001210,KDMP-00065,2026-06-07,Penjualan,747000.0,Sembako
TRX-0001211,KDMP-00065,2026-07-07,Penjualan,291000.0,Simpan Pinjam
TRX-0001212,KDMP-00065,2026-08-11,Pembelian,536000.0,Simpan Pinjam
TRX-0001213,KDMP-00066,2026-03-11,Simpan,84000.0,Lainnya
TRX-0001214,KDMP-00066,2026-04-18,Pinjam,125000.0,Logistik
TRX-0001215,KDMP-00066,2026-04-07,Penjualan,96000.0,Saprotan
TRX-0001216,KDMP-00066,2026-06-07,Pinjam,44000.0,Simpan Pinjam
TRX-0001217,KDMP-00066,2026-08-04,Pinjam,42000.0,Saprotan
TRX-0001218,KDMP-00067,2026-03-04,Pembelian,2299000.0,Saprotan
TRX-0001219,KDMP-00067,2026-03-20,Simpan,2251000.0,Logistik
TRX-0001220,KDMP-00067,2026-03-25,Pembelian,1682000.0,Saprotan
TRX-0001221,KDMP-00067,2026-03-25,Simpan,666000.0,Logistik
TRX-0001222,KDMP-00067,2026-03-01,Pinjam,448000.0,Logistik
TRX-0001223,KDMP-00067,2026-04-23,Penjualan,1406000.0,Simpan Pinjam
TRX-0001224,KDMP-00067,2026-04-25,Penjualan,374000.0,Saprotan
TRX-0001225,KDMP-00067,2026-04-14,Pembelian,835000.0,Lainnya
TRX-0001226,KDMP-00067,2026-04-05,Simpan,499000.0,Logistik
TRX-0001227,KDMP-00067,2026-05-21,Penjualan,1189000.0,Simpan Pinjam
TRX-0001228,KDMP-00067,2026-05-20,Pinjam,2420000.0,Saprotan
TRX-0001229,KDMP-00067,2026-05-11,Penjualan,647000.0,Lainnya
TRX-0001230,KDMP-00067,2026-06-10,Penjualan,2313000.0,Simpan Pinjam
TRX-0001231,KDMP-00067,2026-06-11,Simpan,2886000.0,Simpan Pinjam
TRX-0001232,KDMP-00067,2026-06-02,Pembelian,1037000.0,Simpan Pinjam
TRX-0001233,KDMP-00067,2026-06-13,Simpan,2197000.0,Simpan Pinjam
TRX-0001234,KDMP-00067,2026-06-01,Penjualan,1720000.0,Logistik
TRX-0001235,KDMP-00067,2026-06-07,Penjualan,646000.0,Simpan Pinjam
TRX-0001236,KDMP-00067,2026-07-19,Pembelian,809000.0,Simpan Pinjam
TRX-0001237,KDMP-00067,2026-07-14,Pinjam,2179000.0,Saprotan
TRX-0001238,KDMP-00067,2026-07-07,Pembelian,1048000.0,Logistik
TRX-0001239,KDMP-00067,2026-07-08,Simpan,1088000.0,Saprotan
TRX-0001240,KDMP-00067,2026-07-31,Pembelian,2406000.0,Saprotan
TRX-0001241,KDMP-00067,2026-08-06,Pinjam,822000.0,Logistik
TRX-0001242,KDMP-00067,2026-08-08,Pinjam,1131000.0,Lainnya
TRX-0001243,KDMP-00067,2026-08-07,Pembelian,2684000.0,Logistik
TRX-0001244,KDMP-00067,2026-08-07,Pinjam,611000.0,Sembako
TRX-0001245,KDMP-00067,2026-08-05,Pembelian,3210000.0,Lainnya
TRX-0001246,KDMP-00067,2026-08-05,Pinjam,3097000.0,Logistik
TRX-0001247,KDMP-00067,2026-08-05,Pinjam,1617000.0,Lainnya
TRX-0001248,KDMP-00067,2026-08-02,Simpan,2672000.0,Simpan Pinjam
TRX-0001249,KDMP-00068,2026-03-07,Penjualan,615000.0,Sembako
TRX-0001250,KDMP-00068,2026-03-24,Simpan,2024000.0,Logistik
TRX-0001251,KDMP-00068,2026-03-14,Pinjam,1113000.0,Saprotan
TRX-0001252,KDMP-00068,2026-04-19,Penjualan,1636000.0,Logistik
TRX-0001253,KDMP-00068,2026-04-30,Penjualan,2138000.0,Logistik
TRX-0001254,KDMP-00068,2026-04-06,Pembelian,2235000.0,Logistik
TRX-0001255,KDMP-00068,2026-04-25,Simpan,2286000.0,Lainnya
TRX-0001256,KDMP-00068,2026-05-21,Pinjam,2162000.0,Logistik
TRX-0001257,KDMP-00068,2026-05-08,Pinjam,2261000.0,Sembako
TRX-0001258,KDMP-00068,2026-05-12,Penjualan,2734000.0,Simpan Pinjam
TRX-0001259,KDMP-00068,2026-05-15,Pembelian,1055000.0,Saprotan
TRX-0001260,KDMP-00068,2026-05-19,Pembelian,1020000.0,Sembako
TRX-0001261,KDMP-00068,2026-06-30,Pinjam,1874000.0,Logistik
TRX-0001262,KDMP-00068,2026-06-29,Penjualan,2018000.0,Lainnya
TRX-0001263,KDMP-00068,2026-06-29,Pinjam,2497000.0,Simpan Pinjam
TRX-0001264,KDMP-00068,2026-07-17,Pinjam,2706000.0,Lainnya
TRX-0001265,KDMP-00068,2026-07-14,Penjualan,1478000.0,Sembako
TRX-0001266,KDMP-00068,2026-07-25,Simpan,2528000.0,Simpan Pinjam
TRX-0001267,KDMP-00068,2026-07-07,Pinjam,1353000.0,Saprotan
TRX-0001268,KDMP-00068,2026-07-06,Pinjam,513000.0,Sembako
TRX-0001269,KDMP-00068,2026-07-25,Pinjam,802000.0,Lainnya
TRX-0001270,KDMP-00068,2026-08-03,Pembelian,2743000.0,Saprotan
TRX-0001271,KDMP-00068,2026-08-03,Pembelian,1052000.0,Logistik
TRX-0001272,KDMP-00068,2026-08-02,Pinjam,1039000.0,Lainnya
TRX-0001273,KDMP-00068,2026-08-03,Pembelian,2995000.0,Sembako
TRX-0001274,KDMP-00068,2026-08-13,Pembelian,2795000.0,Saprotan
TRX-0001275,KDMP-00068,2026-08-07,Pinjam,3516000.0,Lainnya
TRX-0001276,KDMP-00069,2026-05-01,Pembelian,67000.0,Logistik
TRX-0001277,KDMP-00069,2026-07-01,Penjualan,235000.0,Sembako
TRX-0001278,KDMP-00070,2026-03-25,Simpan,1011000.0,Logistik
TRX-0001279,KDMP-00070,2026-03-11,Pinjam,574000.0,Saprotan
TRX-0001280,KDMP-00070,2026-03-29,Simpan,486000.0,Saprotan
TRX-0001281,KDMP-00070,2026-04-13,Penjualan,760000.0,Saprotan
TRX-0001282,KDMP-00070,2026-04-26,Penjualan,943000.0,Sembako
TRX-0001283,KDMP-00070,2026-04-23,Pinjam,577000.0,Simpan Pinjam
TRX-0001284,KDMP-00070,2026-05-09,Pembelian,660000.0,Saprotan
TRX-0001285,KDMP-00070,2026-05-22,Pinjam,403000.0,Lainnya
TRX-0001286,KDMP-00070,2026-06-21,Simpan,126000.0,Sembako
TRX-0001287,KDMP-00070,2026-06-28,Penjualan,518000.0,Saprotan
TRX-0001288,KDMP-00070,2026-07-13,Penjualan,472000.0,Saprotan
TRX-0001289,KDMP-00070,2026-07-30,Pinjam,367000.0,Sembako
TRX-0001290,KDMP-00070,2026-08-12,Pembelian,408000.0,Lainnya
TRX-0001291,KDMP-00070,2026-08-13,Penjualan,544000.0,Simpan Pinjam
TRX-0001292,KDMP-00071,2026-03-22,Pinjam,1396000.0,Simpan Pinjam
TRX-0001293,KDMP-00071,2026-03-31,Penjualan,3220000.0,Logistik
TRX-0001294,KDMP-00071,2026-03-08,Pembelian,2503000.0,Simpan Pinjam
TRX-0001295,KDMP-00071,2026-03-31,Penjualan,994000.0,Sembako
TRX-0001296,KDMP-00071,2026-04-30,Simpan,857000.0,Logistik
TRX-0001297,KDMP-00071,2026-04-08,Simpan,2510000.0,Logistik
TRX-0001298,KDMP-00071,2026-04-22,Penjualan,3015000.0,Simpan Pinjam
TRX-0001299,KDMP-00071,2026-05-23,Simpan,687000.0,Simpan Pinjam
TRX-0001300,KDMP-00071,2026-05-25,Penjualan,3053000.0,Saprotan
TRX-0001301,KDMP-00071,2026-05-23,Pinjam,1493000.0,Lainnya
TRX-0001302,KDMP-00071,2026-05-14,Pembelian,3150000.0,Simpan Pinjam
TRX-0001303,KDMP-00071,2026-05-10,Penjualan,1161000.0,Sembako
TRX-0001304,KDMP-00071,2026-05-24,Pembelian,683000.0,Sembako
TRX-0001305,KDMP-00071,2026-06-13,Penjualan,686000.0,Saprotan
TRX-0001306,KDMP-00071,2026-06-18,Pembelian,171000.0,Logistik
TRX-0001307,KDMP-00071,2026-07-26,Pembelian,617000.0,Lainnya
TRX-0001308,KDMP-00071,2026-07-19,Pembelian,548000.0,Sembako
TRX-0001309,KDMP-00071,2026-08-06,Pembelian,482000.0,Saprotan
TRX-0001310,KDMP-00071,2026-08-08,Pinjam,475000.0,Simpan Pinjam
TRX-0001311,KDMP-00072,2026-03-28,Penjualan,732000.0,Lainnya
TRX-0001312,KDMP-00072,2026-03-17,Penjualan,402000.0,Saprotan
TRX-0001313,KDMP-00072,2026-04-27,Pembelian,585000.0,Logistik
TRX-0001314,KDMP-00072,2026-04-13,Penjualan,424000.0,Saprotan
TRX-0001315,KDMP-00072,2026-04-23,Pembelian,304000.0,Simpan Pinjam
TRX-0001316,KDMP-00072,2026-04-02,Pembelian,776000.0,Logistik
TRX-0001317,KDMP-00072,2026-05-22,Pembelian,949000.0,Sembako
TRX-0001318,KDMP-00072,2026-05-11,Pinjam,599000.0,Logistik
TRX-0001319,KDMP-00072,2026-06-17,Simpan,509000.0,Saprotan
TRX-0001320,KDMP-00072,2026-06-07,Pinjam,771000.0,Sembako
TRX-0001321,KDMP-00072,2026-06-25,Penjualan,285000.0,Saprotan
TRX-0001322,KDMP-00072,2026-07-15,Pinjam,575000.0,Saprotan
TRX-0001323,KDMP-00072,2026-07-07,Pembelian,812000.0,Simpan Pinjam
TRX-0001324,KDMP-00072,2026-08-10,Penjualan,451000.0,Simpan Pinjam
TRX-0001325,KDMP-00072,2026-08-07,Pembelian,463000.0,Sembako
TRX-0001326,KDMP-00073,2026-03-02,Penjualan,250000.0,Lainnya
TRX-0001327,KDMP-00073,2026-03-19,Pinjam,560000.0,Simpan Pinjam
TRX-0001328,KDMP-00073,2026-04-04,Pembelian,346000.0,Logistik
TRX-0001329,KDMP-00073,2026-04-23,Pembelian,536000.0,Logistik
TRX-0001330,KDMP-00073,2026-04-26,Penjualan,760000.0,Logistik
TRX-0001331,KDMP-00073,2026-05-21,Pinjam,484000.0,Saprotan
TRX-0001332,KDMP-00073,2026-05-04,Penjualan,176000.0,Sembako
TRX-0001333,KDMP-00073,2026-05-22,Pembelian,573000.0,Sembako
TRX-0001334,KDMP-00073,2026-05-19,Pinjam,655000.0,Saprotan
TRX-0001335,KDMP-00073,2026-06-06,Pinjam,789000.0,Logistik
TRX-0001336,KDMP-00073,2026-06-23,Pinjam,952000.0,Saprotan
TRX-0001337,KDMP-00073,2026-07-23,Pembelian,402000.0,Logistik
TRX-0001338,KDMP-00073,2026-07-01,Pinjam,776000.0,Lainnya
TRX-0001339,KDMP-00073,2026-08-09,Penjualan,566000.0,Simpan Pinjam
TRX-0001340,KDMP-00073,2026-08-02,Pembelian,958000.0,Lainnya
TRX-0001341,KDMP-00073,2026-08-01,Pinjam,735000.0,Saprotan
TRX-0001342,KDMP-00074,2026-03-21,Pembelian,371000.0,Sembako
TRX-0001343,KDMP-00074,2026-04-04,Simpan,178000.0,Saprotan
TRX-0001344,KDMP-00074,2026-05-31,Penjualan,490000.0,Simpan Pinjam
TRX-0001345,KDMP-00074,2026-05-31,Simpan,394000.0,Lainnya
TRX-0001346,KDMP-00074,2026-06-11,Simpan,519000.0,Lainnya
TRX-0001347,KDMP-00074,2026-06-07,Penjualan,555000.0,Sembako
TRX-0001348,KDMP-00074,2026-06-07,Pembelian,329000.0,Saprotan
TRX-0001349,KDMP-00074,2026-07-20,Pembelian,1076000.0,Lainnya
TRX-0001350,KDMP-00074,2026-07-05,Pinjam,520000.0,Sembako
TRX-0001351,KDMP-00074,2026-07-09,Pinjam,697000.0,Simpan Pinjam
TRX-0001352,KDMP-00074,2026-08-11,Pinjam,1016000.0,Simpan Pinjam
TRX-0001353,KDMP-00074,2026-08-02,Simpan,653000.0,Simpan Pinjam
TRX-0001354,KDMP-00075,2026-03-27,Pembelian,493000.0,Logistik
TRX-0001355,KDMP-00075,2026-03-11,Pinjam,587000.0,Logistik
TRX-0001356,KDMP-00075,2026-04-09,Penjualan,236000.0,Lainnya
TRX-0001357,KDMP-00075,2026-04-18,Pinjam,164000.0,Sembako
TRX-0001358,KDMP-00075,2026-05-11,Simpan,368000.0,Simpan Pinjam
TRX-0001359,KDMP-00075,2026-05-08,Simpan,700000.0,Sembako
TRX-0001360,KDMP-00075,2026-06-04,Penjualan,389000.0,Simpan Pinjam
TRX-0001361,KDMP-00075,2026-06-29,Simpan,489000.0,Lainnya
TRX-0001362,KDMP-00075,2026-07-12,Simpan,272000.0,Lainnya
TRX-0001363,KDMP-00075,2026-07-04,Penjualan,434000.0,Simpan Pinjam
TRX-0001364,KDMP-00075,2026-07-25,Pinjam,477000.0,Simpan Pinjam
TRX-0001365,KDMP-00075,2026-08-09,Pinjam,1019000.0,Logistik
TRX-0001366,KDMP-00075,2026-08-05,Penjualan,691000.0,Lainnya
TRX-0001367,KDMP-00075,2026-08-11,Pembelian,797000.0,Simpan Pinjam
TRX-0001368,KDMP-00075,2026-08-12,Simpan,505000.0,Sembako
TRX-0001369,KDMP-00076,2026-03-08,Pinjam,2521000.0,Logistik
TRX-0001370,KDMP-00076,2026-03-12,Pinjam,986000.0,Lainnya
TRX-0001371,KDMP-00076,2026-03-31,Pinjam,1290000.0,Lainnya
TRX-0001372,KDMP-00076,2026-03-29,Pembelian,3206000.0,Saprotan
TRX-0001373,KDMP-00076,2026-03-03,Simpan,2310000.0,Logistik
TRX-0001374,KDMP-00076,2026-03-28,Penjualan,2705000.0,Sembako
TRX-0001375,KDMP-00076,2026-04-06,Penjualan,2494000.0,Sembako
TRX-0001376,KDMP-00076,2026-04-18,Pinjam,2037000.0,Sembako
TRX-0001377,KDMP-00076,2026-04-14,Pembelian,2533000.0,Logistik
TRX-0001378,KDMP-00076,2026-04-22,Penjualan,1479000.0,Logistik
TRX-0001379,KDMP-00076,2026-05-24,Penjualan,2365000.0,Logistik
TRX-0001380,KDMP-00076,2026-05-24,Simpan,1902000.0,Simpan Pinjam
TRX-0001381,KDMP-00076,2026-05-22,Penjualan,2550000.0,Lainnya
TRX-0001382,KDMP-00076,2026-05-06,Pembelian,1338000.0,Simpan Pinjam
TRX-0001383,KDMP-00076,2026-06-02,Pinjam,1514000.0,Logistik
TRX-0001384,KDMP-00076,2026-06-12,Penjualan,1209000.0,Saprotan
TRX-0001385,KDMP-00076,2026-06-08,Penjualan,2423000.0,Saprotan
TRX-0001386,KDMP-00076,2026-07-01,Pinjam,1023000.0,Simpan Pinjam
TRX-0001387,KDMP-00076,2026-07-30,Penjualan,2631000.0,Logistik
TRX-0001388,KDMP-00076,2026-07-28,Pinjam,2557000.0,Sembako
TRX-0001389,KDMP-00076,2026-07-20,Pinjam,1245000.0,Saprotan
TRX-0001390,KDMP-00076,2026-07-04,Penjualan,1105000.0,Saprotan
TRX-0001391,KDMP-00076,2026-08-01,Penjualan,1615000.0,Logistik
TRX-0001392,KDMP-00076,2026-08-02,Pembelian,1876000.0,Logistik
TRX-0001393,KDMP-00076,2026-08-08,Penjualan,807000.0,Simpan Pinjam
TRX-0001394,KDMP-00076,2026-08-05,Pembelian,2682000.0,Logistik
TRX-0001395,KDMP-00076,2026-08-05,Simpan,1595000.0,Logistik
TRX-0001396,KDMP-00077,2026-03-15,Pinjam,549000.0,Simpan Pinjam
TRX-0001397,KDMP-00077,2026-03-24,Pinjam,615000.0,Sembako
TRX-0001398,KDMP-00077,2026-03-28,Pembelian,1074000.0,Sembako
TRX-0001399,KDMP-00077,2026-03-02,Pembelian,719000.0,Logistik
TRX-0001400,KDMP-00077,2026-04-06,Pembelian,2196000.0,Logistik
TRX-0001401,KDMP-00077,2026-04-09,Penjualan,2318000.0,Logistik
TRX-0001402,KDMP-00077,2026-04-16,Pembelian,1338000.0,Saprotan
TRX-0001403,KDMP-00077,2026-04-25,Pinjam,1884000.0,Lainnya
TRX-0001404,KDMP-00077,2026-05-31,Penjualan,729000.0,Sembako
TRX-0001405,KDMP-00077,2026-05-12,Penjualan,715000.0,Simpan Pinjam
TRX-0001406,KDMP-00077,2026-05-27,Simpan,526000.0,Logistik
TRX-0001407,KDMP-00077,2026-05-24,Penjualan,2887000.0,Logistik
TRX-0001408,KDMP-00077,2026-05-10,Pinjam,1619000.0,Sembako
TRX-0001409,KDMP-00077,2026-06-24,Pembelian,2206000.0,Simpan Pinjam
TRX-0001410,KDMP-00077,2026-06-04,Simpan,1244000.0,Simpan Pinjam
TRX-0001411,KDMP-00077,2026-06-14,Pembelian,2345000.0,Logistik
TRX-0001412,KDMP-00077,2026-06-26,Penjualan,2460000.0,Lainnya
TRX-0001413,KDMP-00077,2026-06-07,Pembelian,2187000.0,Simpan Pinjam
TRX-0001414,KDMP-00077,2026-07-07,Pembelian,496000.0,Logistik
TRX-0001415,KDMP-00077,2026-07-07,Penjualan,443000.0,Sembako
TRX-0001416,KDMP-00077,2026-07-17,Simpan,1378000.0,Simpan Pinjam
TRX-0001417,KDMP-00077,2026-07-14,Pinjam,969000.0,Sembako
TRX-0001418,KDMP-00077,2026-07-21,Penjualan,1713000.0,Saprotan
TRX-0001419,KDMP-00077,2026-08-06,Pinjam,1217000.0,Simpan Pinjam
TRX-0001420,KDMP-00077,2026-08-01,Pembelian,1327000.0,Sembako
TRX-0001421,KDMP-00077,2026-08-11,Simpan,432000.0,Simpan Pinjam
TRX-0001422,KDMP-00077,2026-08-05,Penjualan,1230000.0,Logistik
TRX-0001423,KDMP-00077,2026-08-08,Simpan,949000.0,Saprotan
TRX-0001424,KDMP-00077,2026-08-02,Penjualan,1283000.0,Lainnya
TRX-0001425,KDMP-00078,2026-03-24,Simpan,310000.0,Lainnya
TRX-0001426,KDMP-00078,2026-03-12,Pembelian,426000.0,Saprotan
TRX-0001427,KDMP-00078,2026-04-04,Pembelian,161000.0,Lainnya
TRX-0001428,KDMP-00078,2026-04-19,Pembelian,180000.0,Simpan Pinjam
TRX-0001429,KDMP-00078,2026-05-18,Simpan,201000.0,Saprotan
TRX-0001430,KDMP-00078,2026-05-25,Pembelian,678000.0,Lainnya
TRX-0001431,KDMP-00078,2026-06-14,Simpan,267000.0,Lainnya
TRX-0001432,KDMP-00078,2026-06-29,Simpan,959000.0,Logistik
TRX-0001433,KDMP-00078,2026-07-03,Pinjam,969000.0,Logistik
TRX-0001434,KDMP-00078,2026-07-31,Penjualan,632000.0,Simpan Pinjam
TRX-0001435,KDMP-00078,2026-08-10,Penjualan,461000.0,Simpan Pinjam
TRX-0001436,KDMP-00078,2026-08-07,Pinjam,886000.0,Lainnya
TRX-0001437,KDMP-00078,2026-08-02,Pembelian,1008000.0,Logistik
TRX-0001438,KDMP-00079,2026-03-13,Pinjam,235000.0,Lainnya
TRX-0001439,KDMP-00079,2026-05-23,Penjualan,98000.0,Lainnya
TRX-0001440,KDMP-00079,2026-06-28,Pembelian,126000.0,Saprotan
TRX-0001441,KDMP-00079,2026-07-08,Penjualan,91000.0,Lainnya
TRX-0001442,KDMP-00080,2026-03-09,Penjualan,881000.0,Simpan Pinjam
TRX-0001443,KDMP-00080,2026-03-07,Penjualan,930000.0,Sembako
TRX-0001444,KDMP-00080,2026-04-12,Simpan,631000.0,Sembako
TRX-0001445,KDMP-00080,2026-04-29,Simpan,898000.0,Simpan Pinjam
TRX-0001446,KDMP-00080,2026-04-20,Simpan,477000.0,Saprotan
TRX-0001447,KDMP-00080,2026-05-27,Simpan,873000.0,Simpan Pinjam
TRX-0001448,KDMP-00080,2026-05-09,Pembelian,799000.0,Saprotan
TRX-0001449,KDMP-00080,2026-05-18,Penjualan,1007000.0,Logistik
TRX-0001450,KDMP-00080,2026-05-09,Pembelian,984000.0,Logistik
TRX-0001451,KDMP-00080,2026-06-21,Pinjam,278000.0,Simpan Pinjam
TRX-0001452,KDMP-00080,2026-06-24,Pinjam,444000.0,Saprotan
TRX-0001453,KDMP-00080,2026-07-06,Pinjam,197000.0,Simpan Pinjam
TRX-0001454,KDMP-00080,2026-07-06,Pembelian,681000.0,Lainnya
TRX-0001455,KDMP-00080,2026-07-24,Pembelian,463000.0,Saprotan
TRX-0001456,KDMP-00080,2026-08-07,Pembelian,697000.0,Sembako
TRX-0001457,KDMP-00080,2026-08-07,Pembelian,221000.0,Logistik
TRX-0001458,KDMP-00081,2026-03-17,Pembelian,90000.0,Sembako
TRX-0001459,KDMP-00081,2026-04-04,Penjualan,170000.0,Sembako
TRX-0001460,KDMP-00081,2026-06-01,Penjualan,50000.0,Lainnya
TRX-0001461,KDMP-00081,2026-07-03,Pembelian,327000.0,Simpan Pinjam
TRX-0001462,KDMP-00081,2026-08-03,Simpan,316000.0,Saprotan
TRX-0001463,KDMP-00082,2026-07-29,Pinjam,80000.0,Simpan Pinjam
TRX-0001464,KDMP-00082,2026-08-07,Pinjam,59000.0,Simpan Pinjam
TRX-0001465,KDMP-00083,2026-03-29,Pinjam,360000.0,Sembako
TRX-0001466,KDMP-00083,2026-03-04,Pembelian,585000.0,Sembako
TRX-0001467,KDMP-00083,2026-03-10,Simpan,978000.0,Sembako
TRX-0001468,KDMP-00083,2026-04-30,Penjualan,465000.0,Sembako
TRX-0001469,KDMP-00083,2026-04-06,Pinjam,668000.0,Lainnya
TRX-0001470,KDMP-00083,2026-05-05,Simpan,602000.0,Lainnya
TRX-0001471,KDMP-00083,2026-05-12,Penjualan,696000.0,Saprotan
TRX-0001472,KDMP-00083,2026-06-09,Penjualan,408000.0,Sembako
TRX-0001473,KDMP-00083,2026-06-05,Pembelian,761000.0,Saprotan
TRX-0001474,KDMP-00083,2026-06-15,Pinjam,249000.0,Sembako
TRX-0001475,KDMP-00083,2026-07-09,Pembelian,569000.0,Sembako
TRX-0001476,KDMP-00083,2026-07-05,Pembelian,257000.0,Logistik
TRX-0001477,KDMP-00083,2026-08-12,Pinjam,282000.0,Lainnya
TRX-0001478,KDMP-00083,2026-08-06,Pembelian,449000.0,Simpan Pinjam
TRX-0001479,KDMP-00084,2026-03-16,Pembelian,1738000.0,Logistik
TRX-0001480,KDMP-00084,2026-03-23,Pinjam,596000.0,Lainnya
TRX-0001481,KDMP-00084,2026-03-23,Pembelian,1836000.0,Sembako
TRX-0001482,KDMP-00084,2026-03-01,Pembelian,976000.0,Sembako
TRX-0001483,KDMP-00084,2026-03-16,Pembelian,1295000.0,Sembako
TRX-0001484,KDMP-00084,2026-03-12,Simpan,535000.0,Simpan Pinjam
TRX-0001485,KDMP-00084,2026-04-18,Pinjam,2413000.0,Simpan Pinjam
TRX-0001486,KDMP-00084,2026-04-08,Penjualan,890000.0,Simpan Pinjam
TRX-0001487,KDMP-00084,2026-04-23,Pembelian,661000.0,Logistik
TRX-0001488,KDMP-00084,2026-04-23,Pinjam,2164000.0,Saprotan
TRX-0001489,KDMP-00084,2026-05-03,Pinjam,1839000.0,Lainnya
TRX-0001490,KDMP-00084,2026-05-01,Pembelian,2307000.0,Saprotan
TRX-0001491,KDMP-00084,2026-05-08,Penjualan,665000.0,Sembako
TRX-0001492,KDMP-00084,2026-06-06,Pinjam,97000.0,Simpan Pinjam
TRX-0001493,KDMP-00084,2026-07-24,Simpan,205000.0,Logistik
TRX-0001494,KDMP-00085,2026-03-21,Penjualan,183000.0,Lainnya
TRX-0001495,KDMP-00085,2026-03-17,Pembelian,668000.0,Sembako
TRX-0001496,KDMP-00085,2026-04-29,Pinjam,639000.0,Lainnya
TRX-0001497,KDMP-00085,2026-04-09,Simpan,662000.0,Simpan Pinjam
TRX-0001498,KDMP-00085,2026-04-06,Simpan,453000.0,Sembako
TRX-0001499,KDMP-00085,2026-05-13,Penjualan,712000.0,Simpan Pinjam
TRX-0001500,KDMP-00085,2026-05-27,Penjualan,447000.0,Logistik
TRX-0001501,KDMP-00085,2026-06-27,Pinjam,627000.0,Simpan Pinjam
TRX-0001502,KDMP-00085,2026-06-12,Pinjam,190000.0,Simpan Pinjam
TRX-0001503,KDMP-00085,2026-06-04,Penjualan,350000.0,Saprotan
TRX-0001504,KDMP-00085,2026-07-10,Pembelian,176000.0,Lainnya
TRX-0001505,KDMP-00085,2026-07-07,Penjualan,237000.0,Saprotan
TRX-0001506,KDMP-00085,2026-07-07,Penjualan,300000.0,Simpan Pinjam
TRX-0001507,KDMP-00085,2026-08-10,Pinjam,534000.0,Sembako
TRX-0001508,KDMP-00085,2026-08-02,Simpan,173000.0,Sembako
TRX-0001509,KDMP-00085,2026-08-13,Simpan,824000.0,Logistik
TRX-0001510,KDMP-00086,2026-03-24,Simpan,2355000.0,Simpan Pinjam
TRX-0001511,KDMP-00086,2026-03-04,Simpan,2227000.0,Logistik
TRX-0001512,KDMP-00086,2026-03-17,Penjualan,2731000.0,Lainnya
TRX-0001513,KDMP-00086,2026-03-05,Penjualan,2500000.0,Lainnya
TRX-0001514,KDMP-00086,2026-03-16,Penjualan,2470000.0,Saprotan
TRX-0001515,KDMP-00086,2026-04-21,Penjualan,543000.0,Simpan Pinjam
TRX-0001516,KDMP-00086,2026-04-26,Pembelian,2425000.0,Simpan Pinjam
TRX-0001517,KDMP-00086,2026-04-17,Simpan,2680000.0,Logistik
TRX-0001518,KDMP-00086,2026-04-11,Simpan,2194000.0,Saprotan
TRX-0001519,KDMP-00086,2026-04-14,Penjualan,1816000.0,Logistik
TRX-0001520,KDMP-00086,2026-05-19,Pinjam,2665000.0,Sembako
TRX-0001521,KDMP-00086,2026-05-05,Simpan,2297000.0,Lainnya
TRX-0001522,KDMP-00086,2026-05-26,Penjualan,2448000.0,Logistik
TRX-0001523,KDMP-00086,2026-06-10,Pembelian,244000.0,Sembako
TRX-0001524,KDMP-00086,2026-06-12,Simpan,316000.0,Sembako
TRX-0001525,KDMP-00086,2026-07-16,Simpan,299000.0,Logistik
TRX-0001526,KDMP-00086,2026-07-05,Penjualan,556000.0,Lainnya
TRX-0001527,KDMP-00086,2026-08-07,Pinjam,791000.0,Lainnya
TRX-0001528,KDMP-00086,2026-08-03,Pinjam,835000.0,Saprotan
TRX-0001529,KDMP-00087,2026-03-22,Pinjam,1625000.0,Lainnya
TRX-0001530,KDMP-00087,2026-03-29,Penjualan,1860000.0,Lainnya
TRX-0001531,KDMP-00087,2026-03-02,Pembelian,3484000.0,Lainnya
TRX-0001532,KDMP-00087,2026-03-28,Penjualan,498000.0,Saprotan
TRX-0001533,KDMP-00087,2026-03-19,Pinjam,1631000.0,Sembako
TRX-0001534,KDMP-00087,2026-03-28,Pinjam,1161000.0,Sembako
TRX-0001535,KDMP-00087,2026-04-29,Pinjam,2115000.0,Sembako
TRX-0001536,KDMP-00087,2026-04-24,Penjualan,637000.0,Logistik
TRX-0001537,KDMP-00087,2026-04-07,Pinjam,2449000.0,Saprotan
TRX-0001538,KDMP-00087,2026-04-11,Pinjam,580000.0,Simpan Pinjam
TRX-0001539,KDMP-00087,2026-04-16,Penjualan,2274000.0,Saprotan
TRX-0001540,KDMP-00087,2026-04-18,Pembelian,1616000.0,Logistik
TRX-0001541,KDMP-00087,2026-05-02,Pinjam,1057000.0,Sembako
TRX-0001542,KDMP-00087,2026-05-12,Pinjam,2432000.0,Logistik
TRX-0001543,KDMP-00087,2026-05-07,Penjualan,819000.0,Logistik
TRX-0001544,KDMP-00087,2026-05-21,Pembelian,945000.0,Sembako
TRX-0001545,KDMP-00087,2026-06-10,Pinjam,1102000.0,Logistik
TRX-0001546,KDMP-00087,2026-06-22,Simpan,1339000.0,Simpan Pinjam
TRX-0001547,KDMP-00087,2026-06-03,Pinjam,1942000.0,Saprotan
TRX-0001548,KDMP-00087,2026-06-10,Pembelian,2204000.0,Simpan Pinjam
TRX-0001549,KDMP-00087,2026-07-18,Pembelian,1167000.0,Logistik
TRX-0001550,KDMP-00087,2026-07-23,Pinjam,934000.0,Sembako
TRX-0001551,KDMP-00087,2026-07-29,Pembelian,1313000.0,Sembako
TRX-0001552,KDMP-00087,2026-07-19,Pembelian,1610000.0,Saprotan
TRX-0001553,KDMP-00087,2026-08-08,Pembelian,289000.0,Logistik
TRX-0001554,KDMP-00087,2026-08-02,Pinjam,1750000.0,Saprotan
TRX-0001555,KDMP-00087,2026-08-01,Pinjam,1159000.0,Simpan Pinjam
TRX-0001556,KDMP-00088,2026-03-04,Penjualan,1077000.0,Simpan Pinjam
TRX-0001557,KDMP-00088,2026-03-07,Pinjam,871000.0,Lainnya
TRX-0001558,KDMP-00088,2026-03-20,Pinjam,897000.0,Simpan Pinjam
TRX-0001559,KDMP-00088,2026-03-31,Pembelian,505000.0,Lainnya
TRX-0001560,KDMP-00088,2026-04-01,Simpan,925000.0,Saprotan
TRX-0001561,KDMP-00088,2026-04-28,Penjualan,640000.0,Logistik
TRX-0001562,KDMP-00088,2026-04-15,Pinjam,774000.0,Logistik
TRX-0001563,KDMP-00088,2026-05-25,Simpan,431000.0,Sembako
TRX-0001564,KDMP-00088,2026-05-15,Pinjam,775000.0,Saprotan
TRX-0001565,KDMP-00088,2026-05-20,Pembelian,259000.0,Lainnya
TRX-0001566,KDMP-00088,2026-06-23,Pinjam,653000.0,Saprotan
TRX-0001567,KDMP-00088,2026-06-30,Penjualan,564000.0,Sembako
TRX-0001568,KDMP-00088,2026-07-01,Pinjam,176000.0,Sembako
TRX-0001569,KDMP-00088,2026-08-02,Pinjam,532000.0,Lainnya
TRX-0001570,KDMP-00088,2026-08-01,Simpan,369000.0,Logistik
TRX-0001571,KDMP-00089,2026-03-04,Pembelian,371000.0,Logistik
TRX-0001572,KDMP-00089,2026-03-12,Pinjam,568000.0,Logistik
TRX-0001573,KDMP-00089,2026-04-24,Pinjam,624000.0,Sembako
TRX-0001574,KDMP-00089,2026-04-26,Pembelian,787000.0,Lainnya
TRX-0001575,KDMP-00089,2026-04-29,Simpan,334000.0,Saprotan
TRX-0001576,KDMP-00089,2026-05-01,Pinjam,664000.0,Sembako
TRX-0001577,KDMP-00089,2026-05-05,Simpan,164000.0,Lainnya
TRX-0001578,KDMP-00089,2026-05-20,Simpan,775000.0,Saprotan
TRX-0001579,KDMP-00089,2026-06-08,Pinjam,822000.0,Simpan Pinjam
TRX-0001580,KDMP-00089,2026-06-13,Penjualan,563000.0,Lainnya
TRX-0001581,KDMP-00089,2026-06-21,Pinjam,434000.0,Simpan Pinjam
TRX-0001582,KDMP-00089,2026-07-14,Pembelian,585000.0,Sembako
TRX-0001583,KDMP-00089,2026-07-05,Penjualan,742000.0,Lainnya
TRX-0001584,KDMP-00089,2026-07-27,Simpan,803000.0,Lainnya
TRX-0001585,KDMP-00089,2026-08-02,Penjualan,332000.0,Logistik
TRX-0001586,KDMP-00089,2026-08-13,Pembelian,174000.0,Sembako
TRX-0001587,KDMP-00089,2026-08-09,Penjualan,672000.0,Lainnya
TRX-0001588,KDMP-00090,2026-03-21,Simpan,3366000.0,Simpan Pinjam
TRX-0001589,KDMP-00090,2026-03-29,Pembelian,1165000.0,Saprotan
TRX-0001590,KDMP-00090,2026-03-27,Pembelian,1029000.0,Logistik
TRX-0001591,KDMP-00090,2026-03-22,Penjualan,2736000.0,Saprotan
TRX-0001592,KDMP-00090,2026-03-05,Penjualan,701000.0,Lainnya
TRX-0001593,KDMP-00090,2026-04-20,Penjualan,1893000.0,Sembako
TRX-0001594,KDMP-00090,2026-04-09,Pembelian,913000.0,Sembako
TRX-0001595,KDMP-00090,2026-04-28,Simpan,714000.0,Simpan Pinjam
TRX-0001596,KDMP-00090,2026-04-16,Penjualan,1682000.0,Logistik
TRX-0001597,KDMP-00090,2026-04-21,Penjualan,702000.0,Simpan Pinjam
TRX-0001598,KDMP-00090,2026-05-21,Pinjam,2751000.0,Simpan Pinjam
TRX-0001599,KDMP-00090,2026-05-01,Pembelian,880000.0,Lainnya
TRX-0001600,KDMP-00090,2026-05-28,Penjualan,2070000.0,Sembako
TRX-0001601,KDMP-00090,2026-05-12,Pinjam,2978000.0,Lainnya
TRX-0001602,KDMP-00090,2026-05-01,Pembelian,1987000.0,Lainnya
TRX-0001603,KDMP-00090,2026-06-01,Penjualan,822000.0,Lainnya
TRX-0001604,KDMP-00090,2026-06-05,Pembelian,1578000.0,Saprotan
TRX-0001605,KDMP-00090,2026-06-07,Penjualan,637000.0,Saprotan
TRX-0001606,KDMP-00090,2026-07-31,Pembelian,1512000.0,Saprotan
TRX-0001607,KDMP-00090,2026-07-07,Penjualan,733000.0,Saprotan
TRX-0001608,KDMP-00090,2026-08-13,Pinjam,1081000.0,Logistik
TRX-0001609,KDMP-00090,2026-08-07,Pembelian,1160000.0,Saprotan
TRX-0001610,KDMP-00090,2026-08-11,Simpan,569000.0,Logistik
TRX-0001611,KDMP-00091,2026-03-26,Pembelian,399000.0,Logistik
TRX-0001612,KDMP-00091,2026-03-15,Pinjam,494000.0,Lainnya
TRX-0001613,KDMP-00091,2026-03-27,Simpan,738000.0,Lainnya
TRX-0001614,KDMP-00091,2026-04-19,Simpan,446000.0,Saprotan
TRX-0001615,KDMP-00091,2026-04-27,Penjualan,777000.0,Logistik
TRX-0001616,KDMP-00091,2026-04-02,Simpan,260000.0,Lainnya
TRX-0001617,KDMP-00091,2026-05-21,Simpan,719000.0,Logistik
TRX-0001618,KDMP-00091,2026-05-06,Simpan,161000.0,Logistik
TRX-0001619,KDMP-00091,2026-05-12,Pembelian,694000.0,Sembako
TRX-0001620,KDMP-00091,2026-06-25,Simpan,333000.0,Sembako
TRX-0001621,KDMP-00091,2026-06-23,Penjualan,122000.0,Saprotan
TRX-0001622,KDMP-00091,2026-07-29,Pembelian,505000.0,Lainnya
TRX-0001623,KDMP-00091,2026-07-10,Pembelian,135000.0,Lainnya
TRX-0001624,KDMP-00091,2026-08-10,Penjualan,207000.0,Lainnya
TRX-0001625,KDMP-00091,2026-08-07,Pinjam,473000.0,Saprotan
TRX-0001626,KDMP-00092,2026-03-26,Pinjam,326000.0,Logistik
TRX-0001627,KDMP-00092,2026-03-09,Pinjam,202000.0,Sembako
TRX-0001628,KDMP-00092,2026-04-19,Pinjam,533000.0,Simpan Pinjam
TRX-0001629,KDMP-00092,2026-04-10,Penjualan,517000.0,Lainnya
TRX-0001630,KDMP-00092,2026-05-27,Pinjam,416000.0,Sembako
TRX-0001631,KDMP-00092,2026-05-30,Penjualan,942000.0,Saprotan
TRX-0001632,KDMP-00092,2026-05-03,Pinjam,726000.0,Sembako
TRX-0001633,KDMP-00092,2026-06-09,Simpan,761000.0,Saprotan
TRX-0001634,KDMP-00092,2026-06-18,Simpan,495000.0,Logistik
TRX-0001635,KDMP-00092,2026-06-13,Simpan,670000.0,Logistik
TRX-0001636,KDMP-00092,2026-07-04,Simpan,874000.0,Lainnya
TRX-0001637,KDMP-00092,2026-07-08,Penjualan,227000.0,Sembako
TRX-0001638,KDMP-00092,2026-07-11,Pinjam,254000.0,Simpan Pinjam
TRX-0001639,KDMP-00092,2026-08-13,Simpan,625000.0,Lainnya
TRX-0001640,KDMP-00092,2026-08-12,Penjualan,804000.0,Saprotan
TRX-0001641,KDMP-00093,2026-05-26,Pinjam,206000.0,Saprotan
TRX-0001642,KDMP-00094,2026-03-22,Penjualan,259000.0,Lainnya
TRX-0001643,KDMP-00094,2026-04-16,Simpan,195000.0,Saprotan
TRX-0001644,KDMP-00094,2026-04-16,Pembelian,284000.0,Sembako
TRX-0001645,KDMP-00094,2026-05-12,Pembelian,245000.0,Simpan Pinjam
TRX-0001646,KDMP-00094,2026-06-02,Pembelian,930000.0,Sembako
TRX-0001647,KDMP-00094,2026-06-15,Pinjam,691000.0,Simpan Pinjam
TRX-0001648,KDMP-00094,2026-07-19,Simpan,305000.0,Saprotan
TRX-0001649,KDMP-00094,2026-07-21,Pembelian,679000.0,Lainnya
TRX-0001650,KDMP-00094,2026-08-06,Pinjam,277000.0,Logistik
TRX-0001651,KDMP-00094,2026-08-09,Pembelian,706000.0,Logistik
TRX-0001652,KDMP-00095,2026-03-22,Simpan,979000.0,Lainnya
TRX-0001653,KDMP-00095,2026-03-05,Pinjam,1361000.0,Sembako
TRX-0001654,KDMP-00095,2026-03-08,Penjualan,1525000.0,Logistik
TRX-0001655,KDMP-00095,2026-04-17,Pinjam,1217000.0,Saprotan
TRX-0001656,KDMP-00095,2026-04-30,Penjualan,810000.0,Saprotan
TRX-0001657,KDMP-00095,2026-05-14,Simpan,1290000.0,Sembako
TRX-0001658,KDMP-00095,2026-05-12,Penjualan,1394000.0,Sembako
TRX-0001659,KDMP-00095,2026-05-24,Pinjam,1880000.0,Simpan Pinjam
TRX-0001660,KDMP-00095,2026-05-13,Pembelian,1049000.0,Lainnya
TRX-0001661,KDMP-00095,2026-06-04,Penjualan,1663000.0,Simpan Pinjam
TRX-0001662,KDMP-00095,2026-06-08,Penjualan,2753000.0,Sembako
TRX-0001663,KDMP-00095,2026-06-19,Simpan,2595000.0,Simpan Pinjam
TRX-0001664,KDMP-00095,2026-06-04,Simpan,543000.0,Simpan Pinjam
TRX-0001665,KDMP-00095,2026-06-23,Pinjam,2564000.0,Logistik
TRX-0001666,KDMP-00095,2026-06-08,Simpan,1352000.0,Logistik
TRX-0001667,KDMP-00095,2026-07-10,Simpan,1331000.0,Sembako
TRX-0001668,KDMP-00095,2026-07-17,Pinjam,659000.0,Saprotan
TRX-0001669,KDMP-00095,2026-07-23,Pembelian,2672000.0,Simpan Pinjam
TRX-0001670,KDMP-00095,2026-07-03,Pembelian,1245000.0,Simpan Pinjam
TRX-0001671,KDMP-00095,2026-08-01,Pinjam,891000.0,Logistik
TRX-0001672,KDMP-00095,2026-08-03,Simpan,1470000.0,Sembako
TRX-0001673,KDMP-00095,2026-08-13,Penjualan,978000.0,Lainnya
TRX-0001674,KDMP-00095,2026-08-08,Penjualan,1524000.0,Logistik
TRX-0001675,KDMP-00095,2026-08-08,Penjualan,3094000.0,Sembako
TRX-0001676,KDMP-00095,2026-08-10,Simpan,2930000.0,Simpan Pinjam
TRX-0001677,KDMP-00095,2026-08-03,Pembelian,2046000.0,Sembako
TRX-0001678,KDMP-00096,2026-03-24,Simpan,118000.0,Lainnya
TRX-0001679,KDMP-00096,2026-04-15,Penjualan,96000.0,Saprotan
TRX-0001680,KDMP-00096,2026-05-25,Pinjam,275000.0,Sembako
TRX-0001681,KDMP-00096,2026-06-01,Pembelian,255000.0,Logistik
TRX-0001682,KDMP-00097,2026-03-24,Penjualan,387000.0,Simpan Pinjam
TRX-0001683,KDMP-00097,2026-03-13,Penjualan,776000.0,Saprotan
TRX-0001684,KDMP-00097,2026-04-30,Pinjam,622000.0,Lainnya
TRX-0001685,KDMP-00097,2026-04-30,Simpan,313000.0,Saprotan
TRX-0001686,KDMP-00097,2026-04-14,Simpan,493000.0,Saprotan
TRX-0001687,KDMP-00097,2026-04-19,Simpan,326000.0,Lainnya
TRX-0001688,KDMP-00097,2026-05-26,Simpan,510000.0,Saprotan
TRX-0001689,KDMP-00097,2026-05-01,Pinjam,206000.0,Simpan Pinjam
TRX-0001690,KDMP-00097,2026-05-05,Simpan,443000.0,Lainnya
TRX-0001691,KDMP-00097,2026-06-10,Penjualan,384000.0,Saprotan
TRX-0001692,KDMP-00097,2026-06-02,Pembelian,165000.0,Saprotan
TRX-0001693,KDMP-00097,2026-07-10,Penjualan,208000.0,Logistik
TRX-0001694,KDMP-00097,2026-07-27,Penjualan,455000.0,Sembako
TRX-0001695,KDMP-00097,2026-08-13,Pembelian,749000.0,Sembako
TRX-0001696,KDMP-00097,2026-08-03,Pembelian,634000.0,Logistik
TRX-0001697,KDMP-00098,2026-03-02,Pinjam,1399000.0,Saprotan
TRX-0001698,KDMP-00098,2026-03-22,Pinjam,1267000.0,Logistik
TRX-0001699,KDMP-00098,2026-03-29,Penjualan,1740000.0,Saprotan
TRX-0001700,KDMP-00098,2026-03-20,Simpan,3379000.0,Simpan Pinjam
TRX-0001701,KDMP-00098,2026-04-05,Pembelian,2717000.0,Saprotan
TRX-0001702,KDMP-00098,2026-04-18,Pembelian,821000.0,Saprotan
TRX-0001703,KDMP-00098,2026-04-10,Pinjam,1301000.0,Lainnya
TRX-0001704,KDMP-00098,2026-04-26,Pinjam,956000.0,Sembako
TRX-0001705,KDMP-00098,2026-04-15,Simpan,829000.0,Lainnya
TRX-0001706,KDMP-00098,2026-05-14,Pinjam,1756000.0,Logistik
TRX-0001707,KDMP-00098,2026-05-15,Penjualan,3147000.0,Lainnya
TRX-0001708,KDMP-00098,2026-05-25,Pinjam,509000.0,Sembako
TRX-0001709,KDMP-00098,2026-05-20,Simpan,2567000.0,Simpan Pinjam
TRX-0001710,KDMP-00098,2026-05-12,Pembelian,2072000.0,Lainnya
TRX-0001711,KDMP-00098,2026-05-19,Simpan,1967000.0,Sembako
TRX-0001712,KDMP-00098,2026-06-22,Penjualan,666000.0,Logistik
TRX-0001713,KDMP-00098,2026-06-28,Pinjam,2287000.0,Sembako
TRX-0001714,KDMP-00098,2026-06-09,Penjualan,567000.0,Saprotan
TRX-0001715,KDMP-00098,2026-06-27,Simpan,1780000.0,Lainnya
TRX-0001716,KDMP-00098,2026-06-11,Penjualan,1512000.0,Sembako
TRX-0001717,KDMP-00098,2026-07-17,Pembelian,1765000.0,Lainnya
TRX-0001718,KDMP-00098,2026-07-16,Pembelian,1845000.0,Simpan Pinjam
TRX-0001719,KDMP-00098,2026-07-21,Pembelian,2164000.0,Saprotan
TRX-0001720,KDMP-00098,2026-08-10,Pembelian,1632000.0,Sembako
TRX-0001721,KDMP-00098,2026-08-03,Penjualan,376000.0,Lainnya
TRX-0001722,KDMP-00099,2026-03-01,Pinjam,200000.0,Logistik
TRX-0001723,KDMP-00099,2026-03-04,Simpan,169000.0,Logistik
TRX-0001724,KDMP-00099,2026-04-27,Simpan,761000.0,Lainnya
TRX-0001725,KDMP-00099,2026-04-28,Penjualan,658000.0,Logistik
TRX-0001726,KDMP-00099,2026-05-27,Pembelian,258000.0,Simpan Pinjam
TRX-0001727,KDMP-00099,2026-06-16,Simpan,301000.0,Saprotan
TRX-0001728,KDMP-00099,2026-06-19,Pinjam,653000.0,Saprotan
TRX-0001729,KDMP-00099,2026-06-13,Pinjam,653000.0,Sembako
TRX-0001730,KDMP-00099,2026-07-10,Pinjam,258000.0,Sembako
TRX-0001731,KDMP-00099,2026-07-01,Simpan,567000.0,Sembako
TRX-0001732,KDMP-00099,2026-07-29,Pinjam,627000.0,Sembako
TRX-0001733,KDMP-00099,2026-08-08,Pinjam,979000.0,Saprotan
TRX-0001734,KDMP-00099,2026-08-03,Simpan,176000.0,Lainnya
TRX-0001735,KDMP-00099,2026-08-09,Pembelian,889000.0,Saprotan
TRX-0001736,KDMP-00100,2026-03-03,Pembelian,135000.0,Simpan Pinjam
TRX-0001737,KDMP-00100,2026-04-23,Pembelian,119000.0,Saprotan
TRX-0001738,KDMP-00100,2026-05-03,Pinjam,327000.0,Logistik
TRX-0001739,KDMP-00100,2026-06-19,Simpan,288000.0,Simpan Pinjam
TRX-0001740,KDMP-00100,2026-06-19,Simpan,301000.0,Lainnya
TRX-0001741,KDMP-00100,2026-07-01,Pembelian,81000.0,Simpan Pinjam
TRX-0001742,KDMP-00101,2026-03-08,Pembelian,174000.0,Sembako
TRX-0001743,KDMP-00101,2026-05-14,Penjualan,284000.0,Sembako
TRX-0001744,KDMP-00101,2026-06-24,Penjualan,437000.0,Logistik
TRX-0001745,KDMP-00101,2026-06-20,Penjualan,2095000.0,Simpan Pinjam
TRX-0001746,KDMP-00101,2026-06-23,Pinjam,1085000.0,Logistik
TRX-0001747,KDMP-00101,2026-07-16,Pinjam,599000.0,Saprotan
TRX-0001748,KDMP-00101,2026-07-24,Pembelian,650000.0,Logistik
TRX-0001749,KDMP-00101,2026-07-26,Pembelian,1657000.0,Sembako
TRX-0001750,KDMP-00101,2026-08-13,Pembelian,600000.0,Sembako
TRX-0001751,KDMP-00101,2026-08-07,Penjualan,862000.0,Saprotan
TRX-0001752,KDMP-00102,2026-03-07,Pembelian,356000.0,Lainnya
TRX-0001753,KDMP-00102,2026-03-17,Simpan,503000.0,Saprotan
TRX-0001754,KDMP-00102,2026-04-26,Penjualan,671000.0,Logistik
TRX-0001755,KDMP-00102,2026-04-13,Penjualan,400000.0,Lainnya
TRX-0001756,KDMP-00102,2026-04-26,Simpan,177000.0,Sembako
TRX-0001757,KDMP-00102,2026-05-18,Simpan,154000.0,Sembako
TRX-0001758,KDMP-00102,2026-05-31,Simpan,259000.0,Saprotan
TRX-0001759,KDMP-00102,2026-06-28,Pembelian,198000.0,Saprotan
TRX-0001760,KDMP-00102,2026-06-19,Pembelian,203000.0,Lainnya
TRX-0001761,KDMP-00102,2026-07-20,Penjualan,486000.0,Lainnya
TRX-0001762,KDMP-00102,2026-07-04,Pinjam,852000.0,Saprotan
TRX-0001763,KDMP-00102,2026-07-02,Simpan,810000.0,Logistik
TRX-0001764,KDMP-00102,2026-07-11,Penjualan,437000.0,Simpan Pinjam
TRX-0001765,KDMP-00102,2026-08-11,Penjualan,937000.0,Simpan Pinjam
TRX-0001766,KDMP-00102,2026-08-13,Penjualan,578000.0,Saprotan
TRX-0001767,KDMP-00102,2026-08-07,Penjualan,985000.0,Lainnya
TRX-0001768,KDMP-00103,2026-03-02,Penjualan,1096000.0,Sembako
TRX-0001769,KDMP-00103,2026-03-08,Simpan,1680000.0,Logistik
TRX-0001770,KDMP-00103,2026-03-26,Pembelian,1631000.0,Sembako
TRX-0001771,KDMP-00103,2026-03-01,Pembelian,2803000.0,Lainnya
TRX-0001772,KDMP-00103,2026-04-24,Penjualan,2244000.0,Lainnya
TRX-0001773,KDMP-00103,2026-04-13,Pinjam,1707000.0,Simpan Pinjam
TRX-0001774,KDMP-00103,2026-04-14,Pembelian,1566000.0,Sembako
TRX-0001775,KDMP-00103,2026-04-29,Simpan,1589000.0,Saprotan
TRX-0001776,KDMP-00103,2026-04-14,Penjualan,933000.0,Simpan Pinjam
TRX-0001777,KDMP-00103,2026-04-19,Penjualan,1036000.0,Simpan Pinjam
TRX-0001778,KDMP-00103,2026-05-01,Pembelian,2899000.0,Sembako
TRX-0001779,KDMP-00103,2026-05-05,Pinjam,584000.0,Simpan Pinjam
TRX-0001780,KDMP-00103,2026-05-11,Simpan,1105000.0,Lainnya
TRX-0001781,KDMP-00103,2026-06-05,Pinjam,3134000.0,Logistik
TRX-0001782,KDMP-00103,2026-06-22,Penjualan,2208000.0,Sembako
TRX-0001783,KDMP-00103,2026-06-18,Pembelian,1099000.0,Logistik
TRX-0001784,KDMP-00103,2026-06-27,Simpan,2338000.0,Simpan Pinjam
TRX-0001785,KDMP-00103,2026-06-10,Simpan,1626000.0,Lainnya
TRX-0001786,KDMP-00103,2026-07-09,Simpan,1660000.0,Lainnya
TRX-0001787,KDMP-00103,2026-07-02,Simpan,1603000.0,Logistik
TRX-0001788,KDMP-00103,2026-07-20,Pinjam,2095000.0,Saprotan
TRX-0001789,KDMP-00103,2026-07-30,Pembelian,566000.0,Lainnya
TRX-0001790,KDMP-00103,2026-08-12,Pembelian,661000.0,Sembako
TRX-0001791,KDMP-00103,2026-08-12,Pinjam,2705000.0,Logistik
TRX-0001792,KDMP-00103,2026-08-01,Pinjam,2645000.0,Sembako
TRX-0001793,KDMP-00103,2026-08-10,Pinjam,1014000.0,Saprotan
TRX-0001794,KDMP-00104,2026-04-01,Pinjam,118000.0,Logistik
TRX-0001795,KDMP-00104,2026-07-10,Penjualan,77000.0,Lainnya
TRX-0001796,KDMP-00104,2026-07-30,Penjualan,327000.0,Lainnya
TRX-0001797,KDMP-00104,2026-08-05,Pembelian,429000.0,Sembako
TRX-0001798,KDMP-00105,2026-03-14,Penjualan,534000.0,Sembako
TRX-0001799,KDMP-00105,2026-03-31,Simpan,635000.0,Lainnya
TRX-0001800,KDMP-00105,2026-03-19,Simpan,559000.0,Simpan Pinjam
TRX-0001801,KDMP-00105,2026-03-15,Pembelian,978000.0,Simpan Pinjam
TRX-0001802,KDMP-00105,2026-04-09,Penjualan,900000.0,Simpan Pinjam
TRX-0001803,KDMP-00105,2026-04-10,Simpan,875000.0,Lainnya
TRX-0001804,KDMP-00105,2026-04-20,Simpan,536000.0,Saprotan
TRX-0001805,KDMP-00105,2026-05-26,Penjualan,658000.0,Sembako
TRX-0001806,KDMP-00105,2026-05-22,Simpan,340000.0,Saprotan
TRX-0001807,KDMP-00105,2026-06-15,Penjualan,467000.0,Logistik
TRX-0001808,KDMP-00105,2026-06-12,Pinjam,167000.0,Lainnya
TRX-0001809,KDMP-00105,2026-06-02,Penjualan,294000.0,Saprotan
TRX-0001810,KDMP-00105,2026-07-03,Pinjam,319000.0,Simpan Pinjam
TRX-0001811,KDMP-00105,2026-07-26,Simpan,284000.0,Saprotan
TRX-0001812,KDMP-00105,2026-08-03,Pembelian,224000.0,Lainnya
TRX-0001813,KDMP-00106,2026-03-02,Pembelian,730000.0,Lainnya
TRX-0001814,KDMP-00106,2026-03-19,Simpan,2761000.0,Sembako
TRX-0001815,KDMP-00106,2026-03-08,Penjualan,1925000.0,Saprotan
TRX-0001816,KDMP-00106,2026-03-01,Simpan,3073000.0,Lainnya
TRX-0001817,KDMP-00106,2026-03-20,Pembelian,2374000.0,Saprotan
TRX-0001818,KDMP-00106,2026-04-03,Pembelian,613000.0,Simpan Pinjam
TRX-0001819,KDMP-00106,2026-04-12,Pinjam,1101000.0,Sembako
TRX-0001820,KDMP-00106,2026-04-29,Simpan,1826000.0,Simpan Pinjam
TRX-0001821,KDMP-00106,2026-04-20,Simpan,410000.0,Saprotan
TRX-0001822,KDMP-00106,2026-04-29,Simpan,2591000.0,Logistik
TRX-0001823,KDMP-00106,2026-05-06,Simpan,2285000.0,Sembako
TRX-0001824,KDMP-00106,2026-05-05,Penjualan,1310000.0,Sembako
TRX-0001825,KDMP-00106,2026-05-26,Simpan,2247000.0,Lainnya
TRX-0001826,KDMP-00106,2026-05-24,Simpan,2561000.0,Simpan Pinjam
TRX-0001827,KDMP-00106,2026-05-19,Penjualan,1569000.0,Simpan Pinjam
TRX-0001828,KDMP-00106,2026-06-30,Pembelian,2781000.0,Lainnya
TRX-0001829,KDMP-00106,2026-06-19,Pinjam,1648000.0,Lainnya
TRX-0001830,KDMP-00106,2026-06-28,Penjualan,2224000.0,Lainnya
TRX-0001831,KDMP-00106,2026-06-17,Pinjam,1570000.0,Saprotan
TRX-0001832,KDMP-00106,2026-07-11,Pembelian,2577000.0,Saprotan
TRX-0001833,KDMP-00106,2026-07-11,Penjualan,931000.0,Simpan Pinjam
TRX-0001834,KDMP-00106,2026-07-31,Pinjam,1449000.0,Saprotan
TRX-0001835,KDMP-00106,2026-07-18,Penjualan,565000.0,Saprotan
TRX-0001836,KDMP-00106,2026-08-07,Pembelian,1639000.0,Lainnya
TRX-0001837,KDMP-00106,2026-08-03,Pembelian,2670000.0,Logistik
TRX-0001838,KDMP-00106,2026-08-11,Pembelian,2252000.0,Lainnya
TRX-0001839,KDMP-00106,2026-08-05,Simpan,1126000.0,Saprotan
TRX-0001840,KDMP-00106,2026-08-07,Pinjam,739000.0,Lainnya
TRX-0001841,KDMP-00107,2026-03-25,Pembelian,1686000.0,Simpan Pinjam
TRX-0001842,KDMP-00107,2026-03-01,Pembelian,2208000.0,Sembako
TRX-0001843,KDMP-00107,2026-03-25,Pinjam,1227000.0,Sembako
TRX-0001844,KDMP-00107,2026-03-02,Pinjam,601000.0,Sembako
TRX-0001845,KDMP-00107,2026-03-03,Pembelian,1809000.0,Lainnya
TRX-0001846,KDMP-00107,2026-04-12,Pembelian,2504000.0,Logistik
TRX-0001847,KDMP-00107,2026-04-08,Simpan,2013000.0,Sembako
TRX-0001848,KDMP-00107,2026-04-27,Simpan,1161000.0,Lainnya
TRX-0001849,KDMP-00107,2026-04-04,Penjualan,1805000.0,Sembako
TRX-0001850,KDMP-00107,2026-04-12,Pinjam,2112000.0,Logistik
TRX-0001851,KDMP-00107,2026-05-16,Pembelian,1102000.0,Simpan Pinjam
TRX-0001852,KDMP-00107,2026-05-19,Penjualan,2181000.0,Simpan Pinjam
TRX-0001853,KDMP-00107,2026-05-19,Simpan,2609000.0,Logistik
TRX-0001854,KDMP-00107,2026-05-15,Pembelian,1326000.0,Lainnya
TRX-0001855,KDMP-00107,2026-05-09,Penjualan,2179000.0,Simpan Pinjam
TRX-0001856,KDMP-00107,2026-06-17,Pinjam,503000.0,Saprotan
TRX-0001857,KDMP-00107,2026-06-11,Pembelian,1187000.0,Simpan Pinjam
TRX-0001858,KDMP-00107,2026-06-24,Pembelian,488000.0,Logistik
TRX-0001859,KDMP-00107,2026-06-19,Simpan,1676000.0,Sembako
TRX-0001860,KDMP-00107,2026-06-06,Penjualan,1248000.0,Saprotan
TRX-0001861,KDMP-00107,2026-07-06,Simpan,1025000.0,Saprotan
TRX-0001862,KDMP-00107,2026-07-25,Penjualan,3102000.0,Simpan Pinjam
TRX-0001863,KDMP-00107,2026-07-05,Penjualan,2227000.0,Simpan Pinjam
TRX-0001864,KDMP-00107,2026-07-17,Pembelian,1916000.0,Sembako
TRX-0001865,KDMP-00107,2026-07-02,Pembelian,2042000.0,Sembako
TRX-0001866,KDMP-00107,2026-07-27,Penjualan,1743000.0,Saprotan
TRX-0001867,KDMP-00107,2026-08-09,Pembelian,2560000.0,Logistik
TRX-0001868,KDMP-00107,2026-08-02,Penjualan,1297000.0,Logistik
TRX-0001869,KDMP-00107,2026-08-08,Simpan,3013000.0,Sembako
TRX-0001870,KDMP-00107,2026-08-05,Penjualan,2943000.0,Saprotan
TRX-0001871,KDMP-00107,2026-08-12,Pembelian,2767000.0,Sembako
TRX-0001872,KDMP-00107,2026-08-09,Simpan,1390000.0,Saprotan
TRX-0001873,KDMP-00108,2026-03-11,Penjualan,2206000.0,Logistik
TRX-0001874,KDMP-00108,2026-03-23,Simpan,652000.0,Simpan Pinjam
TRX-0001875,KDMP-00108,2026-03-22,Penjualan,2552000.0,Sembako
TRX-0001876,KDMP-00108,2026-03-19,Pinjam,1025000.0,Simpan Pinjam
TRX-0001877,KDMP-00108,2026-04-16,Pembelian,1707000.0,Logistik
TRX-0001878,KDMP-00108,2026-04-07,Penjualan,1194000.0,Lainnya
TRX-0001879,KDMP-00108,2026-04-24,Pembelian,2765000.0,Sembako
TRX-0001880,KDMP-00108,2026-04-16,Pembelian,1609000.0,Simpan Pinjam
TRX-0001881,KDMP-00108,2026-04-23,Simpan,527000.0,Lainnya
TRX-0001882,KDMP-00108,2026-05-16,Pembelian,1984000.0,Saprotan
TRX-0001883,KDMP-00108,2026-05-29,Simpan,2493000.0,Logistik
TRX-0001884,KDMP-00108,2026-05-21,Pinjam,1614000.0,Lainnya
TRX-0001885,KDMP-00108,2026-05-16,Simpan,1281000.0,Sembako
TRX-0001886,KDMP-00108,2026-06-15,Simpan,1365000.0,Simpan Pinjam
TRX-0001887,KDMP-00108,2026-06-04,Pembelian,1943000.0,Logistik
TRX-0001888,KDMP-00108,2026-06-22,Penjualan,2643000.0,Saprotan
TRX-0001889,KDMP-00108,2026-06-23,Pembelian,2026000.0,Logistik
TRX-0001890,KDMP-00108,2026-07-22,Pembelian,2163000.0,Sembako
TRX-0001891,KDMP-00108,2026-07-17,Pembelian,1274000.0,Logistik
TRX-0001892,KDMP-00108,2026-07-25,Simpan,615000.0,Saprotan
TRX-0001893,KDMP-00108,2026-07-14,Pinjam,2375000.0,Logistik
TRX-0001894,KDMP-00108,2026-07-09,Penjualan,1659000.0,Saprotan
TRX-0001895,KDMP-00108,2026-07-08,Simpan,1832000.0,Sembako
TRX-0001896,KDMP-00108,2026-08-03,Pembelian,919000.0,Sembako
TRX-0001897,KDMP-00108,2026-08-10,Simpan,2700000.0,Simpan Pinjam
TRX-0001898,KDMP-00108,2026-08-01,Penjualan,1860000.0,Logistik
TRX-0001899,KDMP-00108,2026-08-12,Simpan,598000.0,Saprotan
TRX-0001900,KDMP-00108,2026-08-09,Penjualan,2256000.0,Sembako
TRX-0001901,KDMP-00109,2026-03-06,Pinjam,250000.0,Simpan Pinjam
TRX-0001902,KDMP-00109,2026-05-18,Pembelian,188000.0,Sembako
TRX-0001903,KDMP-00109,2026-07-13,Pinjam,64000.0,Sembako
TRX-0001904,KDMP-00110,2026-05-05,Simpan,248000.0,Sembako
TRX-0001905,KDMP-00110,2026-06-25,Pinjam,237000.0,Sembako
TRX-0001906,KDMP-00110,2026-07-05,Penjualan,221000.0,Lainnya
TRX-0001907,KDMP-00110,2026-08-05,Simpan,397000.0,Logistik
TRX-0001908,KDMP-00111,2026-03-15,Pembelian,272000.0,Sembako
TRX-0001909,KDMP-00111,2026-04-13,Simpan,444000.0,Logistik
TRX-0001910,KDMP-00111,2026-04-14,Simpan,167000.0,Logistik
TRX-0001911,KDMP-00111,2026-04-23,Pembelian,277000.0,Logistik
TRX-0001912,KDMP-00111,2026-05-31,Simpan,547000.0,Lainnya
TRX-0001913,KDMP-00111,2026-05-15,Pembelian,540000.0,Lainnya
TRX-0001914,KDMP-00111,2026-06-15,Simpan,328000.0,Logistik
TRX-0001915,KDMP-00111,2026-07-26,Penjualan,171000.0,Sembako
TRX-0001916,KDMP-00111,2026-08-08,Pembelian,384000.0,Sembako
TRX-0001917,KDMP-00112,2026-03-17,Pembelian,820000.0,Sembako
TRX-0001918,KDMP-00112,2026-03-09,Pinjam,764000.0,Saprotan
TRX-0001919,KDMP-00112,2026-03-27,Pembelian,743000.0,Sembako
TRX-0001920,KDMP-00112,2026-04-28,Penjualan,607000.0,Saprotan
TRX-0001921,KDMP-00112,2026-04-25,Pinjam,676000.0,Lainnya
TRX-0001922,KDMP-00112,2026-04-21,Pembelian,532000.0,Saprotan
TRX-0001923,KDMP-00112,2026-05-28,Penjualan,508000.0,Sembako
TRX-0001924,KDMP-00112,2026-05-03,Pinjam,445000.0,Simpan Pinjam
TRX-0001925,KDMP-00112,2026-05-06,Penjualan,681000.0,Simpan Pinjam
TRX-0001926,KDMP-00112,2026-06-14,Pinjam,139000.0,Simpan Pinjam
TRX-0001927,KDMP-00112,2026-07-28,Pinjam,586000.0,Logistik
TRX-0001928,KDMP-00112,2026-07-04,Pinjam,326000.0,Saprotan
TRX-0001929,KDMP-00112,2026-07-29,Simpan,1745000.0,Lainnya
TRX-0001930,KDMP-00112,2026-07-29,Simpan,951000.0,Lainnya
TRX-0001931,KDMP-00112,2026-08-11,Pembelian,760000.0,Lainnya
TRX-0001932,KDMP-00112,2026-08-06,Simpan,1893000.0,Logistik
TRX-0001933,KDMP-00112,2026-08-06,Pembelian,1056000.0,Simpan Pinjam
TRX-0001934,KDMP-00113,2026-03-14,Pembelian,53000.0,Simpan Pinjam
TRX-0001935,KDMP-00113,2026-07-20,Pinjam,79000.0,Lainnya
TRX-0001936,KDMP-00113,2026-08-04,Simpan,216000.0,Sembako
TRX-0001937,KDMP-00114,2026-03-30,Pinjam,1516000.0,Lainnya
TRX-0001938,KDMP-00114,2026-03-12,Pinjam,3057000.0,Saprotan
TRX-0001939,KDMP-00114,2026-03-21,Pembelian,2475000.0,Sembako
TRX-0001940,KDMP-00114,2026-03-04,Pembelian,2584000.0,Saprotan
TRX-0001941,KDMP-00114,2026-03-19,Penjualan,1150000.0,Simpan Pinjam
TRX-0001942,KDMP-00114,2026-03-19,Pinjam,3291000.0,Saprotan
TRX-0001943,KDMP-00114,2026-04-24,Pinjam,3188000.0,Simpan Pinjam
TRX-0001944,KDMP-00114,2026-04-26,Pembelian,916000.0,Simpan Pinjam
TRX-0001945,KDMP-00114,2026-04-26,Pembelian,698000.0,Simpan Pinjam
TRX-0001946,KDMP-00114,2026-04-28,Penjualan,907000.0,Saprotan
TRX-0001947,KDMP-00114,2026-04-02,Pembelian,659000.0,Lainnya
TRX-0001948,KDMP-00114,2026-05-11,Simpan,2232000.0,Lainnya
TRX-0001949,KDMP-00114,2026-05-08,Pinjam,2491000.0,Logistik
TRX-0001950,KDMP-00114,2026-05-23,Pinjam,2529000.0,Saprotan
TRX-0001951,KDMP-00114,2026-05-17,Simpan,1269000.0,Lainnya
TRX-0001952,KDMP-00114,2026-05-20,Pembelian,633000.0,Simpan Pinjam
TRX-0001953,KDMP-00114,2026-05-27,Simpan,2997000.0,Simpan Pinjam
TRX-0001954,KDMP-00114,2026-06-23,Simpan,451000.0,Sembako
TRX-0001955,KDMP-00114,2026-06-14,Simpan,532000.0,Simpan Pinjam
TRX-0001956,KDMP-00114,2026-06-12,Pinjam,158000.0,Saprotan
TRX-0001957,KDMP-00114,2026-07-29,Pembelian,485000.0,Logistik
TRX-0001958,KDMP-00114,2026-07-30,Penjualan,341000.0,Simpan Pinjam
TRX-0001959,KDMP-00114,2026-08-10,Simpan,183000.0,Saprotan
TRX-0001960,KDMP-00114,2026-08-06,Simpan,137000.0,Lainnya
TRX-0001961,KDMP-00115,2026-03-09,Pinjam,395000.0,Logistik
TRX-0001962,KDMP-00115,2026-03-23,Simpan,417000.0,Saprotan
TRX-0001963,KDMP-00115,2026-03-19,Penjualan,1643000.0,Logistik
TRX-0001964,KDMP-00115,2026-03-21,Pinjam,2427000.0,Logistik
TRX-0001965,KDMP-00115,2026-04-01,Pembelian,369000.0,Simpan Pinjam
TRX-0001966,KDMP-00115,2026-04-05,Penjualan,1971000.0,Logistik
TRX-0001967,KDMP-00115,2026-04-04,Penjualan,1900000.0,Logistik
TRX-0001968,KDMP-00115,2026-05-28,Simpan,1166000.0,Simpan Pinjam
TRX-0001969,KDMP-00115,2026-05-24,Penjualan,2015000.0,Saprotan
TRX-0001970,KDMP-00115,2026-05-28,Simpan,2469000.0,Simpan Pinjam
TRX-0001971,KDMP-00115,2026-06-12,Penjualan,791000.0,Logistik
TRX-0001972,KDMP-00115,2026-06-22,Penjualan,529000.0,Sembako
TRX-0001973,KDMP-00115,2026-06-25,Pembelian,337000.0,Saprotan
TRX-0001974,KDMP-00115,2026-06-15,Penjualan,244000.0,Saprotan
TRX-0001975,KDMP-00115,2026-07-21,Penjualan,528000.0,Saprotan
TRX-0001976,KDMP-00115,2026-07-12,Penjualan,411000.0,Saprotan
TRX-0001977,KDMP-00115,2026-07-27,Penjualan,578000.0,Lainnya
TRX-0001978,KDMP-00115,2026-08-02,Pembelian,327000.0,Sembako
TRX-0001979,KDMP-00115,2026-08-10,Penjualan,398000.0,Simpan Pinjam
TRX-0001980,KDMP-00115,2026-08-04,Simpan,1021000.0,Logistik
TRX-0001981,KDMP-00116,2026-03-22,Pembelian,1049000.0,Simpan Pinjam
TRX-0001982,KDMP-00116,2026-03-13,Simpan,1056000.0,Simpan Pinjam
TRX-0001983,KDMP-00116,2026-03-19,Simpan,984000.0,Logistik
TRX-0001984,KDMP-00116,2026-03-07,Simpan,863000.0,Simpan Pinjam
TRX-0001985,KDMP-00116,2026-04-15,Simpan,970000.0,Sembako
TRX-0001986,KDMP-00116,2026-04-19,Simpan,1512000.0,Saprotan
TRX-0001987,KDMP-00116,2026-04-17,Pinjam,2175000.0,Simpan Pinjam
TRX-0001988,KDMP-00116,2026-04-27,Pinjam,448000.0,Simpan Pinjam
TRX-0001989,KDMP-00116,2026-05-14,Simpan,3018000.0,Saprotan
TRX-0001990,KDMP-00116,2026-05-23,Simpan,950000.0,Sembako
TRX-0001991,KDMP-00116,2026-05-07,Simpan,1754000.0,Simpan Pinjam
TRX-0001992,KDMP-00116,2026-05-02,Penjualan,1634000.0,Lainnya
TRX-0001993,KDMP-00116,2026-06-15,Simpan,1713000.0,Saprotan
TRX-0001994,KDMP-00116,2026-06-22,Penjualan,1954000.0,Saprotan
TRX-0001995,KDMP-00116,2026-06-21,Simpan,2329000.0,Sembako
TRX-0001996,KDMP-00116,2026-06-16,Simpan,851000.0,Saprotan
TRX-0001997,KDMP-00116,2026-07-12,Simpan,926000.0,Simpan Pinjam
TRX-0001998,KDMP-00116,2026-07-06,Penjualan,1685000.0,Logistik
TRX-0001999,KDMP-00116,2026-07-15,Pinjam,2615000.0,Logistik
TRX-0002000,KDMP-00116,2026-07-08,Simpan,1704000.0,Saprotan
TRX-0002001,KDMP-00116,2026-08-05,Penjualan,2230000.0,Simpan Pinjam
TRX-0002002,KDMP-00116,2026-08-09,Penjualan,2456000.0,Logistik
TRX-0002003,KDMP-00116,2026-08-05,Pinjam,1553000.0,Lainnya
TRX-0002004,KDMP-00116,2026-08-09,Pembelian,489000.0,Saprotan
TRX-0002005,KDMP-00116,2026-08-12,Pembelian,2787000.0,Lainnya
TRX-0002006,KDMP-00116,2026-08-03,Simpan,2426000.0,Sembako
TRX-0002007,KDMP-00117,2026-03-05,Simpan,328000.0,Logistik
TRX-0002008,KDMP-00117,2026-04-05,Pembelian,49000.0,Simpan Pinjam
TRX-0002009,KDMP-00117,2026-08-06,Penjualan,272000.0,Logistik
TRX-0002010,KDMP-00118,2026-03-22,Pinjam,1721000.0,Simpan Pinjam
TRX-0002011,KDMP-00118,2026-03-22,Pinjam,2938000.0,Logistik
TRX-0002012,KDMP-00118,2026-03-25,Penjualan,2369000.0,Logistik
TRX-0002013,KDMP-00118,2026-03-25,Pembelian,778000.0,Logistik
TRX-0002014,KDMP-00118,2026-04-24,Pinjam,2931000.0,Lainnya
TRX-0002015,KDMP-00118,2026-04-03,Simpan,1649000.0,Logistik
TRX-0002016,KDMP-00118,2026-04-19,Penjualan,2479000.0,Simpan Pinjam
TRX-0002017,KDMP-00118,2026-04-06,Pembelian,3129000.0,Saprotan
TRX-0002018,KDMP-00118,2026-04-17,Penjualan,1554000.0,Lainnya
TRX-0002019,KDMP-00118,2026-04-13,Penjualan,2267000.0,Simpan Pinjam
TRX-0002020,KDMP-00118,2026-05-10,Pinjam,441000.0,Sembako
TRX-0002021,KDMP-00118,2026-05-21,Pembelian,1098000.0,Logistik
TRX-0002022,KDMP-00118,2026-05-10,Pinjam,678000.0,Logistik
TRX-0002023,KDMP-00118,2026-05-31,Pinjam,420000.0,Simpan Pinjam
TRX-0002024,KDMP-00118,2026-06-03,Simpan,1229000.0,Sembako
TRX-0002025,KDMP-00118,2026-06-13,Penjualan,1609000.0,Simpan Pinjam
TRX-0002026,KDMP-00118,2026-06-19,Pinjam,940000.0,Logistik
TRX-0002027,KDMP-00118,2026-07-02,Simpan,946000.0,Logistik
TRX-0002028,KDMP-00118,2026-07-21,Penjualan,677000.0,Lainnya
TRX-0002029,KDMP-00118,2026-07-30,Pinjam,1578000.0,Lainnya
TRX-0002030,KDMP-00118,2026-08-09,Simpan,1364000.0,Sembako
TRX-0002031,KDMP-00118,2026-08-07,Pinjam,1480000.0,Sembako
TRX-0002032,KDMP-00118,2026-08-06,Simpan,479000.0,Simpan Pinjam
TRX-0002033,KDMP-00118,2026-08-10,Pinjam,1054000.0,Logistik
TRX-0002034,KDMP-00119,2026-03-28,Pinjam,313000.0,Logistik
TRX-0002035,KDMP-00119,2026-03-29,Simpan,843000.0,Saprotan
TRX-0002036,KDMP-00119,2026-03-22,Simpan,938000.0,Sembako
TRX-0002037,KDMP-00119,2026-04-14,Penjualan,965000.0,Logistik
TRX-0002038,KDMP-00119,2026-04-21,Penjualan,1033000.0,Lainnya
TRX-0002039,KDMP-00119,2026-04-24,Penjualan,573000.0,Lainnya
TRX-0002040,KDMP-00119,2026-05-18,Penjualan,844000.0,Simpan Pinjam
TRX-0002041,KDMP-00119,2026-05-21,Pinjam,2257000.0,Logistik
TRX-0002042,KDMP-00119,2026-05-12,Pinjam,2683000.0,Lainnya
TRX-0002043,KDMP-00119,2026-05-27,Pinjam,1020000.0,Sembako
TRX-0002044,KDMP-00119,2026-06-20,Penjualan,445000.0,Logistik
TRX-0002045,KDMP-00119,2026-06-24,Penjualan,1543000.0,Saprotan
TRX-0002046,KDMP-00119,2026-06-24,Simpan,2503000.0,Logistik
TRX-0002047,KDMP-00119,2026-06-06,Simpan,1284000.0,Sembako
TRX-0002048,KDMP-00119,2026-06-14,Penjualan,2294000.0,Simpan Pinjam
TRX-0002049,KDMP-00119,2026-07-18,Pembelian,700000.0,Sembako
TRX-0002050,KDMP-00119,2026-07-16,Pembelian,493000.0,Logistik
TRX-0002051,KDMP-00119,2026-07-23,Pembelian,407000.0,Saprotan
TRX-0002052,KDMP-00119,2026-08-03,Simpan,737000.0,Saprotan
TRX-0002053,KDMP-00119,2026-08-04,Penjualan,188000.0,Logistik
TRX-0002054,KDMP-00120,2026-03-20,Simpan,98000.0,Sembako
TRX-0002055,KDMP-00120,2026-06-20,Pinjam,238000.0,Lainnya
TRX-0002056,KDMP-00120,2026-07-13,Pinjam,163000.0,Lainnya
TRX-0002057,KDMP-00120,2026-07-11,Simpan,59000.0,Saprotan
TRX-0002058,KDMP-00121,2026-03-23,Pembelian,937000.0,Logistik
TRX-0002059,KDMP-00121,2026-03-02,Penjualan,1053000.0,Logistik
TRX-0002060,KDMP-00121,2026-03-12,Penjualan,1838000.0,Simpan Pinjam
TRX-0002061,KDMP-00121,2026-03-17,Simpan,2318000.0,Saprotan
TRX-0002062,KDMP-00121,2026-03-11,Pinjam,1146000.0,Logistik
TRX-0002063,KDMP-00121,2026-03-20,Pembelian,471000.0,Lainnya
TRX-0002064,KDMP-00121,2026-04-25,Penjualan,1414000.0,Saprotan
TRX-0002065,KDMP-00121,2026-04-16,Pembelian,1765000.0,Logistik
TRX-0002066,KDMP-00121,2026-04-05,Pinjam,2671000.0,Lainnya
TRX-0002067,KDMP-00121,2026-04-04,Penjualan,2739000.0,Logistik
TRX-0002068,KDMP-00121,2026-04-04,Simpan,925000.0,Simpan Pinjam
TRX-0002069,KDMP-00121,2026-05-12,Pembelian,2031000.0,Logistik
TRX-0002070,KDMP-00121,2026-05-09,Simpan,3041000.0,Saprotan
TRX-0002071,KDMP-00121,2026-05-22,Simpan,2262000.0,Lainnya
TRX-0002072,KDMP-00121,2026-05-13,Pembelian,1989000.0,Logistik
TRX-0002073,KDMP-00121,2026-05-15,Simpan,1871000.0,Logistik
TRX-0002074,KDMP-00121,2026-05-28,Pembelian,897000.0,Logistik
TRX-0002075,KDMP-00121,2026-06-21,Pembelian,2232000.0,Sembako
TRX-0002076,KDMP-00121,2026-06-21,Pinjam,1308000.0,Logistik
TRX-0002077,KDMP-00121,2026-06-21,Penjualan,1374000.0,Lainnya
TRX-0002078,KDMP-00121,2026-06-20,Penjualan,921000.0,Lainnya
TRX-0002079,KDMP-00121,2026-06-14,Penjualan,1764000.0,Saprotan
TRX-0002080,KDMP-00121,2026-07-16,Penjualan,1942000.0,Saprotan
TRX-0002081,KDMP-00121,2026-07-20,Pinjam,474000.0,Lainnya
TRX-0002082,KDMP-00121,2026-07-07,Pembelian,1786000.0,Logistik
TRX-0002083,KDMP-00121,2026-07-28,Pembelian,1404000.0,Simpan Pinjam
TRX-0002084,KDMP-00121,2026-08-05,Penjualan,1229000.0,Sembako
TRX-0002085,KDMP-00121,2026-08-08,Pinjam,930000.0,Simpan Pinjam
TRX-0002086,KDMP-00121,2026-08-08,Pembelian,2159000.0,Simpan Pinjam
TRX-0002087,KDMP-00121,2026-08-09,Penjualan,2905000.0,Lainnya
TRX-0002088,KDMP-00122,2026-03-24,Penjualan,434000.0,Sembako
TRX-0002089,KDMP-00122,2026-03-22,Pinjam,925000.0,Lainnya
TRX-0002090,KDMP-00122,2026-03-28,Pinjam,1165000.0,Sembako
TRX-0002091,KDMP-00122,2026-04-18,Penjualan,943000.0,Lainnya
TRX-0002092,KDMP-00122,2026-04-18,Penjualan,738000.0,Logistik
TRX-0002093,KDMP-00122,2026-04-24,Penjualan,593000.0,Saprotan
TRX-0002094,KDMP-00122,2026-05-23,Pinjam,444000.0,Logistik
TRX-0002095,KDMP-00122,2026-05-04,Pembelian,777000.0,Saprotan
TRX-0002096,KDMP-00122,2026-06-12,Pinjam,2085000.0,Saprotan
TRX-0002097,KDMP-00122,2026-06-08,Pinjam,704000.0,Simpan Pinjam
TRX-0002098,KDMP-00122,2026-06-11,Penjualan,996000.0,Logistik
TRX-0002099,KDMP-00122,2026-06-16,Pembelian,2507000.0,Saprotan
TRX-0002100,KDMP-00122,2026-07-15,Simpan,888000.0,Lainnya
TRX-0002101,KDMP-00122,2026-07-02,Pembelian,787000.0,Simpan Pinjam
TRX-0002102,KDMP-00122,2026-07-01,Pembelian,1238000.0,Saprotan
TRX-0002103,KDMP-00122,2026-07-23,Simpan,1315000.0,Saprotan
TRX-0002104,KDMP-00122,2026-08-05,Pinjam,1339000.0,Logistik
TRX-0002105,KDMP-00122,2026-08-03,Pembelian,1536000.0,Simpan Pinjam
TRX-0002106,KDMP-00122,2026-08-07,Simpan,1413000.0,Simpan Pinjam
TRX-0002107,KDMP-00123,2026-03-05,Penjualan,595000.0,Saprotan
TRX-0002108,KDMP-00123,2026-03-17,Pinjam,429000.0,Logistik
TRX-0002109,KDMP-00123,2026-04-21,Pembelian,974000.0,Lainnya
TRX-0002110,KDMP-00123,2026-04-11,Simpan,875000.0,Logistik
TRX-0002111,KDMP-00123,2026-05-28,Pinjam,678000.0,Simpan Pinjam
TRX-0002112,KDMP-00123,2026-05-13,Penjualan,546000.0,Sembako
TRX-0002113,KDMP-00123,2026-05-10,Pembelian,433000.0,Simpan Pinjam
TRX-0002114,KDMP-00123,2026-06-26,Penjualan,558000.0,Simpan Pinjam
TRX-0002115,KDMP-00123,2026-06-15,Penjualan,318000.0,Lainnya
TRX-0002116,KDMP-00123,2026-07-02,Pinjam,350000.0,Sembako
TRX-0002117,KDMP-00123,2026-07-17,Penjualan,716000.0,Saprotan
TRX-0002118,KDMP-00123,2026-08-09,Penjualan,502000.0,Sembako
TRX-0002119,KDMP-00123,2026-08-09,Pembelian,310000.0,Simpan Pinjam
TRX-0002120,KDMP-00124,2026-03-21,Pembelian,730000.0,Simpan Pinjam
TRX-0002121,KDMP-00124,2026-03-15,Pembelian,730000.0,Sembako
TRX-0002122,KDMP-00124,2026-04-03,Pembelian,690000.0,Sembako
TRX-0002123,KDMP-00124,2026-04-05,Simpan,1015000.0,Sembako
TRX-0002124,KDMP-00124,2026-04-08,Pinjam,374000.0,Logistik
TRX-0002125,KDMP-00124,2026-05-21,Penjualan,329000.0,Simpan Pinjam
TRX-0002126,KDMP-00124,2026-06-07,Penjualan,179000.0,Lainnya
TRX-0002127,KDMP-00124,2026-06-20,Pinjam,500000.0,Saprotan
TRX-0002128,KDMP-00124,2026-07-29,Penjualan,357000.0,Logistik
TRX-0002129,KDMP-00124,2026-07-07,Pinjam,554000.0,Sembako
TRX-0002130,KDMP-00124,2026-08-08,Pembelian,350000.0,Saprotan
TRX-0002131,KDMP-00124,2026-08-09,Simpan,309000.0,Saprotan
TRX-0002132,KDMP-00125,2026-03-22,Simpan,1196000.0,Logistik
TRX-0002133,KDMP-00125,2026-03-25,Pembelian,641000.0,Logistik
TRX-0002134,KDMP-00125,2026-03-29,Pinjam,387000.0,Logistik
TRX-0002135,KDMP-00125,2026-03-03,Pinjam,766000.0,Saprotan
TRX-0002136,KDMP-00125,2026-04-22,Pembelian,1133000.0,Simpan Pinjam
TRX-0002137,KDMP-00125,2026-04-25,Pembelian,2130000.0,Simpan Pinjam
TRX-0002138,KDMP-00125,2026-04-10,Simpan,1053000.0,Lainnya
TRX-0002139,KDMP-00125,2026-04-22,Simpan,1429000.0,Lainnya
TRX-0002140,KDMP-00125,2026-04-22,Pembelian,832000.0,Saprotan
TRX-0002141,KDMP-00125,2026-05-28,Pembelian,2191000.0,Lainnya
TRX-0002142,KDMP-00125,2026-05-11,Pinjam,1904000.0,Lainnya
TRX-0002143,KDMP-00125,2026-05-25,Simpan,2198000.0,Simpan Pinjam
TRX-0002144,KDMP-00125,2026-05-16,Simpan,2534000.0,Saprotan
TRX-0002145,KDMP-00125,2026-05-11,Simpan,697000.0,Saprotan
TRX-0002146,KDMP-00125,2026-06-25,Pinjam,1836000.0,Sembako
TRX-0002147,KDMP-00125,2026-06-13,Penjualan,2346000.0,Logistik
TRX-0002148,KDMP-00125,2026-06-26,Pembelian,1299000.0,Logistik
TRX-0002149,KDMP-00125,2026-06-01,Pembelian,2358000.0,Simpan Pinjam
TRX-0002150,KDMP-00125,2026-06-09,Simpan,2089000.0,Saprotan
TRX-0002151,KDMP-00125,2026-07-11,Pembelian,246000.0,Simpan Pinjam
TRX-0002152,KDMP-00125,2026-08-02,Penjualan,318000.0,Simpan Pinjam
TRX-0002153,KDMP-00126,2026-03-19,Pinjam,554000.0,Sembako
TRX-0002154,KDMP-00126,2026-03-13,Pinjam,476000.0,Simpan Pinjam
TRX-0002155,KDMP-00126,2026-04-02,Penjualan,452000.0,Sembako
TRX-0002156,KDMP-00126,2026-04-09,Simpan,482000.0,Logistik
TRX-0002157,KDMP-00126,2026-05-29,Penjualan,522000.0,Saprotan
TRX-0002158,KDMP-00126,2026-05-24,Pinjam,915000.0,Simpan Pinjam
TRX-0002159,KDMP-00126,2026-06-07,Penjualan,424000.0,Logistik
TRX-0002160,KDMP-00126,2026-06-19,Simpan,379000.0,Lainnya
TRX-0002161,KDMP-00126,2026-06-10,Penjualan,622000.0,Simpan Pinjam
TRX-0002162,KDMP-00126,2026-06-03,Simpan,827000.0,Saprotan
TRX-0002163,KDMP-00126,2026-07-07,Pembelian,892000.0,Saprotan
TRX-0002164,KDMP-00126,2026-07-15,Simpan,630000.0,Saprotan
TRX-0002165,KDMP-00126,2026-07-23,Simpan,376000.0,Saprotan
TRX-0002166,KDMP-00126,2026-07-30,Penjualan,757000.0,Simpan Pinjam
TRX-0002167,KDMP-00126,2026-08-13,Pinjam,508000.0,Sembako
TRX-0002168,KDMP-00126,2026-08-01,Simpan,836000.0,Sembako
TRX-0002169,KDMP-00126,2026-08-01,Simpan,621000.0,Lainnya
TRX-0002170,KDMP-00127,2026-03-03,Penjualan,108000.0,Lainnya
TRX-0002171,KDMP-00127,2026-04-18,Pembelian,205000.0,Lainnya
TRX-0002172,KDMP-00127,2026-06-07,Penjualan,243000.0,Logistik
TRX-0002173,KDMP-00127,2026-07-29,Pembelian,227000.0,Saprotan
TRX-0002174,KDMP-00127,2026-08-09,Pinjam,162000.0,Sembako
TRX-0002175,KDMP-00127,2026-08-05,Penjualan,181000.0,Lainnya
TRX-0002176,KDMP-00128,2026-03-11,Pinjam,203000.0,Simpan Pinjam
TRX-0002177,KDMP-00128,2026-03-08,Simpan,446000.0,Lainnya
TRX-0002178,KDMP-00128,2026-04-27,Simpan,317000.0,Lainnya
TRX-0002179,KDMP-00128,2026-04-25,Pembelian,279000.0,Simpan Pinjam
TRX-0002180,KDMP-00128,2026-04-04,Penjualan,403000.0,Lainnya
TRX-0002181,KDMP-00128,2026-04-28,Penjualan,635000.0,Simpan Pinjam
TRX-0002182,KDMP-00128,2026-05-11,Pembelian,384000.0,Simpan Pinjam
TRX-0002183,KDMP-00128,2026-05-06,Pinjam,293000.0,Saprotan
TRX-0002184,KDMP-00128,2026-06-01,Pembelian,570000.0,Logistik
TRX-0002185,KDMP-00128,2026-06-13,Penjualan,189000.0,Logistik
TRX-0002186,KDMP-00128,2026-07-15,Pinjam,358000.0,Logistik
TRX-0002187,KDMP-00128,2026-07-25,Pinjam,246000.0,Lainnya
TRX-0002188,KDMP-00128,2026-08-09,Penjualan,605000.0,Simpan Pinjam
TRX-0002189,KDMP-00129,2026-03-24,Simpan,2207000.0,Saprotan
TRX-0002190,KDMP-00129,2026-03-07,Penjualan,1147000.0,Lainnya
TRX-0002191,KDMP-00129,2026-03-09,Penjualan,1036000.0,Logistik
TRX-0002192,KDMP-00129,2026-04-13,Penjualan,1745000.0,Saprotan
TRX-0002193,KDMP-00129,2026-04-10,Penjualan,937000.0,Logistik
TRX-0002194,KDMP-00129,2026-04-21,Simpan,2004000.0,Simpan Pinjam
TRX-0002195,KDMP-00129,2026-04-03,Pinjam,2102000.0,Logistik
TRX-0002196,KDMP-00129,2026-05-29,Simpan,1806000.0,Sembako
TRX-0002197,KDMP-00129,2026-05-08,Pembelian,602000.0,Lainnya
TRX-0002198,KDMP-00129,2026-05-17,Pembelian,334000.0,Simpan Pinjam
TRX-0002199,KDMP-00129,2026-05-25,Penjualan,1736000.0,Sembako
TRX-0002200,KDMP-00129,2026-06-22,Simpan,2784000.0,Saprotan
TRX-0002201,KDMP-00129,2026-06-27,Pembelian,2105000.0,Logistik
TRX-0002202,KDMP-00129,2026-06-30,Pembelian,890000.0,Simpan Pinjam
TRX-0002203,KDMP-00129,2026-06-30,Penjualan,1416000.0,Simpan Pinjam
TRX-0002204,KDMP-00129,2026-06-07,Simpan,502000.0,Logistik
TRX-0002205,KDMP-00129,2026-07-01,Penjualan,2344000.0,Saprotan
TRX-0002206,KDMP-00129,2026-07-16,Penjualan,551000.0,Simpan Pinjam
TRX-0002207,KDMP-00129,2026-07-02,Pinjam,3225000.0,Lainnya
TRX-0002208,KDMP-00129,2026-07-06,Pembelian,2648000.0,Sembako
TRX-0002209,KDMP-00129,2026-07-29,Pembelian,510000.0,Sembako
TRX-0002210,KDMP-00129,2026-08-08,Pinjam,824000.0,Logistik
TRX-0002211,KDMP-00129,2026-08-09,Pinjam,3127000.0,Simpan Pinjam
TRX-0002212,KDMP-00129,2026-08-13,Penjualan,3129000.0,Saprotan
TRX-0002213,KDMP-00129,2026-08-05,Pembelian,1951000.0,Saprotan
TRX-0002214,KDMP-00130,2026-03-22,Penjualan,654000.0,Logistik
TRX-0002215,KDMP-00130,2026-03-27,Pembelian,392000.0,Simpan Pinjam
TRX-0002216,KDMP-00130,2026-04-05,Pembelian,566000.0,Sembako
TRX-0002217,KDMP-00130,2026-04-23,Pinjam,531000.0,Saprotan
TRX-0002218,KDMP-00130,2026-05-09,Pembelian,346000.0,Saprotan
TRX-0002219,KDMP-00130,2026-05-15,Simpan,407000.0,Simpan Pinjam
TRX-0002220,KDMP-00130,2026-06-19,Penjualan,625000.0,Logistik
TRX-0002221,KDMP-00130,2026-06-26,Pembelian,604000.0,Simpan Pinjam
TRX-0002222,KDMP-00130,2026-07-26,Pembelian,168000.0,Simpan Pinjam
TRX-0002223,KDMP-00130,2026-07-01,Pinjam,428000.0,Logistik
TRX-0002224,KDMP-00130,2026-07-07,Pinjam,759000.0,Logistik
TRX-0002225,KDMP-00130,2026-08-09,Pinjam,863000.0,Sembako
TRX-0002226,KDMP-00130,2026-08-11,Simpan,992000.0,Saprotan
TRX-0002227,KDMP-00130,2026-08-03,Simpan,1257000.0,Saprotan
TRX-0002228,KDMP-00130,2026-08-08,Pinjam,1058000.0,Sembako
TRX-0002229,KDMP-00131,2026-03-09,Penjualan,759000.0,Saprotan
TRX-0002230,KDMP-00131,2026-03-01,Pembelian,494000.0,Sembako
TRX-0002231,KDMP-00131,2026-03-15,Penjualan,336000.0,Sembako
TRX-0002232,KDMP-00131,2026-04-12,Simpan,248000.0,Logistik
TRX-0002233,KDMP-00131,2026-04-03,Pembelian,484000.0,Logistik
TRX-0002234,KDMP-00131,2026-05-27,Pembelian,325000.0,Sembako
TRX-0002235,KDMP-00131,2026-05-24,Simpan,328000.0,Lainnya
TRX-0002236,KDMP-00131,2026-05-05,Penjualan,658000.0,Lainnya
TRX-0002237,KDMP-00131,2026-06-17,Pembelian,643000.0,Saprotan
TRX-0002238,KDMP-00131,2026-06-22,Pembelian,258000.0,Lainnya
TRX-0002239,KDMP-00131,2026-07-31,Pinjam,510000.0,Simpan Pinjam
TRX-0002240,KDMP-00131,2026-07-31,Pinjam,329000.0,Saprotan
TRX-0002241,KDMP-00131,2026-08-08,Pinjam,850000.0,Saprotan
TRX-0002242,KDMP-00131,2026-08-05,Penjualan,244000.0,Sembako
TRX-0002243,KDMP-00131,2026-08-09,Simpan,327000.0,Simpan Pinjam
TRX-0002244,KDMP-00132,2026-03-03,Penjualan,671000.0,Logistik
TRX-0002245,KDMP-00132,2026-03-16,Pembelian,288000.0,Simpan Pinjam
TRX-0002246,KDMP-00132,2026-03-06,Pinjam,500000.0,Logistik
TRX-0002247,KDMP-00132,2026-03-08,Simpan,669000.0,Sembako
TRX-0002248,KDMP-00132,2026-04-13,Penjualan,234000.0,Lainnya
TRX-0002249,KDMP-00132,2026-04-05,Pembelian,788000.0,Logistik
TRX-0002250,KDMP-00132,2026-05-01,Penjualan,643000.0,Lainnya
TRX-0002251,KDMP-00132,2026-05-04,Pinjam,342000.0,Simpan Pinjam
TRX-0002252,KDMP-00132,2026-06-18,Pinjam,804000.0,Simpan Pinjam
TRX-0002253,KDMP-00132,2026-06-25,Simpan,213000.0,Saprotan
TRX-0002254,KDMP-00132,2026-07-29,Simpan,495000.0,Sembako
TRX-0002255,KDMP-00132,2026-07-14,Pembelian,704000.0,Logistik
TRX-0002256,KDMP-00132,2026-08-02,Simpan,584000.0,Simpan Pinjam
TRX-0002257,KDMP-00132,2026-08-11,Pinjam,864000.0,Logistik
TRX-0002258,KDMP-00133,2026-03-09,Simpan,1863000.0,Saprotan
TRX-0002259,KDMP-00133,2026-03-11,Pinjam,1452000.0,Saprotan
TRX-0002260,KDMP-00133,2026-03-03,Penjualan,2078000.0,Sembako
TRX-0002261,KDMP-00133,2026-04-16,Pembelian,900000.0,Lainnya
TRX-0002262,KDMP-00133,2026-04-09,Penjualan,1333000.0,Logistik
TRX-0002263,KDMP-00133,2026-04-27,Pinjam,1621000.0,Lainnya
TRX-0002264,KDMP-00133,2026-04-30,Pinjam,1526000.0,Sembako
TRX-0002265,KDMP-00133,2026-04-19,Penjualan,1714000.0,Lainnya
TRX-0002266,KDMP-00133,2026-05-22,Pinjam,1081000.0,Logistik
TRX-0002267,KDMP-00133,2026-05-02,Simpan,1833000.0,Logistik
TRX-0002268,KDMP-00133,2026-05-19,Penjualan,2114000.0,Logistik
TRX-0002269,KDMP-00133,2026-05-21,Pinjam,2032000.0,Sembako
TRX-0002270,KDMP-00133,2026-06-11,Penjualan,432000.0,Saprotan
TRX-0002271,KDMP-00133,2026-06-26,Penjualan,2607000.0,Logistik
TRX-0002272,KDMP-00133,2026-06-09,Simpan,2434000.0,Saprotan
TRX-0002273,KDMP-00133,2026-06-08,Simpan,1228000.0,Logistik
TRX-0002274,KDMP-00133,2026-07-21,Simpan,1934000.0,Simpan Pinjam
TRX-0002275,KDMP-00133,2026-07-25,Simpan,1148000.0,Logistik
TRX-0002276,KDMP-00133,2026-07-25,Pembelian,2867000.0,Logistik
TRX-0002277,KDMP-00133,2026-07-11,Simpan,3193000.0,Lainnya
TRX-0002278,KDMP-00133,2026-07-26,Pembelian,2187000.0,Saprotan
TRX-0002279,KDMP-00133,2026-07-04,Penjualan,3105000.0,Logistik
TRX-0002280,KDMP-00133,2026-08-13,Pinjam,2375000.0,Simpan Pinjam
TRX-0002281,KDMP-00133,2026-08-12,Pinjam,1253000.0,Saprotan
TRX-0002282,KDMP-00133,2026-08-08,Simpan,1470000.0,Simpan Pinjam
TRX-0002283,KDMP-00133,2026-08-06,Penjualan,3333000.0,Sembako
TRX-0002284,KDMP-00133,2026-08-05,Simpan,1029000.0,Lainnya
TRX-0002285,KDMP-00133,2026-08-07,Penjualan,2072000.0,Simpan Pinjam
TRX-0002286,KDMP-00133,2026-08-12,Pinjam,740000.0,Saprotan
TRX-0002287,KDMP-00134,2026-03-13,Pembelian,1596000.0,Logistik
TRX-0002288,KDMP-00134,2026-03-31,Simpan,598000.0,Lainnya
TRX-0002289,KDMP-00134,2026-03-03,Simpan,1682000.0,Simpan Pinjam
TRX-0002290,KDMP-00134,2026-03-02,Pembelian,1386000.0,Lainnya
TRX-0002291,KDMP-00134,2026-04-08,Pembelian,420000.0,Simpan Pinjam
TRX-0002292,KDMP-00134,2026-04-15,Pembelian,2398000.0,Simpan Pinjam
TRX-0002293,KDMP-00134,2026-04-08,Penjualan,388000.0,Lainnya
TRX-0002294,KDMP-00134,2026-04-15,Pinjam,1485000.0,Lainnya
TRX-0002295,KDMP-00134,2026-05-28,Pinjam,1495000.0,Lainnya
TRX-0002296,KDMP-00134,2026-05-13,Simpan,2752000.0,Saprotan
TRX-0002297,KDMP-00134,2026-05-09,Pinjam,2527000.0,Saprotan
TRX-0002298,KDMP-00134,2026-05-30,Pembelian,1368000.0,Saprotan
TRX-0002299,KDMP-00134,2026-06-05,Simpan,2926000.0,Simpan Pinjam
TRX-0002300,KDMP-00134,2026-06-19,Pembelian,2498000.0,Sembako
TRX-0002301,KDMP-00134,2026-06-26,Pinjam,2986000.0,Lainnya
TRX-0002302,KDMP-00134,2026-06-26,Pembelian,1230000.0,Saprotan
TRX-0002303,KDMP-00134,2026-07-19,Penjualan,1715000.0,Logistik
TRX-0002304,KDMP-00134,2026-07-16,Pinjam,2140000.0,Sembako
TRX-0002305,KDMP-00134,2026-07-06,Penjualan,3066000.0,Lainnya
TRX-0002306,KDMP-00134,2026-07-21,Penjualan,1668000.0,Saprotan
TRX-0002307,KDMP-00134,2026-07-23,Pembelian,1746000.0,Sembako
TRX-0002308,KDMP-00134,2026-08-05,Simpan,3040000.0,Sembako
TRX-0002309,KDMP-00134,2026-08-08,Pinjam,2379000.0,Simpan Pinjam
TRX-0002310,KDMP-00134,2026-08-04,Pinjam,3126000.0,Saprotan
TRX-0002311,KDMP-00134,2026-08-11,Simpan,1898000.0,Saprotan
TRX-0002312,KDMP-00135,2026-03-18,Simpan,713000.0,Sembako
TRX-0002313,KDMP-00135,2026-03-02,Simpan,2690000.0,Lainnya
TRX-0002314,KDMP-00135,2026-03-03,Penjualan,654000.0,Lainnya
TRX-0002315,KDMP-00135,2026-03-06,Pembelian,1357000.0,Simpan Pinjam
TRX-0002316,KDMP-00135,2026-03-25,Pembelian,2711000.0,Simpan Pinjam
TRX-0002317,KDMP-00135,2026-04-11,Penjualan,1971000.0,Sembako
TRX-0002318,KDMP-00135,2026-04-19,Pinjam,2456000.0,Logistik
TRX-0002319,KDMP-00135,2026-04-16,Pembelian,1195000.0,Saprotan
TRX-0002320,KDMP-00135,2026-04-10,Simpan,752000.0,Simpan Pinjam
TRX-0002321,KDMP-00135,2026-04-29,Simpan,1923000.0,Logistik
TRX-0002322,KDMP-00135,2026-05-08,Simpan,1266000.0,Sembako
TRX-0002323,KDMP-00135,2026-05-25,Penjualan,1126000.0,Lainnya
TRX-0002324,KDMP-00135,2026-05-29,Penjualan,939000.0,Lainnya
TRX-0002325,KDMP-00135,2026-05-12,Penjualan,486000.0,Simpan Pinjam
TRX-0002326,KDMP-00135,2026-06-13,Simpan,351000.0,Sembako
TRX-0002327,KDMP-00135,2026-06-19,Simpan,2109000.0,Sembako
TRX-0002328,KDMP-00135,2026-06-07,Pinjam,2454000.0,Simpan Pinjam
TRX-0002329,KDMP-00135,2026-07-22,Pembelian,80000.0,Lainnya
TRX-0002330,KDMP-00136,2026-04-02,Penjualan,49000.0,Saprotan
TRX-0002331,KDMP-00136,2026-08-03,Simpan,148000.0,Logistik
TRX-0002332,KDMP-00136,2026-08-09,Pinjam,449000.0,Logistik
TRX-0002333,KDMP-00137,2026-03-11,Pembelian,757000.0,Saprotan
TRX-0002334,KDMP-00137,2026-03-31,Pinjam,342000.0,Simpan Pinjam
TRX-0002335,KDMP-00137,2026-03-02,Simpan,997000.0,Sembako
TRX-0002336,KDMP-00137,2026-03-30,Pinjam,1120000.0,Lainnya
TRX-0002337,KDMP-00137,2026-04-21,Simpan,205000.0,Lainnya
TRX-0002338,KDMP-00137,2026-04-23,Pinjam,539000.0,Lainnya
TRX-0002339,KDMP-00137,2026-04-10,Simpan,595000.0,Simpan Pinjam
TRX-0002340,KDMP-00137,2026-05-21,Pinjam,1098000.0,Logistik
TRX-0002341,KDMP-00137,2026-05-03,Pinjam,1447000.0,Sembako
TRX-0002342,KDMP-00137,2026-05-11,Pinjam,1585000.0,Lainnya
TRX-0002343,KDMP-00137,2026-05-16,Simpan,1333000.0,Sembako
TRX-0002344,KDMP-00137,2026-06-03,Simpan,762000.0,Lainnya
TRX-0002345,KDMP-00137,2026-06-19,Pembelian,2009000.0,Saprotan
TRX-0002346,KDMP-00137,2026-06-18,Penjualan,1990000.0,Sembako
TRX-0002347,KDMP-00137,2026-07-31,Penjualan,750000.0,Logistik
TRX-0002348,KDMP-00137,2026-07-17,Pembelian,1957000.0,Lainnya
TRX-0002349,KDMP-00137,2026-07-23,Penjualan,1151000.0,Simpan Pinjam
TRX-0002350,KDMP-00137,2026-07-31,Pembelian,554000.0,Simpan Pinjam
TRX-0002351,KDMP-00137,2026-08-08,Pembelian,1512000.0,Lainnya
TRX-0002352,KDMP-00137,2026-08-01,Penjualan,1384000.0,Logistik
TRX-0002353,KDMP-00138,2026-03-01,Pembelian,2556000.0,Saprotan
TRX-0002354,KDMP-00138,2026-03-13,Pembelian,2698000.0,Saprotan
TRX-0002355,KDMP-00138,2026-03-13,Penjualan,2540000.0,Simpan Pinjam
TRX-0002356,KDMP-00138,2026-04-09,Pinjam,1800000.0,Lainnya
TRX-0002357,KDMP-00138,2026-04-29,Simpan,2005000.0,Simpan Pinjam
TRX-0002358,KDMP-00138,2026-04-21,Simpan,2539000.0,Logistik
TRX-0002359,KDMP-00138,2026-04-14,Pinjam,1959000.0,Logistik
TRX-0002360,KDMP-00138,2026-05-16,Simpan,2355000.0,Lainnya
TRX-0002361,KDMP-00138,2026-05-23,Pinjam,399000.0,Sembako
TRX-0002362,KDMP-00138,2026-05-15,Pembelian,2063000.0,Simpan Pinjam
TRX-0002363,KDMP-00138,2026-05-04,Penjualan,545000.0,Simpan Pinjam
TRX-0002364,KDMP-00138,2026-06-18,Simpan,642000.0,Simpan Pinjam
TRX-0002365,KDMP-00138,2026-06-09,Pinjam,3197000.0,Saprotan
TRX-0002366,KDMP-00138,2026-06-10,Simpan,2011000.0,Sembako
TRX-0002367,KDMP-00138,2026-06-13,Pembelian,2666000.0,Sembako
TRX-0002368,KDMP-00138,2026-06-16,Pembelian,2065000.0,Simpan Pinjam
TRX-0002369,KDMP-00138,2026-06-02,Pinjam,1958000.0,Logistik
TRX-0002370,KDMP-00138,2026-06-08,Penjualan,767000.0,Logistik
TRX-0002371,KDMP-00138,2026-07-20,Simpan,931000.0,Logistik
TRX-0002372,KDMP-00138,2026-07-15,Penjualan,2100000.0,Lainnya
TRX-0002373,KDMP-00138,2026-07-07,Pembelian,2167000.0,Saprotan
TRX-0002374,KDMP-00138,2026-08-06,Simpan,2474000.0,Simpan Pinjam
TRX-0002375,KDMP-00138,2026-08-04,Penjualan,1131000.0,Logistik
TRX-0002376,KDMP-00138,2026-08-05,Penjualan,1198000.0,Simpan Pinjam
TRX-0002377,KDMP-00139,2026-03-24,Pinjam,1153000.0,Sembako
TRX-0002378,KDMP-00139,2026-03-03,Pembelian,2413000.0,Lainnya
TRX-0002379,KDMP-00139,2026-03-18,Pembelian,1606000.0,Simpan Pinjam
TRX-0002380,KDMP-00139,2026-03-11,Penjualan,1650000.0,Sembako
TRX-0002381,KDMP-00139,2026-04-01,Pembelian,1844000.0,Saprotan
TRX-0002382,KDMP-00139,2026-04-05,Penjualan,1439000.0,Simpan Pinjam
TRX-0002383,KDMP-00139,2026-04-01,Penjualan,438000.0,Logistik
TRX-0002384,KDMP-00139,2026-04-04,Pembelian,2532000.0,Sembako
TRX-0002385,KDMP-00139,2026-04-03,Penjualan,1969000.0,Logistik
TRX-0002386,KDMP-00139,2026-04-21,Pinjam,2994000.0,Saprotan
TRX-0002387,KDMP-00139,2026-05-24,Pembelian,1657000.0,Logistik
TRX-0002388,KDMP-00139,2026-05-12,Pinjam,2104000.0,Logistik
TRX-0002389,KDMP-00139,2026-05-05,Pinjam,2946000.0,Lainnya
TRX-0002390,KDMP-00139,2026-05-08,Pembelian,2836000.0,Saprotan
TRX-0002391,KDMP-00139,2026-05-06,Pinjam,2171000.0,Saprotan
TRX-0002392,KDMP-00139,2026-05-12,Penjualan,2843000.0,Logistik
TRX-0002393,KDMP-00139,2026-06-14,Pembelian,557000.0,Logistik
TRX-0002394,KDMP-00139,2026-06-21,Simpan,792000.0,Simpan Pinjam
TRX-0002395,KDMP-00139,2026-06-14,Pinjam,3110000.0,Logistik
TRX-0002396,KDMP-00139,2026-06-15,Pinjam,2518000.0,Logistik
TRX-0002397,KDMP-00139,2026-07-05,Pembelian,2043000.0,Simpan Pinjam
TRX-0002398,KDMP-00139,2026-07-07,Pembelian,925000.0,Lainnya
TRX-0002399,KDMP-00139,2026-07-15,Pinjam,1290000.0,Saprotan
TRX-0002400,KDMP-00139,2026-07-07,Pinjam,1989000.0,Simpan Pinjam
TRX-0002401,KDMP-00139,2026-07-18,Pinjam,1556000.0,Saprotan
TRX-0002402,KDMP-00139,2026-08-04,Simpan,597000.0,Lainnya
TRX-0002403,KDMP-00139,2026-08-11,Pinjam,3043000.0,Lainnya
TRX-0002404,KDMP-00139,2026-08-08,Penjualan,1707000.0,Simpan Pinjam
TRX-0002405,KDMP-00139,2026-08-11,Pembelian,1574000.0,Saprotan
TRX-0002406,KDMP-00139,2026-08-11,Pembelian,3316000.0,Logistik
TRX-0002407,KDMP-00139,2026-08-13,Pembelian,2125000.0,Simpan Pinjam
TRX-0002408,KDMP-00140,2026-03-24,Pembelian,234000.0,Logistik
TRX-0002409,KDMP-00140,2026-03-30,Penjualan,271000.0,Sembako
TRX-0002410,KDMP-00140,2026-04-30,Penjualan,148000.0,Saprotan
TRX-0002411,KDMP-00140,2026-04-11,Simpan,703000.0,Simpan Pinjam
TRX-0002412,KDMP-00140,2026-05-03,Simpan,376000.0,Lainnya
TRX-0002413,KDMP-00140,2026-05-19,Pinjam,821000.0,Logistik
TRX-0002414,KDMP-00140,2026-06-04,Pembelian,1119000.0,Simpan Pinjam
TRX-0002415,KDMP-00140,2026-06-04,Pinjam,800000.0,Simpan Pinjam
TRX-0002416,KDMP-00140,2026-06-21,Pinjam,1806000.0,Saprotan
TRX-0002417,KDMP-00140,2026-06-29,Pembelian,2129000.0,Sembako
TRX-0002418,KDMP-00140,2026-07-04,Penjualan,3248000.0,Simpan Pinjam
TRX-0002419,KDMP-00140,2026-07-16,Pinjam,3159000.0,Logistik
TRX-0002420,KDMP-00140,2026-07-01,Simpan,991000.0,Logistik
TRX-0002421,KDMP-00140,2026-07-06,Pinjam,2257000.0,Sembako
TRX-0002422,KDMP-00140,2026-07-31,Simpan,3434000.0,Saprotan
TRX-0002423,KDMP-00140,2026-08-03,Simpan,810000.0,Logistik
TRX-0002424,KDMP-00140,2026-08-02,Pembelian,3893000.0,Saprotan
TRX-0002425,KDMP-00140,2026-08-13,Penjualan,1622000.0,Saprotan
TRX-0002426,KDMP-00140,2026-08-13,Pinjam,2751000.0,Sembako
TRX-0002427,KDMP-00140,2026-08-10,Pinjam,2821000.0,Simpan Pinjam
TRX-0002428,KDMP-00140,2026-08-05,Pembelian,1887000.0,Lainnya
TRX-0002429,KDMP-00140,2026-08-09,Penjualan,1578000.0,Logistik
TRX-0002430,KDMP-00141,2026-05-14,Simpan,1529000.0,Sembako
TRX-0002431,KDMP-00141,2026-05-25,Pinjam,1082000.0,Sembako
TRX-0002432,KDMP-00141,2026-05-02,Pembelian,1234000.0,Lainnya
TRX-0002433,KDMP-00141,2026-05-19,Penjualan,417000.0,Saprotan
TRX-0002434,KDMP-00141,2026-05-29,Pinjam,1355000.0,Logistik
TRX-0002435,KDMP-00141,2026-06-11,Simpan,2181000.0,Lainnya
TRX-0002436,KDMP-00141,2026-06-26,Pinjam,2582000.0,Logistik
TRX-0002437,KDMP-00141,2026-06-05,Simpan,2207000.0,Saprotan
TRX-0002438,KDMP-00141,2026-06-16,Simpan,1810000.0,Saprotan
TRX-0002439,KDMP-00141,2026-06-15,Penjualan,608000.0,Saprotan
TRX-0002440,KDMP-00141,2026-07-05,Penjualan,571000.0,Simpan Pinjam
TRX-0002441,KDMP-00141,2026-07-12,Penjualan,737000.0,Simpan Pinjam
TRX-0002442,KDMP-00141,2026-07-08,Penjualan,2343000.0,Sembako
TRX-0002443,KDMP-00141,2026-07-01,Simpan,528000.0,Lainnya
TRX-0002444,KDMP-00141,2026-07-19,Pinjam,724000.0,Saprotan
TRX-0002445,KDMP-00141,2026-08-01,Pembelian,2640000.0,Simpan Pinjam
TRX-0002446,KDMP-00141,2026-08-02,Pembelian,3692000.0,Sembako
TRX-0002447,KDMP-00141,2026-08-02,Penjualan,3004000.0,Logistik
TRX-0002448,KDMP-00141,2026-08-04,Pembelian,3256000.0,Sembako
TRX-0002449,KDMP-00141,2026-08-07,Simpan,2999000.0,Lainnya
TRX-0002450,KDMP-00142,2026-04-06,Pinjam,202000.0,Saprotan
TRX-0002451,KDMP-00142,2026-05-02,Pinjam,305000.0,Simpan Pinjam
TRX-0002452,KDMP-00142,2026-06-07,Simpan,876000.0,Simpan Pinjam
TRX-0002453,KDMP-00142,2026-06-19,Pembelian,2743000.0,Sembako
TRX-0002454,KDMP-00142,2026-06-03,Pembelian,2277000.0,Simpan Pinjam
TRX-0002455,KDMP-00142,2026-06-25,Pembelian,2665000.0,Simpan Pinjam
TRX-0002456,KDMP-00142,2026-07-17,Simpan,2130000.0,Simpan Pinjam
TRX-0002457,KDMP-00142,2026-07-27,Simpan,1637000.0,Simpan Pinjam
TRX-0002458,KDMP-00142,2026-07-21,Simpan,1930000.0,Saprotan
TRX-0002459,KDMP-00142,2026-07-03,Penjualan,2561000.0,Sembako
TRX-0002460,KDMP-00142,2026-07-29,Penjualan,1827000.0,Lainnya
TRX-0002461,KDMP-00142,2026-08-13,Pinjam,798000.0,Sembako
TRX-0002462,KDMP-00142,2026-08-11,Penjualan,3863000.0,Saprotan
TRX-0002463,KDMP-00142,2026-08-06,Penjualan,2534000.0,Lainnya
TRX-0002464,KDMP-00142,2026-08-06,Pinjam,1422000.0,Saprotan
TRX-0002465,KDMP-00142,2026-08-08,Simpan,3060000.0,Logistik
TRX-0002466,KDMP-00142,2026-08-08,Simpan,1551000.0,Lainnya
TRX-0002467,KDMP-00142,2026-08-04,Pembelian,3938000.0,Lainnya
TRX-0002468,KDMP-00143,2026-03-29,Pinjam,412000.0,Saprotan
TRX-0002469,KDMP-00143,2026-03-28,Pinjam,759000.0,Logistik
TRX-0002470,KDMP-00143,2026-04-05,Pinjam,543000.0,Logistik
TRX-0002471,KDMP-00143,2026-04-28,Pembelian,958000.0,Saprotan
TRX-0002472,KDMP-00143,2026-04-28,Pembelian,484000.0,Logistik
TRX-0002473,KDMP-00143,2026-05-22,Pembelian,714000.0,Simpan Pinjam
TRX-0002474,KDMP-00143,2026-05-06,Pembelian,571000.0,Sembako
TRX-0002475,KDMP-00143,2026-05-16,Pembelian,156000.0,Saprotan
TRX-0002476,KDMP-00143,2026-06-06,Simpan,497000.0,Lainnya
TRX-0002477,KDMP-00143,2026-06-07,Pinjam,341000.0,Lainnya
TRX-0002478,KDMP-00143,2026-07-28,Pembelian,508000.0,Logistik
TRX-0002479,KDMP-00143,2026-07-02,Simpan,936000.0,Sembako
TRX-0002480,KDMP-00143,2026-07-11,Pinjam,214000.0,Lainnya
TRX-0002481,KDMP-00143,2026-08-08,Pembelian,505000.0,Logistik
TRX-0002482,KDMP-00143,2026-08-05,Pembelian,485000.0,Saprotan
TRX-0002483,KDMP-00144,2026-03-20,Penjualan,638000.0,Lainnya
TRX-0002484,KDMP-00144,2026-03-10,Simpan,257000.0,Saprotan
TRX-0002485,KDMP-00144,2026-03-28,Pembelian,785000.0,Saprotan
TRX-0002486,KDMP-00144,2026-04-15,Simpan,201000.0,Logistik
TRX-0002487,KDMP-00144,2026-04-11,Pembelian,341000.0,Saprotan
TRX-0002488,KDMP-00144,2026-04-29,Pinjam,638000.0,Saprotan
TRX-0002489,KDMP-00144,2026-05-23,Pembelian,758000.0,Simpan Pinjam
TRX-0002490,KDMP-00144,2026-05-26,Pembelian,889000.0,Lainnya
TRX-0002491,KDMP-00144,2026-05-27,Pembelian,617000.0,Logistik
TRX-0002492,KDMP-00144,2026-06-29,Penjualan,392000.0,Logistik
TRX-0002493,KDMP-00144,2026-06-20,Simpan,726000.0,Sembako
TRX-0002494,KDMP-00144,2026-07-29,Simpan,607000.0,Sembako
TRX-0002495,KDMP-00144,2026-07-25,Pembelian,491000.0,Saprotan
TRX-0002496,KDMP-00144,2026-07-12,Penjualan,690000.0,Logistik
TRX-0002497,KDMP-00144,2026-08-06,Pinjam,141000.0,Lainnya
TRX-0002498,KDMP-00144,2026-08-05,Simpan,240000.0,Logistik
TRX-0002499,KDMP-00144,2026-08-10,Pembelian,821000.0,Simpan Pinjam
TRX-0002500,KDMP-00145,2026-03-10,Penjualan,494000.0,Simpan Pinjam
TRX-0002501,KDMP-00145,2026-03-17,Simpan,444000.0,Simpan Pinjam
TRX-0002502,KDMP-00145,2026-03-14,Penjualan,608000.0,Saprotan
TRX-0002503,KDMP-00145,2026-04-01,Pinjam,283000.0,Sembako
TRX-0002504,KDMP-00145,2026-04-25,Pembelian,325000.0,Logistik
TRX-0002505,KDMP-00145,2026-05-15,Simpan,256000.0,Sembako
TRX-0002506,KDMP-00145,2026-05-15,Simpan,814000.0,Simpan Pinjam
TRX-0002507,KDMP-00145,2026-05-15,Simpan,649000.0,Simpan Pinjam
TRX-0002508,KDMP-00145,2026-06-04,Penjualan,907000.0,Saprotan
TRX-0002509,KDMP-00145,2026-06-12,Pembelian,591000.0,Saprotan
TRX-0002510,KDMP-00145,2026-06-13,Penjualan,810000.0,Logistik
TRX-0002511,KDMP-00145,2026-07-20,Penjualan,331000.0,Saprotan
TRX-0002512,KDMP-00145,2026-07-25,Penjualan,459000.0,Lainnya
TRX-0002513,KDMP-00145,2026-07-23,Pembelian,224000.0,Logistik
TRX-0002514,KDMP-00145,2026-08-02,Pembelian,270000.0,Simpan Pinjam
TRX-0002515,KDMP-00145,2026-08-06,Simpan,232000.0,Saprotan
TRX-0002516,KDMP-00146,2026-03-16,Pinjam,2057000.0,Lainnya
TRX-0002517,KDMP-00146,2026-03-14,Pinjam,491000.0,Simpan Pinjam
TRX-0002518,KDMP-00146,2026-03-03,Pembelian,1596000.0,Logistik
TRX-0002519,KDMP-00146,2026-03-25,Simpan,711000.0,Simpan Pinjam
TRX-0002520,KDMP-00146,2026-04-27,Pembelian,494000.0,Logistik
TRX-0002521,KDMP-00146,2026-04-08,Pembelian,470000.0,Simpan Pinjam
TRX-0002522,KDMP-00146,2026-04-05,Simpan,2656000.0,Saprotan
TRX-0002523,KDMP-00146,2026-05-25,Simpan,435000.0,Logistik
TRX-0002524,KDMP-00146,2026-05-23,Pinjam,446000.0,Lainnya
TRX-0002525,KDMP-00146,2026-05-07,Penjualan,557000.0,Simpan Pinjam
TRX-0002526,KDMP-00146,2026-05-16,Penjualan,963000.0,Saprotan
TRX-0002527,KDMP-00146,2026-05-19,Simpan,2150000.0,Lainnya
TRX-0002528,KDMP-00146,2026-06-05,Penjualan,1604000.0,Lainnya
TRX-0002529,KDMP-00146,2026-06-18,Simpan,1267000.0,Lainnya
TRX-0002530,KDMP-00146,2026-06-27,Pembelian,1578000.0,Lainnya
TRX-0002531,KDMP-00146,2026-06-07,Simpan,1194000.0,Saprotan
TRX-0002532,KDMP-00146,2026-06-21,Simpan,1591000.0,Logistik
TRX-0002533,KDMP-00146,2026-07-04,Penjualan,800000.0,Logistik
TRX-0002534,KDMP-00146,2026-07-24,Pembelian,2140000.0,Simpan Pinjam
TRX-0002535,KDMP-00146,2026-07-24,Simpan,2040000.0,Simpan Pinjam
TRX-0002536,KDMP-00146,2026-07-27,Simpan,2323000.0,Saprotan
TRX-0002537,KDMP-00146,2026-07-21,Pembelian,1379000.0,Lainnya
TRX-0002538,KDMP-00146,2026-08-01,Simpan,1077000.0,Sembako
TRX-0002539,KDMP-00146,2026-08-03,Simpan,1075000.0,Simpan Pinjam
TRX-0002540,KDMP-00146,2026-08-12,Pinjam,1898000.0,Saprotan
TRX-0002541,KDMP-00146,2026-08-07,Pembelian,1777000.0,Logistik
TRX-0002542,KDMP-00146,2026-08-10,Simpan,1841000.0,Simpan Pinjam
TRX-0002543,KDMP-00147,2026-06-13,Pembelian,364000.0,Sembako
TRX-0002544,KDMP-00147,2026-06-07,Pembelian,183000.0,Logistik
TRX-0002545,KDMP-00147,2026-07-14,Penjualan,164000.0,Saprotan
TRX-0002546,KDMP-00147,2026-07-29,Penjualan,578000.0,Saprotan
TRX-0002547,KDMP-00147,2026-08-13,Pembelian,477000.0,Sembako
TRX-0002548,KDMP-00147,2026-08-12,Penjualan,472000.0,Logistik
TRX-0002549,KDMP-00148,2026-03-08,Pinjam,664000.0,Lainnya
TRX-0002550,KDMP-00148,2026-03-09,Simpan,2350000.0,Sembako
TRX-0002551,KDMP-00148,2026-03-16,Penjualan,2372000.0,Simpan Pinjam
TRX-0002552,KDMP-00148,2026-03-13,Pinjam,1022000.0,Sembako
TRX-0002553,KDMP-00148,2026-04-14,Pembelian,2358000.0,Sembako
TRX-0002554,KDMP-00148,2026-04-02,Penjualan,1750000.0,Saprotan
TRX-0002555,KDMP-00148,2026-04-24,Pinjam,2069000.0,Simpan Pinjam
TRX-0002556,KDMP-00148,2026-04-01,Simpan,2290000.0,Simpan Pinjam
TRX-0002557,KDMP-00148,2026-04-15,Penjualan,931000.0,Sembako
TRX-0002558,KDMP-00148,2026-05-23,Pinjam,1978000.0,Simpan Pinjam
TRX-0002559,KDMP-00148,2026-05-24,Penjualan,2413000.0,Saprotan
TRX-0002560,KDMP-00148,2026-05-20,Simpan,1437000.0,Logistik
TRX-0002561,KDMP-00148,2026-05-18,Pembelian,2705000.0,Saprotan
TRX-0002562,KDMP-00148,2026-05-12,Pembelian,2255000.0,Saprotan
TRX-0002563,KDMP-00148,2026-05-12,Pinjam,2468000.0,Simpan Pinjam
TRX-0002564,KDMP-00148,2026-06-12,Simpan,1406000.0,Simpan Pinjam
TRX-0002565,KDMP-00148,2026-06-25,Pinjam,2191000.0,Lainnya
TRX-0002566,KDMP-00148,2026-06-14,Penjualan,1271000.0,Lainnya
TRX-0002567,KDMP-00148,2026-06-05,Simpan,921000.0,Saprotan
TRX-0002568,KDMP-00148,2026-07-28,Pembelian,1822000.0,Sembako
TRX-0002569,KDMP-00148,2026-07-30,Pembelian,999000.0,Lainnya
TRX-0002570,KDMP-00148,2026-07-21,Pembelian,995000.0,Lainnya
TRX-0002571,KDMP-00148,2026-07-27,Pembelian,589000.0,Logistik
TRX-0002572,KDMP-00148,2026-08-09,Penjualan,1482000.0,Lainnya
TRX-0002573,KDMP-00148,2026-08-01,Simpan,369000.0,Lainnya
TRX-0002574,KDMP-00148,2026-08-03,Pembelian,1172000.0,Saprotan
TRX-0002575,KDMP-00149,2026-03-26,Simpan,2709000.0,Lainnya
TRX-0002576,KDMP-00149,2026-03-17,Pinjam,3336000.0,Simpan Pinjam
TRX-0002577,KDMP-00149,2026-03-24,Pinjam,2235000.0,Sembako
TRX-0002578,KDMP-00149,2026-03-21,Pinjam,1161000.0,Simpan Pinjam
TRX-0002579,KDMP-00149,2026-03-29,Pembelian,3022000.0,Sembako
TRX-0002580,KDMP-00149,2026-03-17,Penjualan,3202000.0,Logistik
TRX-0002581,KDMP-00149,2026-04-10,Pembelian,2109000.0,Logistik
TRX-0002582,KDMP-00149,2026-04-07,Penjualan,1135000.0,Simpan Pinjam
TRX-0002583,KDMP-00149,2026-04-01,Simpan,441000.0,Sembako
TRX-0002584,KDMP-00149,2026-04-27,Penjualan,897000.0,Sembako
TRX-0002585,KDMP-00149,2026-05-12,Pinjam,1331000.0,Sembako
TRX-0002586,KDMP-00149,2026-05-10,Simpan,1969000.0,Logistik
TRX-0002587,KDMP-00149,2026-05-10,Pinjam,1222000.0,Lainnya
TRX-0002588,KDMP-00149,2026-06-19,Penjualan,1791000.0,Logistik
TRX-0002589,KDMP-00149,2026-06-16,Simpan,2566000.0,Saprotan
TRX-0002590,KDMP-00149,2026-06-23,Pinjam,420000.0,Logistik
TRX-0002591,KDMP-00149,2026-06-25,Penjualan,2058000.0,Logistik
TRX-0002592,KDMP-00149,2026-06-20,Simpan,1912000.0,Logistik
TRX-0002593,KDMP-00149,2026-07-16,Penjualan,425000.0,Logistik
TRX-0002594,KDMP-00149,2026-07-03,Penjualan,897000.0,Simpan Pinjam
TRX-0002595,KDMP-00149,2026-07-23,Penjualan,1940000.0,Logistik
TRX-0002596,KDMP-00149,2026-07-11,Pembelian,1179000.0,Lainnya
TRX-0002597,KDMP-00149,2026-07-02,Simpan,2514000.0,Saprotan
TRX-0002598,KDMP-00149,2026-08-07,Penjualan,616000.0,Sembako
TRX-0002599,KDMP-00149,2026-08-10,Penjualan,1394000.0,Lainnya
TRX-0002600,KDMP-00149,2026-08-09,Pembelian,995000.0,Logistik
TRX-0002601,KDMP-00149,2026-08-10,Pinjam,713000.0,Lainnya
TRX-0002602,KDMP-00150,2026-03-04,Pinjam,256000.0,Simpan Pinjam
TRX-0002603,KDMP-00150,2026-04-02,Simpan,726000.0,Lainnya
TRX-0002604,KDMP-00150,2026-04-04,Pembelian,366000.0,Sembako
TRX-0002605,KDMP-00150,2026-05-13,Pembelian,282000.0,Logistik
TRX-0002606,KDMP-00150,2026-05-06,Pembelian,153000.0,Saprotan
TRX-0002607,KDMP-00150,2026-06-08,Pinjam,888000.0,Sembako
TRX-0002608,KDMP-00150,2026-06-05,Pembelian,256000.0,Lainnya
TRX-0002609,KDMP-00150,2026-06-15,Pinjam,648000.0,Saprotan
TRX-0002610,KDMP-00150,2026-06-14,Penjualan,844000.0,Lainnya
TRX-0002611,KDMP-00150,2026-07-04,Pinjam,785000.0,Logistik
TRX-0002612,KDMP-00150,2026-07-14,Pinjam,220000.0,Sembako
TRX-0002613,KDMP-00150,2026-07-09,Simpan,249000.0,Logistik
TRX-0002614,KDMP-00150,2026-08-03,Penjualan,983000.0,Sembako
TRX-0002615,KDMP-00150,2026-08-10,Pembelian,321000.0,Simpan Pinjam
TRX-0002616,KDMP-00150,2026-08-09,Simpan,574000.0,Lainnya
TRX-0002617,KDMP-00151,2026-03-22,Pembelian,2716000.0,Lainnya
TRX-0002618,KDMP-00151,2026-03-18,Penjualan,1370000.0,Simpan Pinjam
TRX-0002619,KDMP-00151,2026-03-10,Pembelian,861000.0,Logistik
TRX-0002620,KDMP-00151,2026-04-01,Penjualan,1473000.0,Lainnya
TRX-0002621,KDMP-00151,2026-04-19,Penjualan,1819000.0,Saprotan
TRX-0002622,KDMP-00151,2026-04-05,Simpan,2295000.0,Simpan Pinjam
TRX-0002623,KDMP-00151,2026-05-16,Pinjam,987000.0,Logistik
TRX-0002624,KDMP-00151,2026-05-06,Pinjam,1060000.0,Lainnya
TRX-0002625,KDMP-00151,2026-05-18,Penjualan,2268000.0,Simpan Pinjam
TRX-0002626,KDMP-00151,2026-05-28,Pembelian,2365000.0,Sembako
TRX-0002627,KDMP-00151,2026-05-03,Pembelian,1820000.0,Simpan Pinjam
TRX-0002628,KDMP-00151,2026-06-12,Pembelian,2682000.0,Saprotan
TRX-0002629,KDMP-00151,2026-06-25,Pinjam,1512000.0,Sembako
TRX-0002630,KDMP-00151,2026-06-25,Pinjam,2765000.0,Sembako
TRX-0002631,KDMP-00151,2026-06-24,Simpan,935000.0,Logistik
TRX-0002632,KDMP-00151,2026-06-27,Pembelian,1629000.0,Simpan Pinjam
TRX-0002633,KDMP-00151,2026-06-26,Pinjam,1709000.0,Simpan Pinjam
TRX-0002634,KDMP-00151,2026-07-03,Pinjam,1561000.0,Lainnya
TRX-0002635,KDMP-00151,2026-07-03,Penjualan,443000.0,Simpan Pinjam
TRX-0002636,KDMP-00151,2026-07-02,Simpan,2223000.0,Saprotan
TRX-0002637,KDMP-00151,2026-07-15,Simpan,1312000.0,Saprotan
TRX-0002638,KDMP-00151,2026-08-08,Pinjam,3072000.0,Logistik
TRX-0002639,KDMP-00151,2026-08-12,Pembelian,2608000.0,Logistik
TRX-0002640,KDMP-00151,2026-08-12,Pinjam,1405000.0,Saprotan
TRX-0002641,KDMP-00151,2026-08-10,Penjualan,1965000.0,Saprotan
TRX-0002642,KDMP-00151,2026-08-05,Simpan,2241000.0,Lainnya
TRX-0002643,KDMP-00151,2026-08-06,Simpan,1910000.0,Simpan Pinjam
TRX-0002644,KDMP-00152,2026-03-07,Simpan,411000.0,Lainnya
TRX-0002645,KDMP-00152,2026-04-14,Pembelian,146000.0,Lainnya
TRX-0002646,KDMP-00152,2026-06-22,Simpan,99000.0,Lainnya
TRX-0002647,KDMP-00152,2026-08-02,Simpan,141000.0,Simpan Pinjam
TRX-0002648,KDMP-00153,2026-03-21,Pinjam,113000.0,Saprotan
TRX-0002649,KDMP-00153,2026-04-30,Pinjam,262000.0,Lainnya
TRX-0002650,KDMP-00153,2026-05-09,Penjualan,212000.0,Logistik
TRX-0002651,KDMP-00153,2026-06-07,Simpan,47000.0,Logistik
TRX-0002652,KDMP-00153,2026-07-09,Pinjam,164000.0,Simpan Pinjam
TRX-0002653,KDMP-00153,2026-08-08,Penjualan,140000.0,Logistik
TRX-0002654,KDMP-00154,2026-03-06,Penjualan,169000.0,Saprotan
TRX-0002655,KDMP-00154,2026-03-02,Penjualan,509000.0,Sembako
TRX-0002656,KDMP-00154,2026-04-05,Penjualan,422000.0,Logistik
TRX-0002657,KDMP-00154,2026-04-29,Penjualan,232000.0,Sembako
TRX-0002658,KDMP-00154,2026-05-10,Pinjam,561000.0,Simpan Pinjam
TRX-0002659,KDMP-00154,2026-05-20,Simpan,262000.0,Lainnya
TRX-0002660,KDMP-00154,2026-05-08,Pembelian,337000.0,Sembako
TRX-0002661,KDMP-00154,2026-06-06,Pinjam,748000.0,Simpan Pinjam
TRX-0002662,KDMP-00154,2026-06-01,Pembelian,577000.0,Sembako
TRX-0002663,KDMP-00154,2026-06-20,Simpan,600000.0,Logistik
TRX-0002664,KDMP-00154,2026-07-08,Pembelian,779000.0,Logistik
TRX-0002665,KDMP-00154,2026-07-29,Pembelian,603000.0,Simpan Pinjam
TRX-0002666,KDMP-00154,2026-08-05,Pinjam,375000.0,Lainnya
TRX-0002667,KDMP-00154,2026-08-07,Pinjam,906000.0,Simpan Pinjam
TRX-0002668,KDMP-00155,2026-03-15,Pinjam,420000.0,Simpan Pinjam
TRX-0002669,KDMP-00155,2026-03-13,Pinjam,648000.0,Sembako
TRX-0002670,KDMP-00155,2026-04-22,Pinjam,308000.0,Logistik
TRX-0002671,KDMP-00155,2026-04-17,Simpan,751000.0,Saprotan
TRX-0002672,KDMP-00155,2026-05-27,Pinjam,201000.0,Lainnya
TRX-0002673,KDMP-00155,2026-07-22,Pinjam,319000.0,Simpan Pinjam
TRX-0002674,KDMP-00155,2026-07-07,Pembelian,304000.0,Saprotan
TRX-0002675,KDMP-00155,2026-08-05,Pembelian,119000.0,Logistik
TRX-0002676,KDMP-00156,2026-03-22,Pembelian,3522000.0,Sembako
TRX-0002677,KDMP-00156,2026-03-26,Penjualan,1916000.0,Logistik
TRX-0002678,KDMP-00156,2026-03-12,Pinjam,2293000.0,Sembako
TRX-0002679,KDMP-00156,2026-03-24,Pinjam,2038000.0,Logistik
TRX-0002680,KDMP-00156,2026-03-09,Simpan,769000.0,Simpan Pinjam
TRX-0002681,KDMP-00156,2026-03-30,Simpan,1337000.0,Logistik
TRX-0002682,KDMP-00156,2026-03-08,Pembelian,986000.0,Sembako
TRX-0002683,KDMP-00156,2026-04-08,Penjualan,642000.0,Simpan Pinjam
TRX-0002684,KDMP-00156,2026-04-23,Penjualan,783000.0,Saprotan
TRX-0002685,KDMP-00156,2026-04-30,Simpan,742000.0,Logistik
TRX-0002686,KDMP-00156,2026-04-05,Pinjam,964000.0,Saprotan
TRX-0002687,KDMP-00156,2026-04-06,Pembelian,3261000.0,Logistik
TRX-0002688,KDMP-00156,2026-04-17,Penjualan,1481000.0,Simpan Pinjam
TRX-0002689,KDMP-00156,2026-05-26,Pembelian,2015000.0,Saprotan
TRX-0002690,KDMP-00156,2026-05-31,Pinjam,1947000.0,Simpan Pinjam
TRX-0002691,KDMP-00156,2026-05-26,Pembelian,1082000.0,Lainnya
TRX-0002692,KDMP-00156,2026-05-03,Penjualan,2404000.0,Saprotan
TRX-0002693,KDMP-00156,2026-06-25,Pinjam,1665000.0,Lainnya
TRX-0002694,KDMP-00156,2026-06-24,Pembelian,2214000.0,Simpan Pinjam
TRX-0002695,KDMP-00156,2026-06-06,Pembelian,1664000.0,Sembako
TRX-0002696,KDMP-00156,2026-06-06,Simpan,1160000.0,Lainnya
TRX-0002697,KDMP-00156,2026-07-06,Penjualan,1153000.0,Logistik
TRX-0002698,KDMP-00156,2026-07-05,Pembelian,652000.0,Lainnya
TRX-0002699,KDMP-00156,2026-07-19,Simpan,2080000.0,Logistik
TRX-0002700,KDMP-00156,2026-08-12,Pembelian,1307000.0,Simpan Pinjam
TRX-0002701,KDMP-00156,2026-08-13,Penjualan,1201000.0,Sembako
TRX-0002702,KDMP-00157,2026-03-15,Pinjam,124000.0,Logistik
TRX-0002703,KDMP-00157,2026-03-24,Pinjam,464000.0,Lainnya
TRX-0002704,KDMP-00157,2026-04-12,Pinjam,696000.0,Saprotan
TRX-0002705,KDMP-00157,2026-04-14,Pembelian,440000.0,Lainnya
TRX-0002706,KDMP-00157,2026-04-05,Penjualan,644000.0,Simpan Pinjam
TRX-0002707,KDMP-00157,2026-05-04,Pinjam,627000.0,Logistik
TRX-0002708,KDMP-00157,2026-05-12,Penjualan,347000.0,Saprotan
TRX-0002709,KDMP-00157,2026-06-25,Pembelian,317000.0,Logistik
TRX-0002710,KDMP-00157,2026-06-26,Pembelian,812000.0,Saprotan
TRX-0002711,KDMP-00157,2026-07-08,Pinjam,176000.0,Saprotan
TRX-0002712,KDMP-00157,2026-07-15,Pinjam,559000.0,Saprotan
TRX-0002713,KDMP-00157,2026-08-01,Pembelian,337000.0,Simpan Pinjam
TRX-0002714,KDMP-00157,2026-08-02,Simpan,1119000.0,Saprotan
TRX-0002715,KDMP-00157,2026-08-08,Pinjam,258000.0,Logistik
TRX-0002716,KDMP-00157,2026-08-05,Simpan,284000.0,Lainnya
TRX-0002717,KDMP-00158,2026-04-11,Pembelian,65000.0,Saprotan
TRX-0002718,KDMP-00158,2026-07-01,Pembelian,131000.0,Lainnya
TRX-0002719,KDMP-00158,2026-08-13,Pinjam,201000.0,Saprotan
TRX-0002720,KDMP-00159,2026-03-26,Penjualan,1013000.0,Logistik
TRX-0002721,KDMP-00159,2026-03-14,Penjualan,1770000.0,Lainnya
TRX-0002722,KDMP-00159,2026-03-19,Penjualan,1712000.0,Simpan Pinjam
TRX-0002723,KDMP-00159,2026-03-13,Simpan,2109000.0,Logistik
TRX-0002724,KDMP-00159,2026-04-25,Pembelian,679000.0,Sembako
TRX-0002725,KDMP-00159,2026-04-09,Pinjam,1757000.0,Simpan Pinjam
TRX-0002726,KDMP-00159,2026-04-10,Penjualan,446000.0,Simpan Pinjam
TRX-0002727,KDMP-00159,2026-04-19,Pembelian,794000.0,Logistik
TRX-0002728,KDMP-00159,2026-05-19,Simpan,1514000.0,Simpan Pinjam
TRX-0002729,KDMP-00159,2026-05-03,Pembelian,403000.0,Sembako
TRX-0002730,KDMP-00159,2026-05-16,Penjualan,1093000.0,Simpan Pinjam
TRX-0002731,KDMP-00159,2026-05-06,Pinjam,1622000.0,Sembako
TRX-0002732,KDMP-00159,2026-06-11,Simpan,2238000.0,Logistik
TRX-0002733,KDMP-00159,2026-06-09,Simpan,2572000.0,Saprotan
TRX-0002734,KDMP-00159,2026-06-22,Simpan,1577000.0,Lainnya
TRX-0002735,KDMP-00159,2026-06-08,Pembelian,2161000.0,Sembako
TRX-0002736,KDMP-00159,2026-06-09,Simpan,1362000.0,Lainnya
TRX-0002737,KDMP-00159,2026-07-19,Simpan,562000.0,Saprotan
TRX-0002738,KDMP-00159,2026-07-05,Pembelian,713000.0,Simpan Pinjam
TRX-0002739,KDMP-00159,2026-07-08,Pinjam,2832000.0,Simpan Pinjam
TRX-0002740,KDMP-00159,2026-07-23,Simpan,2957000.0,Logistik
TRX-0002741,KDMP-00159,2026-07-14,Simpan,2454000.0,Saprotan
TRX-0002742,KDMP-00159,2026-07-06,Pinjam,643000.0,Sembako
TRX-0002743,KDMP-00159,2026-08-07,Pembelian,2024000.0,Logistik
TRX-0002744,KDMP-00159,2026-08-01,Simpan,2153000.0,Saprotan
TRX-0002745,KDMP-00159,2026-08-04,Pinjam,934000.0,Logistik
TRX-0002746,KDMP-00159,2026-08-07,Pembelian,3714000.0,Logistik
TRX-0002747,KDMP-00159,2026-08-04,Simpan,2005000.0,Simpan Pinjam
TRX-0002748,KDMP-00160,2026-03-20,Simpan,299000.0,Lainnya
TRX-0002749,KDMP-00160,2026-04-03,Penjualan,178000.0,Simpan Pinjam
TRX-0002750,KDMP-00160,2026-05-30,Pembelian,766000.0,Sembako
TRX-0002751,KDMP-00160,2026-05-06,Penjualan,141000.0,Simpan Pinjam
TRX-0002752,KDMP-00160,2026-05-27,Simpan,343000.0,Saprotan
TRX-0002753,KDMP-00160,2026-06-29,Simpan,193000.0,Saprotan
TRX-0002754,KDMP-00160,2026-06-19,Penjualan,241000.0,Sembako
TRX-0002755,KDMP-00160,2026-07-29,Pinjam,860000.0,Logistik
TRX-0002756,KDMP-00160,2026-07-19,Simpan,267000.0,Lainnya
TRX-0002757,KDMP-00160,2026-07-03,Simpan,901000.0,Simpan Pinjam
TRX-0002758,KDMP-00160,2026-08-03,Penjualan,837000.0,Logistik
TRX-0002759,KDMP-00160,2026-08-12,Simpan,642000.0,Sembako
TRX-0002760,KDMP-00160,2026-08-06,Pembelian,472000.0,Logistik
TRX-0002761,KDMP-00161,2026-03-10,Simpan,944000.0,Logistik
TRX-0002762,KDMP-00161,2026-03-30,Pembelian,507000.0,Saprotan
TRX-0002763,KDMP-00161,2026-03-07,Pembelian,710000.0,Logistik
TRX-0002764,KDMP-00161,2026-04-02,Penjualan,159000.0,Simpan Pinjam
TRX-0002765,KDMP-00161,2026-04-15,Pembelian,206000.0,Simpan Pinjam
TRX-0002766,KDMP-00161,2026-05-23,Simpan,776000.0,Lainnya
TRX-0002767,KDMP-00161,2026-05-16,Pinjam,351000.0,Logistik
TRX-0002768,KDMP-00161,2026-06-22,Simpan,577000.0,Simpan Pinjam
TRX-0002769,KDMP-00161,2026-06-21,Penjualan,729000.0,Saprotan
TRX-0002770,KDMP-00161,2026-06-07,Simpan,237000.0,Sembako
TRX-0002771,KDMP-00161,2026-07-27,Pinjam,382000.0,Logistik
TRX-0002772,KDMP-00161,2026-07-13,Simpan,557000.0,Logistik
TRX-0002773,KDMP-00161,2026-08-12,Pinjam,631000.0,Saprotan
TRX-0002774,KDMP-00161,2026-08-13,Pembelian,773000.0,Sembako
TRX-0002775,KDMP-00162,2026-03-14,Penjualan,962000.0,Logistik
TRX-0002776,KDMP-00162,2026-03-11,Pembelian,896000.0,Sembako
TRX-0002777,KDMP-00162,2026-04-16,Simpan,596000.0,Simpan Pinjam
TRX-0002778,KDMP-00162,2026-04-14,Penjualan,770000.0,Sembako
TRX-0002779,KDMP-00162,2026-05-12,Simpan,780000.0,Sembako
TRX-0002780,KDMP-00162,2026-05-25,Pembelian,237000.0,Simpan Pinjam
TRX-0002781,KDMP-00162,2026-05-22,Simpan,271000.0,Lainnya
TRX-0002782,KDMP-00162,2026-06-24,Penjualan,1481000.0,Logistik
TRX-0002783,KDMP-00162,2026-06-19,Simpan,2811000.0,Lainnya
TRX-0002784,KDMP-00162,2026-06-15,Penjualan,2894000.0,Saprotan
TRX-0002785,KDMP-00162,2026-06-14,Penjualan,1223000.0,Logistik
TRX-0002786,KDMP-00162,2026-07-30,Pembelian,3094000.0,Saprotan
TRX-0002787,KDMP-00162,2026-07-08,Pinjam,2825000.0,Saprotan
TRX-0002788,KDMP-00162,2026-07-21,Penjualan,1297000.0,Simpan Pinjam
TRX-0002789,KDMP-00162,2026-07-19,Simpan,2349000.0,Logistik
TRX-0002790,KDMP-00162,2026-07-17,Pembelian,1198000.0,Sembako
TRX-0002791,KDMP-00162,2026-07-27,Pinjam,1073000.0,Simpan Pinjam
TRX-0002792,KDMP-00162,2026-08-02,Simpan,508000.0,Lainnya
TRX-0002793,KDMP-00162,2026-08-09,Pinjam,2440000.0,Sembako
TRX-0002794,KDMP-00162,2026-08-12,Simpan,1652000.0,Lainnya
TRX-0002795,KDMP-00162,2026-08-08,Pembelian,2059000.0,Lainnya
TRX-0002796,KDMP-00162,2026-08-05,Penjualan,2054000.0,Simpan Pinjam
TRX-0002797,KDMP-00163,2026-03-11,Pembelian,2472000.0,Lainnya
TRX-0002798,KDMP-00163,2026-03-01,Pinjam,2802000.0,Sembako
TRX-0002799,KDMP-00163,2026-03-08,Pinjam,1670000.0,Sembako
TRX-0002800,KDMP-00163,2026-03-30,Simpan,876000.0,Simpan Pinjam
TRX-0002801,KDMP-00163,2026-03-22,Simpan,2807000.0,Logistik
TRX-0002802,KDMP-00163,2026-03-14,Pembelian,1092000.0,Simpan Pinjam
TRX-0002803,KDMP-00163,2026-03-25,Simpan,1783000.0,Saprotan
TRX-0002804,KDMP-00163,2026-04-05,Penjualan,736000.0,Sembako
TRX-0002805,KDMP-00163,2026-04-03,Simpan,3541000.0,Simpan Pinjam
TRX-0002806,KDMP-00163,2026-04-15,Simpan,854000.0,Sembako
TRX-0002807,KDMP-00163,2026-04-27,Pinjam,2092000.0,Lainnya
TRX-0002808,KDMP-00163,2026-04-22,Simpan,882000.0,Sembako
TRX-0002809,KDMP-00163,2026-05-13,Pembelian,1211000.0,Lainnya
TRX-0002810,KDMP-00163,2026-05-24,Penjualan,2624000.0,Lainnya
TRX-0002811,KDMP-00163,2026-05-26,Penjualan,2289000.0,Sembako
TRX-0002812,KDMP-00163,2026-06-27,Pembelian,206000.0,Logistik
TRX-0002813,KDMP-00163,2026-06-25,Simpan,682000.0,Sembako
TRX-0002814,KDMP-00163,2026-07-14,Penjualan,525000.0,Lainnya
TRX-0002815,KDMP-00163,2026-07-13,Pembelian,516000.0,Simpan Pinjam
TRX-0002816,KDMP-00163,2026-08-10,Penjualan,293000.0,Simpan Pinjam
TRX-0002817,KDMP-00163,2026-08-13,Pinjam,443000.0,Lainnya
TRX-0002818,KDMP-00164,2026-03-12,Pembelian,500000.0,Sembako
TRX-0002819,KDMP-00164,2026-03-07,Penjualan,226000.0,Lainnya
TRX-0002820,KDMP-00164,2026-03-22,Simpan,531000.0,Saprotan
TRX-0002821,KDMP-00164,2026-04-28,Pinjam,915000.0,Sembako
TRX-0002822,KDMP-00164,2026-04-04,Penjualan,261000.0,Lainnya
TRX-0002823,KDMP-00164,2026-05-18,Simpan,483000.0,Sembako
TRX-0002824,KDMP-00164,2026-05-02,Simpan,529000.0,Simpan Pinjam
TRX-0002825,KDMP-00164,2026-06-28,Penjualan,297000.0,Sembako
TRX-0002826,KDMP-00164,2026-06-22,Pembelian,685000.0,Saprotan
TRX-0002827,KDMP-00164,2026-07-28,Pinjam,292000.0,Sembako
TRX-0002828,KDMP-00164,2026-07-12,Penjualan,714000.0,Logistik
TRX-0002829,KDMP-00164,2026-08-01,Simpan,270000.0,Saprotan
TRX-0002830,KDMP-00165,2026-03-30,Penjualan,857000.0,Saprotan
TRX-0002831,KDMP-00165,2026-03-09,Simpan,251000.0,Saprotan
TRX-0002832,KDMP-00165,2026-04-19,Penjualan,696000.0,Simpan Pinjam
TRX-0002833,KDMP-00165,2026-04-10,Penjualan,223000.0,Lainnya
TRX-0002834,KDMP-00165,2026-05-18,Simpan,405000.0,Sembako
TRX-0002835,KDMP-00165,2026-05-25,Penjualan,892000.0,Saprotan
TRX-0002836,KDMP-00165,2026-05-14,Penjualan,911000.0,Saprotan
TRX-0002837,KDMP-00165,2026-06-04,Penjualan,200000.0,Sembako
TRX-0002838,KDMP-00165,2026-07-12,Pinjam,415000.0,Lainnya
TRX-0002839,KDMP-00165,2026-08-09,Pembelian,330000.0,Sembako
TRX-0002840,KDMP-00166,2026-03-19,Penjualan,2339000.0,Sembako
TRX-0002841,KDMP-00166,2026-03-24,Pembelian,1820000.0,Simpan Pinjam
TRX-0002842,KDMP-00166,2026-03-27,Pembelian,2600000.0,Logistik
TRX-0002843,KDMP-00166,2026-03-17,Simpan,464000.0,Lainnya
TRX-0002844,KDMP-00166,2026-03-25,Pembelian,2765000.0,Logistik
TRX-0002845,KDMP-00166,2026-04-20,Pinjam,1647000.0,Simpan Pinjam
TRX-0002846,KDMP-00166,2026-04-10,Simpan,2762000.0,Simpan Pinjam
TRX-0002847,KDMP-00166,2026-04-19,Pinjam,1576000.0,Lainnya
TRX-0002848,KDMP-00166,2026-04-08,Penjualan,1246000.0,Logistik
TRX-0002849,KDMP-00166,2026-05-04,Pinjam,359000.0,Lainnya
TRX-0002850,KDMP-00166,2026-05-09,Pembelian,798000.0,Lainnya
TRX-0002851,KDMP-00166,2026-05-21,Penjualan,782000.0,Simpan Pinjam
TRX-0002852,KDMP-00166,2026-05-02,Pembelian,662000.0,Simpan Pinjam
TRX-0002853,KDMP-00166,2026-05-24,Penjualan,2078000.0,Logistik
TRX-0002854,KDMP-00166,2026-06-04,Penjualan,846000.0,Simpan Pinjam
TRX-0002855,KDMP-00166,2026-06-27,Penjualan,1713000.0,Logistik
TRX-0002856,KDMP-00166,2026-06-07,Pinjam,513000.0,Simpan Pinjam
TRX-0002857,KDMP-00166,2026-08-07,Simpan,240000.0,Logistik
TRX-0002858,KDMP-00167,2026-03-12,Pembelian,984000.0,Simpan Pinjam
TRX-0002859,KDMP-00167,2026-03-31,Simpan,1756000.0,Logistik
TRX-0002860,KDMP-00167,2026-03-01,Pinjam,553000.0,Logistik
TRX-0002861,KDMP-00167,2026-03-26,Penjualan,852000.0,Logistik
TRX-0002862,KDMP-00167,2026-04-29,Simpan,1486000.0,Simpan Pinjam
TRX-0002863,KDMP-00167,2026-04-06,Pinjam,1145000.0,Sembako
TRX-0002864,KDMP-00167,2026-04-25,Penjualan,1642000.0,Lainnya
TRX-0002865,KDMP-00167,2026-04-10,Pembelian,1593000.0,Logistik
TRX-0002866,KDMP-00167,2026-05-31,Pinjam,2351000.0,Saprotan
TRX-0002867,KDMP-00167,2026-05-08,Pinjam,744000.0,Simpan Pinjam
TRX-0002868,KDMP-00167,2026-05-08,Pinjam,405000.0,Logistik
TRX-0002869,KDMP-00167,2026-05-31,Pembelian,882000.0,Sembako
TRX-0002870,KDMP-00167,2026-06-23,Penjualan,1635000.0,Saprotan
TRX-0002871,KDMP-00167,2026-06-17,Simpan,2457000.0,Logistik
TRX-0002872,KDMP-00167,2026-06-19,Penjualan,421000.0,Simpan Pinjam
TRX-0002873,KDMP-00167,2026-06-09,Pembelian,2546000.0,Lainnya
TRX-0002874,KDMP-00167,2026-06-19,Pembelian,2442000.0,Logistik
TRX-0002875,KDMP-00167,2026-07-01,Simpan,900000.0,Lainnya
TRX-0002876,KDMP-00167,2026-07-11,Penjualan,1705000.0,Logistik
TRX-0002877,KDMP-00167,2026-07-04,Simpan,1032000.0,Logistik
TRX-0002878,KDMP-00167,2026-07-26,Simpan,1204000.0,Lainnya
TRX-0002879,KDMP-00167,2026-08-10,Simpan,1948000.0,Sembako
TRX-0002880,KDMP-00167,2026-08-10,Pembelian,1263000.0,Simpan Pinjam
TRX-0002881,KDMP-00167,2026-08-06,Simpan,1132000.0,Logistik
TRX-0002882,KDMP-00167,2026-08-09,Simpan,2159000.0,Logistik
TRX-0002883,KDMP-00167,2026-08-09,Penjualan,902000.0,Sembako
TRX-0002884,KDMP-00168,2026-03-28,Penjualan,882000.0,Simpan Pinjam
TRX-0002885,KDMP-00168,2026-03-18,Penjualan,1422000.0,Sembako
TRX-0002886,KDMP-00168,2026-03-18,Pinjam,1912000.0,Simpan Pinjam
TRX-0002887,KDMP-00168,2026-03-07,Pembelian,858000.0,Saprotan
TRX-0002888,KDMP-00168,2026-04-19,Pinjam,378000.0,Sembako
TRX-0002889,KDMP-00168,2026-04-21,Pinjam,2617000.0,Simpan Pinjam
TRX-0002890,KDMP-00168,2026-04-30,Pembelian,565000.0,Lainnya
TRX-0002891,KDMP-00168,2026-04-26,Simpan,623000.0,Lainnya
TRX-0002892,KDMP-00168,2026-05-23,Simpan,521000.0,Lainnya
TRX-0002893,KDMP-00168,2026-05-25,Penjualan,844000.0,Logistik
TRX-0002894,KDMP-00168,2026-05-07,Pinjam,2552000.0,Saprotan
TRX-0002895,KDMP-00168,2026-05-17,Pembelian,668000.0,Lainnya
TRX-0002896,KDMP-00168,2026-05-14,Simpan,1134000.0,Saprotan
TRX-0002897,KDMP-00168,2026-06-04,Penjualan,506000.0,Saprotan
TRX-0002898,KDMP-00168,2026-06-27,Pembelian,969000.0,Simpan Pinjam
TRX-0002899,KDMP-00168,2026-06-24,Pembelian,2494000.0,Simpan Pinjam
TRX-0002900,KDMP-00168,2026-06-07,Pembelian,2745000.0,Saprotan
TRX-0002901,KDMP-00168,2026-07-20,Pembelian,481000.0,Sembako
TRX-0002902,KDMP-00168,2026-07-30,Pembelian,236000.0,Saprotan
TRX-0002903,KDMP-00168,2026-07-29,Simpan,613000.0,Logistik
TRX-0002904,KDMP-00168,2026-08-03,Pinjam,695000.0,Logistik
TRX-0002905,KDMP-00168,2026-08-06,Penjualan,140000.0,Lainnya
TRX-0002906,KDMP-00169,2026-03-25,Pembelian,616000.0,Simpan Pinjam
TRX-0002907,KDMP-00169,2026-03-14,Penjualan,533000.0,Logistik
TRX-0002908,KDMP-00169,2026-03-27,Pembelian,899000.0,Saprotan
TRX-0002909,KDMP-00169,2026-03-23,Simpan,2036000.0,Logistik
TRX-0002910,KDMP-00169,2026-03-20,Pembelian,730000.0,Logistik
TRX-0002911,KDMP-00169,2026-04-09,Pembelian,1100000.0,Sembako
TRX-0002912,KDMP-00169,2026-04-10,Pinjam,890000.0,Lainnya
TRX-0002913,KDMP-00169,2026-04-03,Penjualan,1572000.0,Simpan Pinjam
TRX-0002914,KDMP-00169,2026-04-08,Penjualan,2680000.0,Lainnya
TRX-0002915,KDMP-00169,2026-04-30,Pembelian,1609000.0,Sembako
TRX-0002916,KDMP-00169,2026-04-18,Pembelian,1707000.0,Simpan Pinjam
TRX-0002917,KDMP-00169,2026-05-20,Penjualan,1588000.0,Simpan Pinjam
TRX-0002918,KDMP-00169,2026-05-03,Simpan,1661000.0,Lainnya
TRX-0002919,KDMP-00169,2026-05-09,Simpan,1658000.0,Saprotan
TRX-0002920,KDMP-00169,2026-06-16,Pembelian,522000.0,Simpan Pinjam
TRX-0002921,KDMP-00169,2026-06-08,Penjualan,2524000.0,Lainnya
TRX-0002922,KDMP-00169,2026-06-15,Penjualan,796000.0,Logistik
TRX-0002923,KDMP-00169,2026-06-18,Penjualan,2308000.0,Saprotan
TRX-0002924,KDMP-00169,2026-07-11,Penjualan,2946000.0,Sembako
TRX-0002925,KDMP-00169,2026-07-25,Penjualan,2362000.0,Sembako
TRX-0002926,KDMP-00169,2026-07-24,Penjualan,2612000.0,Sembako
TRX-0002927,KDMP-00169,2026-07-25,Penjualan,1224000.0,Sembako
TRX-0002928,KDMP-00169,2026-07-16,Penjualan,2163000.0,Logistik
TRX-0002929,KDMP-00169,2026-08-11,Penjualan,596000.0,Simpan Pinjam
TRX-0002930,KDMP-00169,2026-08-06,Pinjam,3223000.0,Sembako
TRX-0002931,KDMP-00169,2026-08-09,Simpan,2676000.0,Saprotan
TRX-0002932,KDMP-00169,2026-08-02,Pembelian,1170000.0,Lainnya
TRX-0002933,KDMP-00169,2026-08-09,Pinjam,2319000.0,Saprotan
TRX-0002934,KDMP-00169,2026-08-13,Penjualan,1820000.0,Simpan Pinjam
TRX-0002935,KDMP-00170,2026-03-26,Penjualan,1538000.0,Saprotan
TRX-0002936,KDMP-00170,2026-03-02,Pinjam,1252000.0,Logistik
TRX-0002937,KDMP-00170,2026-03-20,Penjualan,423000.0,Sembako
TRX-0002938,KDMP-00170,2026-03-29,Pembelian,1915000.0,Logistik
TRX-0002939,KDMP-00170,2026-04-24,Simpan,601000.0,Lainnya
TRX-0002940,KDMP-00170,2026-04-13,Penjualan,753000.0,Simpan Pinjam
TRX-0002941,KDMP-00170,2026-04-26,Simpan,1405000.0,Lainnya
TRX-0002942,KDMP-00170,2026-04-11,Simpan,946000.0,Sembako
TRX-0002943,KDMP-00170,2026-04-27,Pembelian,1289000.0,Lainnya
TRX-0002944,KDMP-00170,2026-05-02,Pinjam,1768000.0,Sembako
TRX-0002945,KDMP-00170,2026-05-08,Pinjam,1403000.0,Lainnya
TRX-0002946,KDMP-00170,2026-05-18,Pinjam,2527000.0,Lainnya
TRX-0002947,KDMP-00170,2026-06-25,Pembelian,2303000.0,Simpan Pinjam
TRX-0002948,KDMP-00170,2026-06-09,Penjualan,543000.0,Sembako
TRX-0002949,KDMP-00170,2026-06-09,Penjualan,2534000.0,Lainnya
TRX-0002950,KDMP-00170,2026-07-24,Simpan,1215000.0,Simpan Pinjam
TRX-0002951,KDMP-00170,2026-07-16,Pinjam,2051000.0,Simpan Pinjam
TRX-0002952,KDMP-00170,2026-07-13,Pembelian,1958000.0,Lainnya
TRX-0002953,KDMP-00170,2026-07-13,Simpan,2344000.0,Simpan Pinjam
TRX-0002954,KDMP-00170,2026-08-07,Simpan,688000.0,Simpan Pinjam
TRX-0002955,KDMP-00170,2026-08-11,Simpan,1575000.0,Logistik
TRX-0002956,KDMP-00170,2026-08-01,Pembelian,1052000.0,Logistik
TRX-0002957,KDMP-00171,2026-03-24,Pinjam,330000.0,Simpan Pinjam
TRX-0002958,KDMP-00171,2026-03-31,Simpan,177000.0,Sembako
TRX-0002959,KDMP-00171,2026-04-10,Pinjam,621000.0,Simpan Pinjam
TRX-0002960,KDMP-00171,2026-05-28,Penjualan,632000.0,Simpan Pinjam
TRX-0002961,KDMP-00171,2026-05-08,Simpan,398000.0,Saprotan
TRX-0002962,KDMP-00171,2026-06-28,Penjualan,383000.0,Sembako
TRX-0002963,KDMP-00171,2026-06-10,Pinjam,519000.0,Saprotan
TRX-0002964,KDMP-00171,2026-07-27,Penjualan,723000.0,Simpan Pinjam
TRX-0002965,KDMP-00171,2026-07-12,Pembelian,867000.0,Lainnya
TRX-0002966,KDMP-00171,2026-07-17,Pembelian,836000.0,Saprotan
TRX-0002967,KDMP-00171,2026-07-05,Pinjam,495000.0,Lainnya
TRX-0002968,KDMP-00171,2026-08-06,Penjualan,879000.0,Saprotan
TRX-0002969,KDMP-00171,2026-08-01,Simpan,892000.0,Simpan Pinjam
TRX-0002970,KDMP-00172,2026-03-25,Simpan,860000.0,Simpan Pinjam
TRX-0002971,KDMP-00172,2026-03-09,Simpan,2328000.0,Sembako
TRX-0002972,KDMP-00172,2026-03-08,Pembelian,1300000.0,Sembako
TRX-0002973,KDMP-00172,2026-03-23,Pinjam,578000.0,Lainnya
TRX-0002974,KDMP-00172,2026-04-20,Pembelian,1797000.0,Simpan Pinjam
TRX-0002975,KDMP-00172,2026-04-21,Pembelian,1923000.0,Logistik
TRX-0002976,KDMP-00172,2026-04-13,Simpan,954000.0,Simpan Pinjam
TRX-0002977,KDMP-00172,2026-04-14,Penjualan,497000.0,Sembako
TRX-0002978,KDMP-00172,2026-05-11,Pinjam,2696000.0,Sembako
TRX-0002979,KDMP-00172,2026-05-17,Pinjam,1819000.0,Lainnya
TRX-0002980,KDMP-00172,2026-05-17,Penjualan,2584000.0,Sembako
TRX-0002981,KDMP-00172,2026-05-07,Penjualan,3149000.0,Sembako
TRX-0002982,KDMP-00172,2026-05-11,Pinjam,2187000.0,Sembako
TRX-0002983,KDMP-00172,2026-05-27,Penjualan,2080000.0,Simpan Pinjam
TRX-0002984,KDMP-00172,2026-05-11,Pinjam,2490000.0,Logistik
TRX-0002985,KDMP-00172,2026-06-20,Penjualan,2360000.0,Logistik
TRX-0002986,KDMP-00172,2026-06-29,Pembelian,2586000.0,Logistik
TRX-0002987,KDMP-00172,2026-06-26,Simpan,1260000.0,Simpan Pinjam
TRX-0002988,KDMP-00172,2026-06-03,Simpan,2512000.0,Lainnya
TRX-0002989,KDMP-00172,2026-07-21,Simpan,2321000.0,Sembako
TRX-0002990,KDMP-00172,2026-07-08,Pembelian,1570000.0,Logistik
TRX-0002991,KDMP-00172,2026-07-11,Penjualan,1549000.0,Lainnya
TRX-0002992,KDMP-00172,2026-08-12,Pembelian,808000.0,Simpan Pinjam
TRX-0002993,KDMP-00172,2026-08-09,Pembelian,1763000.0,Sembako
TRX-0002994,KDMP-00172,2026-08-05,Simpan,914000.0,Saprotan
TRX-0002995,KDMP-00172,2026-08-02,Simpan,1327000.0,Sembako
TRX-0002996,KDMP-00172,2026-08-12,Simpan,1969000.0,Simpan Pinjam
TRX-0002997,KDMP-00173,2026-03-02,Simpan,2863000.0,Sembako
TRX-0002998,KDMP-00173,2026-03-11,Pembelian,2437000.0,Logistik
TRX-0002999,KDMP-00173,2026-03-14,Pinjam,2849000.0,Sembako
TRX-0003000,KDMP-00173,2026-03-04,Penjualan,1761000.0,Simpan Pinjam
TRX-0003001,KDMP-00173,2026-03-28,Penjualan,1518000.0,Sembako
TRX-0003002,KDMP-00173,2026-03-28,Penjualan,2871000.0,Lainnya
TRX-0003003,KDMP-00173,2026-04-29,Penjualan,1579000.0,Sembako
TRX-0003004,KDMP-00173,2026-04-22,Pinjam,1567000.0,Sembako
TRX-0003005,KDMP-00173,2026-04-24,Pembelian,1375000.0,Sembako
TRX-0003006,KDMP-00173,2026-04-25,Pembelian,3210000.0,Saprotan
TRX-0003007,KDMP-00173,2026-04-12,Penjualan,3049000.0,Logistik
TRX-0003008,KDMP-00173,2026-04-06,Pinjam,1923000.0,Lainnya
TRX-0003009,KDMP-00173,2026-05-18,Pembelian,1327000.0,Lainnya
TRX-0003010,KDMP-00173,2026-05-17,Simpan,837000.0,Saprotan
TRX-0003011,KDMP-00173,2026-05-02,Penjualan,2073000.0,Simpan Pinjam
TRX-0003012,KDMP-00173,2026-05-18,Penjualan,1051000.0,Lainnya
TRX-0003013,KDMP-00173,2026-05-25,Pembelian,2614000.0,Saprotan
TRX-0003014,KDMP-00173,2026-06-30,Pembelian,2484000.0,Logistik
TRX-0003015,KDMP-00173,2026-06-08,Simpan,488000.0,Lainnya
TRX-0003016,KDMP-00173,2026-06-02,Penjualan,2144000.0,Saprotan
TRX-0003017,KDMP-00173,2026-06-23,Penjualan,1479000.0,Lainnya
TRX-0003018,KDMP-00173,2026-06-17,Simpan,2384000.0,Lainnya
TRX-0003019,KDMP-00173,2026-07-10,Pembelian,2549000.0,Sembako
TRX-0003020,KDMP-00173,2026-07-15,Simpan,2313000.0,Lainnya
TRX-0003021,KDMP-00173,2026-07-13,Pinjam,2560000.0,Lainnya
TRX-0003022,KDMP-00173,2026-07-13,Simpan,1935000.0,Lainnya
TRX-0003023,KDMP-00173,2026-08-09,Simpan,660000.0,Simpan Pinjam
TRX-0003024,KDMP-00173,2026-08-06,Pinjam,1868000.0,Lainnya
TRX-0003025,KDMP-00173,2026-08-06,Penjualan,1090000.0,Saprotan
TRX-0003026,KDMP-00173,2026-08-09,Simpan,475000.0,Lainnya
TRX-0003027,KDMP-00173,2026-08-04,Pembelian,2094000.0,Simpan Pinjam
TRX-0003028,KDMP-00173,2026-08-13,Pembelian,711000.0,Saprotan
TRX-0003029,KDMP-00174,2026-03-18,Penjualan,580000.0,Logistik
TRX-0003030,KDMP-00174,2026-03-01,Pinjam,789000.0,Simpan Pinjam
TRX-0003031,KDMP-00174,2026-03-04,Pinjam,574000.0,Logistik
TRX-0003032,KDMP-00174,2026-04-06,Pembelian,771000.0,Saprotan
TRX-0003033,KDMP-00174,2026-04-24,Pembelian,698000.0,Lainnya
TRX-0003034,KDMP-00174,2026-05-20,Simpan,647000.0,Simpan Pinjam
TRX-0003035,KDMP-00174,2026-05-17,Pembelian,816000.0,Lainnya
TRX-0003036,KDMP-00174,2026-06-29,Simpan,706000.0,Logistik
TRX-0003037,KDMP-00174,2026-06-04,Pembelian,747000.0,Lainnya
TRX-0003038,KDMP-00174,2026-07-26,Pembelian,132000.0,Logistik
TRX-0003039,KDMP-00174,2026-07-12,Pembelian,453000.0,Logistik
TRX-0003040,KDMP-00174,2026-08-07,Pinjam,487000.0,Saprotan
TRX-0003041,KDMP-00175,2026-03-07,Penjualan,819000.0,Lainnya
TRX-0003042,KDMP-00175,2026-03-14,Penjualan,497000.0,Simpan Pinjam
TRX-0003043,KDMP-00175,2026-04-11,Penjualan,416000.0,Saprotan
TRX-0003044,KDMP-00175,2026-04-25,Simpan,845000.0,Logistik
TRX-0003045,KDMP-00175,2026-04-08,Simpan,601000.0,Lainnya
TRX-0003046,KDMP-00175,2026-05-27,Pembelian,737000.0,Logistik
TRX-0003047,KDMP-00175,2026-05-01,Penjualan,665000.0,Lainnya
TRX-0003048,KDMP-00175,2026-06-13,Penjualan,814000.0,Sembako
TRX-0003049,KDMP-00175,2026-06-25,Pinjam,233000.0,Lainnya
TRX-0003050,KDMP-00175,2026-06-03,Pembelian,296000.0,Lainnya
TRX-0003051,KDMP-00175,2026-07-03,Pinjam,177000.0,Lainnya
TRX-0003052,KDMP-00175,2026-07-21,Simpan,182000.0,Sembako
TRX-0003053,KDMP-00175,2026-08-12,Simpan,192000.0,Sembako
TRX-0003054,KDMP-00175,2026-08-13,Pembelian,459000.0,Lainnya
TRX-0003055,KDMP-00175,2026-08-10,Pinjam,278000.0,Logistik
TRX-0003056,KDMP-00176,2026-03-08,Simpan,2385000.0,Saprotan
TRX-0003057,KDMP-00176,2026-03-16,Pinjam,461000.0,Logistik
TRX-0003058,KDMP-00176,2026-03-13,Pembelian,2032000.0,Sembako
TRX-0003059,KDMP-00176,2026-03-15,Pembelian,2343000.0,Logistik
TRX-0003060,KDMP-00176,2026-04-20,Pembelian,2315000.0,Saprotan
TRX-0003061,KDMP-00176,2026-04-26,Penjualan,486000.0,Logistik
TRX-0003062,KDMP-00176,2026-04-27,Pinjam,2465000.0,Logistik
TRX-0003063,KDMP-00176,2026-04-06,Penjualan,3021000.0,Saprotan
TRX-0003064,KDMP-00176,2026-04-30,Simpan,495000.0,Sembako
TRX-0003065,KDMP-00176,2026-04-07,Pembelian,3153000.0,Logistik
TRX-0003066,KDMP-00176,2026-05-11,Simpan,2649000.0,Simpan Pinjam
TRX-0003067,KDMP-00176,2026-05-30,Pinjam,852000.0,Sembako
TRX-0003068,KDMP-00176,2026-05-30,Penjualan,1485000.0,Logistik
TRX-0003069,KDMP-00176,2026-05-28,Pembelian,393000.0,Sembako
TRX-0003070,KDMP-00176,2026-06-04,Pembelian,350000.0,Logistik
TRX-0003071,KDMP-00176,2026-06-17,Simpan,890000.0,Simpan Pinjam
TRX-0003072,KDMP-00176,2026-06-18,Simpan,1412000.0,Logistik
TRX-0003073,KDMP-00176,2026-06-07,Pinjam,625000.0,Sembako
TRX-0003074,KDMP-00176,2026-07-19,Penjualan,1339000.0,Simpan Pinjam
TRX-0003075,KDMP-00176,2026-07-11,Penjualan,2959000.0,Simpan Pinjam
TRX-0003076,KDMP-00176,2026-07-10,Penjualan,2957000.0,Sembako
TRX-0003077,KDMP-00176,2026-07-10,Penjualan,1700000.0,Simpan Pinjam
TRX-0003078,KDMP-00176,2026-07-22,Simpan,1759000.0,Sembako
TRX-0003079,KDMP-00176,2026-08-08,Pinjam,2726000.0,Lainnya
TRX-0003080,KDMP-00176,2026-08-03,Penjualan,817000.0,Sembako
TRX-0003081,KDMP-00176,2026-08-11,Penjualan,2490000.0,Logistik
TRX-0003082,KDMP-00176,2026-08-10,Pembelian,2642000.0,Sembako
TRX-0003083,KDMP-00177,2026-03-14,Pembelian,2145000.0,Lainnya
TRX-0003084,KDMP-00177,2026-03-24,Pinjam,2230000.0,Lainnya
TRX-0003085,KDMP-00177,2026-03-25,Pinjam,1885000.0,Simpan Pinjam
TRX-0003086,KDMP-00177,2026-03-18,Pembelian,3277000.0,Sembako
TRX-0003087,KDMP-00177,2026-03-06,Simpan,3192000.0,Logistik
TRX-0003088,KDMP-00177,2026-03-08,Pinjam,583000.0,Sembako
TRX-0003089,KDMP-00177,2026-04-30,Penjualan,1545000.0,Logistik
TRX-0003090,KDMP-00177,2026-04-02,Pinjam,1755000.0,Logistik
TRX-0003091,KDMP-00177,2026-04-13,Pembelian,1082000.0,Sembako
TRX-0003092,KDMP-00177,2026-04-01,Pinjam,1441000.0,Lainnya
TRX-0003093,KDMP-00177,2026-04-22,Pembelian,826000.0,Simpan Pinjam
TRX-0003094,KDMP-00177,2026-04-12,Simpan,1049000.0,Simpan Pinjam
TRX-0003095,KDMP-00177,2026-05-22,Simpan,1820000.0,Sembako
TRX-0003096,KDMP-00177,2026-05-18,Pinjam,2036000.0,Sembako
TRX-0003097,KDMP-00177,2026-05-13,Pembelian,1838000.0,Sembako
TRX-0003098,KDMP-00177,2026-05-25,Pembelian,1479000.0,Sembako
TRX-0003099,KDMP-00177,2026-07-25,Penjualan,239000.0,Lainnya
TRX-0003100,KDMP-00178,2026-03-10,Penjualan,253000.0,Simpan Pinjam
TRX-0003101,KDMP-00178,2026-03-30,Penjualan,96000.0,Saprotan
TRX-0003102,KDMP-00178,2026-04-08,Pinjam,300000.0,Lainnya
TRX-0003103,KDMP-00178,2026-04-09,Simpan,309000.0,Simpan Pinjam
TRX-0003104,KDMP-00178,2026-05-24,Penjualan,136000.0,Sembako
TRX-0003105,KDMP-00178,2026-06-17,Pinjam,189000.0,Sembako
TRX-0003106,KDMP-00178,2026-07-30,Pembelian,61000.0,Simpan Pinjam
TRX-0003107,KDMP-00178,2026-08-08,Pembelian,130000.0,Lainnya
TRX-0003108,KDMP-00179,2026-03-30,Pinjam,370000.0,Saprotan
TRX-0003109,KDMP-00179,2026-03-03,Penjualan,555000.0,Logistik
TRX-0003110,KDMP-00179,2026-03-18,Pinjam,665000.0,Logistik
TRX-0003111,KDMP-00179,2026-03-28,Pinjam,710000.0,Lainnya
TRX-0003112,KDMP-00179,2026-04-05,Simpan,832000.0,Lainnya
TRX-0003113,KDMP-00179,2026-04-16,Penjualan,623000.0,Lainnya
TRX-0003114,KDMP-00179,2026-05-21,Pembelian,137000.0,Simpan Pinjam
TRX-0003115,KDMP-00179,2026-05-23,Simpan,387000.0,Sembako
TRX-0003116,KDMP-00179,2026-05-28,Simpan,588000.0,Logistik
TRX-0003117,KDMP-00179,2026-06-15,Penjualan,327000.0,Sembako
TRX-0003118,KDMP-00179,2026-06-06,Simpan,537000.0,Lainnya
TRX-0003119,KDMP-00179,2026-06-24,Simpan,231000.0,Saprotan
TRX-0003120,KDMP-00179,2026-07-13,Pinjam,586000.0,Lainnya
TRX-0003121,KDMP-00179,2026-08-10,Simpan,253000.0,Simpan Pinjam
TRX-0003122,KDMP-00180,2026-03-22,Simpan,1061000.0,Logistik
TRX-0003123,KDMP-00180,2026-03-08,Pembelian,950000.0,Lainnya
TRX-0003124,KDMP-00180,2026-03-30,Penjualan,1070000.0,Saprotan
TRX-0003125,KDMP-00180,2026-03-09,Penjualan,558000.0,Saprotan
TRX-0003126,KDMP-00180,2026-04-30,Pinjam,671000.0,Simpan Pinjam
TRX-0003127,KDMP-00180,2026-04-11,Pinjam,810000.0,Simpan Pinjam
TRX-0003128,KDMP-00180,2026-05-19,Pembelian,496000.0,Simpan Pinjam
TRX-0003129,KDMP-00180,2026-05-20,Simpan,446000.0,Sembako
TRX-0003130,KDMP-00180,2026-06-23,Pinjam,179000.0,Saprotan
TRX-0003131,KDMP-00180,2026-06-21,Pinjam,331000.0,Lainnya
TRX-0003132,KDMP-00180,2026-07-18,Simpan,593000.0,Sembako
TRX-0003133,KDMP-00180,2026-07-25,Pinjam,418000.0,Saprotan
TRX-0003134,KDMP-00180,2026-08-05,Penjualan,108000.0,Lainnya
TRX-0003135,KDMP-00181,2026-05-02,Pembelian,220000.0,Lainnya
TRX-0003136,KDMP-00181,2026-05-11,Pembelian,337000.0,Saprotan
TRX-0003137,KDMP-00181,2026-07-03,Simpan,185000.0,Saprotan
TRX-0003138,KDMP-00181,2026-08-04,Penjualan,294000.0,Simpan Pinjam
TRX-0003139,KDMP-00182,2026-03-07,Pinjam,2148000.0,Logistik
TRX-0003140,KDMP-00182,2026-03-31,Penjualan,2450000.0,Simpan Pinjam
TRX-0003141,KDMP-00182,2026-03-15,Simpan,2647000.0,Sembako
TRX-0003142,KDMP-00182,2026-03-20,Simpan,472000.0,Simpan Pinjam
TRX-0003143,KDMP-00182,2026-03-21,Penjualan,2364000.0,Saprotan
TRX-0003144,KDMP-00182,2026-03-26,Penjualan,3068000.0,Sembako
TRX-0003145,KDMP-00182,2026-04-20,Penjualan,1719000.0,Lainnya
TRX-0003146,KDMP-00182,2026-04-18,Penjualan,1908000.0,Lainnya
TRX-0003147,KDMP-00182,2026-04-05,Pinjam,2496000.0,Sembako
TRX-0003148,KDMP-00182,2026-04-05,Pembelian,1198000.0,Lainnya
TRX-0003149,KDMP-00182,2026-04-28,Simpan,1916000.0,Logistik
TRX-0003150,KDMP-00182,2026-05-18,Pinjam,2545000.0,Logistik
TRX-0003151,KDMP-00182,2026-05-11,Pinjam,496000.0,Logistik
TRX-0003152,KDMP-00182,2026-05-09,Simpan,1619000.0,Simpan Pinjam
TRX-0003153,KDMP-00182,2026-05-23,Simpan,683000.0,Lainnya
TRX-0003154,KDMP-00182,2026-06-11,Pinjam,1719000.0,Saprotan
TRX-0003155,KDMP-00182,2026-06-11,Simpan,2351000.0,Simpan Pinjam
TRX-0003156,KDMP-00182,2026-06-10,Penjualan,1622000.0,Sembako
TRX-0003157,KDMP-00182,2026-06-14,Simpan,2390000.0,Sembako
TRX-0003158,KDMP-00182,2026-07-02,Pembelian,2400000.0,Saprotan
TRX-0003159,KDMP-00182,2026-07-08,Pembelian,1219000.0,Sembako
TRX-0003160,KDMP-00182,2026-07-05,Penjualan,2576000.0,Saprotan
TRX-0003161,KDMP-00182,2026-08-06,Simpan,1046000.0,Logistik
TRX-0003162,KDMP-00182,2026-08-04,Pinjam,542000.0,Lainnya
TRX-0003163,KDMP-00182,2026-08-11,Penjualan,2576000.0,Saprotan
TRX-0003164,KDMP-00182,2026-08-09,Pinjam,1320000.0,Logistik
TRX-0003165,KDMP-00183,2026-03-31,Pembelian,191000.0,Logistik
TRX-0003166,KDMP-00183,2026-03-21,Pinjam,360000.0,Saprotan
TRX-0003167,KDMP-00183,2026-04-05,Simpan,607000.0,Lainnya
TRX-0003168,KDMP-00183,2026-04-23,Pembelian,760000.0,Saprotan
TRX-0003169,KDMP-00183,2026-05-26,Pembelian,469000.0,Lainnya
TRX-0003170,KDMP-00183,2026-05-04,Pembelian,651000.0,Simpan Pinjam
TRX-0003171,KDMP-00183,2026-06-05,Penjualan,337000.0,Saprotan
TRX-0003172,KDMP-00183,2026-06-02,Pinjam,694000.0,Sembako
TRX-0003173,KDMP-00183,2026-07-09,Pinjam,417000.0,Simpan Pinjam
TRX-0003174,KDMP-00183,2026-07-18,Pinjam,379000.0,Saprotan
TRX-0003175,KDMP-00183,2026-07-06,Pinjam,210000.0,Logistik
TRX-0003176,KDMP-00183,2026-07-03,Pinjam,674000.0,Simpan Pinjam
TRX-0003177,KDMP-00183,2026-08-06,Simpan,676000.0,Saprotan
TRX-0003178,KDMP-00183,2026-08-05,Pinjam,757000.0,Simpan Pinjam
TRX-0003179,KDMP-00183,2026-08-10,Penjualan,575000.0,Saprotan
TRX-0003180,KDMP-00184,2026-03-25,Pinjam,476000.0,Logistik
TRX-0003181,KDMP-00184,2026-03-18,Pembelian,736000.0,Sembako
TRX-0003182,KDMP-00184,2026-04-23,Pinjam,776000.0,Sembako
TRX-0003183,KDMP-00184,2026-04-06,Penjualan,614000.0,Logistik
TRX-0003184,KDMP-00184,2026-04-07,Pinjam,644000.0,Simpan Pinjam
TRX-0003185,KDMP-00184,2026-05-06,Penjualan,662000.0,Saprotan
TRX-0003186,KDMP-00184,2026-05-05,Pembelian,323000.0,Logistik
TRX-0003187,KDMP-00184,2026-05-31,Penjualan,915000.0,Logistik
TRX-0003188,KDMP-00184,2026-05-22,Penjualan,845000.0,Saprotan
TRX-0003189,KDMP-00184,2026-06-29,Pembelian,237000.0,Saprotan
TRX-0003190,KDMP-00184,2026-06-23,Pembelian,589000.0,Lainnya
TRX-0003191,KDMP-00184,2026-06-18,Pembelian,729000.0,Saprotan
TRX-0003192,KDMP-00184,2026-07-04,Pinjam,356000.0,Logistik
TRX-0003193,KDMP-00184,2026-07-29,Pinjam,715000.0,Simpan Pinjam
TRX-0003194,KDMP-00184,2026-08-01,Simpan,330000.0,Saprotan
TRX-0003195,KDMP-00184,2026-08-10,Pinjam,718000.0,Lainnya
TRX-0003196,KDMP-00185,2026-04-28,Pinjam,171000.0,Sembako
TRX-0003197,KDMP-00185,2026-08-09,Pinjam,244000.0,Sembako
TRX-0003198,KDMP-00185,2026-08-12,Simpan,146000.0,Simpan Pinjam
TRX-0003199,KDMP-00186,2026-03-17,Pembelian,246000.0,Simpan Pinjam
TRX-0003200,KDMP-00186,2026-05-26,Penjualan,139000.0,Lainnya
TRX-0003201,KDMP-00186,2026-07-16,Pinjam,348000.0,Lainnya
TRX-0003202,KDMP-00186,2026-08-11,Pembelian,222000.0,Saprotan
TRX-0003203,KDMP-00186,2026-08-06,Pembelian,306000.0,Simpan Pinjam
TRX-0003204,KDMP-00187,2026-03-26,Penjualan,402000.0,Simpan Pinjam
TRX-0003205,KDMP-00187,2026-04-13,Penjualan,111000.0,Lainnya
TRX-0003206,KDMP-00187,2026-05-15,Penjualan,155000.0,Saprotan
TRX-0003207,KDMP-00187,2026-05-06,Pembelian,319000.0,Lainnya
TRX-0003208,KDMP-00188,2026-03-03,Simpan,2305000.0,Simpan Pinjam
TRX-0003209,KDMP-00188,2026-03-21,Pembelian,1780000.0,Sembako
TRX-0003210,KDMP-00188,2026-03-07,Penjualan,2158000.0,Lainnya
TRX-0003211,KDMP-00188,2026-03-16,Penjualan,1605000.0,Simpan Pinjam
TRX-0003212,KDMP-00188,2026-03-16,Penjualan,2369000.0,Lainnya
TRX-0003213,KDMP-00188,2026-03-05,Pinjam,3159000.0,Sembako
TRX-0003214,KDMP-00188,2026-04-06,Penjualan,728000.0,Logistik
TRX-0003215,KDMP-00188,2026-04-25,Pembelian,1525000.0,Sembako
TRX-0003216,KDMP-00188,2026-04-25,Penjualan,727000.0,Sembako
TRX-0003217,KDMP-00188,2026-04-13,Penjualan,721000.0,Simpan Pinjam
TRX-0003218,KDMP-00188,2026-05-24,Penjualan,803000.0,Logistik
TRX-0003219,KDMP-00188,2026-05-11,Pinjam,847000.0,Simpan Pinjam
TRX-0003220,KDMP-00188,2026-05-20,Pembelian,1028000.0,Sembako
TRX-0003221,KDMP-00188,2026-05-07,Pinjam,1308000.0,Logistik
TRX-0003222,KDMP-00188,2026-06-15,Simpan,2014000.0,Lainnya
TRX-0003223,KDMP-00188,2026-06-25,Simpan,637000.0,Simpan Pinjam
TRX-0003224,KDMP-00188,2026-06-10,Penjualan,629000.0,Lainnya
TRX-0003225,KDMP-00188,2026-07-28,Penjualan,2951000.0,Lainnya
TRX-0003226,KDMP-00188,2026-07-05,Pembelian,2246000.0,Lainnya
TRX-0003227,KDMP-00188,2026-07-05,Penjualan,1208000.0,Lainnya
TRX-0003228,KDMP-00188,2026-07-28,Simpan,953000.0,Saprotan
TRX-0003229,KDMP-00188,2026-08-12,Penjualan,2674000.0,Simpan Pinjam
TRX-0003230,KDMP-00188,2026-08-10,Simpan,2411000.0,Simpan Pinjam
TRX-0003231,KDMP-00188,2026-08-10,Pinjam,2587000.0,Sembako
TRX-0003232,KDMP-00188,2026-08-04,Pinjam,2579000.0,Sembako
TRX-0003233,KDMP-00189,2026-03-12,Simpan,1582000.0,Lainnya
TRX-0003234,KDMP-00189,2026-03-10,Pembelian,1425000.0,Simpan Pinjam
TRX-0003235,KDMP-00189,2026-03-09,Penjualan,2739000.0,Simpan Pinjam
TRX-0003236,KDMP-00189,2026-03-16,Penjualan,492000.0,Logistik
TRX-0003237,KDMP-00189,2026-03-20,Pembelian,758000.0,Logistik
TRX-0003238,KDMP-00189,2026-04-06,Penjualan,1104000.0,Logistik
TRX-0003239,KDMP-00189,2026-04-03,Pinjam,2232000.0,Logistik
TRX-0003240,KDMP-00189,2026-04-01,Pinjam,2598000.0,Simpan Pinjam
TRX-0003241,KDMP-00189,2026-04-28,Simpan,726000.0,Lainnya
TRX-0003242,KDMP-00189,2026-04-29,Penjualan,2056000.0,Saprotan
TRX-0003243,KDMP-00189,2026-04-28,Pembelian,1210000.0,Sembako
TRX-0003244,KDMP-00189,2026-05-02,Penjualan,426000.0,Sembako
TRX-0003245,KDMP-00189,2026-05-30,Pinjam,1761000.0,Logistik
TRX-0003246,KDMP-00189,2026-05-25,Pinjam,1643000.0,Saprotan
TRX-0003247,KDMP-00189,2026-05-26,Simpan,1320000.0,Lainnya
TRX-0003248,KDMP-00189,2026-06-25,Simpan,1430000.0,Saprotan
TRX-0003249,KDMP-00189,2026-06-27,Pembelian,843000.0,Simpan Pinjam
TRX-0003250,KDMP-00189,2026-06-27,Penjualan,778000.0,Simpan Pinjam
TRX-0003251,KDMP-00189,2026-06-09,Pinjam,1903000.0,Logistik
TRX-0003252,KDMP-00189,2026-07-25,Penjualan,1160000.0,Lainnya
TRX-0003253,KDMP-00189,2026-07-07,Penjualan,453000.0,Logistik
TRX-0003254,KDMP-00189,2026-08-05,Penjualan,1004000.0,Logistik
TRX-0003255,KDMP-00189,2026-08-09,Penjualan,526000.0,Lainnya
TRX-0003256,KDMP-00190,2026-03-22,Simpan,648000.0,Logistik
TRX-0003257,KDMP-00190,2026-03-19,Penjualan,197000.0,Sembako
TRX-0003258,KDMP-00190,2026-04-07,Penjualan,568000.0,Logistik
TRX-0003259,KDMP-00190,2026-04-08,Penjualan,559000.0,Logistik
TRX-0003260,KDMP-00190,2026-05-02,Simpan,646000.0,Saprotan
TRX-0003261,KDMP-00190,2026-05-31,Simpan,3108000.0,Logistik
TRX-0003262,KDMP-00190,2026-05-26,Pinjam,1256000.0,Simpan Pinjam
TRX-0003263,KDMP-00190,2026-05-07,Penjualan,741000.0,Sembako
TRX-0003264,KDMP-00190,2026-05-06,Simpan,1989000.0,Lainnya
TRX-0003265,KDMP-00190,2026-06-23,Pinjam,1730000.0,Lainnya
TRX-0003266,KDMP-00190,2026-06-01,Pembelian,1174000.0,Sembako
TRX-0003267,KDMP-00190,2026-06-11,Pembelian,2060000.0,Simpan Pinjam
TRX-0003268,KDMP-00190,2026-06-06,Pinjam,2191000.0,Saprotan
TRX-0003269,KDMP-00190,2026-06-29,Pinjam,2858000.0,Logistik
TRX-0003270,KDMP-00190,2026-06-03,Simpan,2814000.0,Lainnya
TRX-0003271,KDMP-00190,2026-07-23,Pinjam,2225000.0,Sembako
TRX-0003272,KDMP-00190,2026-07-09,Pinjam,420000.0,Logistik
TRX-0003273,KDMP-00190,2026-07-10,Simpan,1309000.0,Lainnya
TRX-0003274,KDMP-00190,2026-07-03,Penjualan,404000.0,Sembako
TRX-0003275,KDMP-00190,2026-08-02,Simpan,2099000.0,Sembako
TRX-0003276,KDMP-00190,2026-08-11,Simpan,444000.0,Lainnya
TRX-0003277,KDMP-00190,2026-08-13,Penjualan,997000.0,Lainnya
TRX-0003278,KDMP-00190,2026-08-12,Simpan,2331000.0,Lainnya
TRX-0003279,KDMP-00190,2026-08-04,Penjualan,401000.0,Saprotan
TRX-0003280,KDMP-00190,2026-08-01,Simpan,2401000.0,Lainnya
TRX-0003281,KDMP-00191,2026-04-20,Pinjam,219000.0,Logistik
TRX-0003282,KDMP-00191,2026-05-21,Pembelian,346000.0,Sembako
TRX-0003283,KDMP-00191,2026-06-04,Pinjam,169000.0,Logistik
TRX-0003284,KDMP-00191,2026-07-30,Pinjam,93000.0,Sembako
TRX-0003285,KDMP-00191,2026-08-01,Pinjam,148000.0,Logistik
TRX-0003286,KDMP-00192,2026-03-06,Simpan,332000.0,Logistik
TRX-0003287,KDMP-00192,2026-03-24,Simpan,293000.0,Lainnya
TRX-0003288,KDMP-00192,2026-04-15,Penjualan,915000.0,Sembako
TRX-0003289,KDMP-00192,2026-04-30,Simpan,698000.0,Simpan Pinjam
TRX-0003290,KDMP-00192,2026-05-07,Pinjam,284000.0,Sembako
TRX-0003291,KDMP-00192,2026-05-27,Pembelian,598000.0,Sembako
TRX-0003292,KDMP-00192,2026-05-02,Pembelian,242000.0,Sembako
TRX-0003293,KDMP-00192,2026-05-22,Simpan,695000.0,Sembako
TRX-0003294,KDMP-00192,2026-06-26,Penjualan,948000.0,Simpan Pinjam
TRX-0003295,KDMP-00192,2026-06-23,Pinjam,472000.0,Simpan Pinjam
TRX-0003296,KDMP-00192,2026-06-03,Pinjam,909000.0,Sembako
TRX-0003297,KDMP-00192,2026-07-19,Simpan,564000.0,Lainnya
TRX-0003298,KDMP-00192,2026-07-27,Penjualan,185000.0,Lainnya
TRX-0003299,KDMP-00192,2026-07-29,Simpan,905000.0,Saprotan
TRX-0003300,KDMP-00192,2026-08-08,Simpan,726000.0,Lainnya
TRX-0003301,KDMP-00192,2026-08-04,Pinjam,540000.0,Lainnya
TRX-0003302,KDMP-00193,2026-03-02,Penjualan,629000.0,Saprotan
TRX-0003303,KDMP-00193,2026-03-14,Pinjam,630000.0,Saprotan
TRX-0003304,KDMP-00193,2026-04-06,Pembelian,819000.0,Logistik
TRX-0003305,KDMP-00193,2026-04-10,Pinjam,608000.0,Sembako
TRX-0003306,KDMP-00193,2026-05-06,Pinjam,221000.0,Lainnya
TRX-0003307,KDMP-00193,2026-05-06,Pinjam,366000.0,Lainnya
TRX-0003308,KDMP-00193,2026-05-05,Pinjam,858000.0,Logistik
TRX-0003309,KDMP-00193,2026-06-16,Penjualan,738000.0,Saprotan
TRX-0003310,KDMP-00193,2026-06-12,Pembelian,159000.0,Sembako
TRX-0003311,KDMP-00193,2026-06-26,Penjualan,299000.0,Lainnya
TRX-0003312,KDMP-00193,2026-07-16,Pembelian,340000.0,Simpan Pinjam
TRX-0003313,KDMP-00193,2026-07-22,Pembelian,373000.0,Saprotan
TRX-0003314,KDMP-00193,2026-08-08,Pinjam,155000.0,Simpan Pinjam
TRX-0003315,KDMP-00193,2026-08-01,Pinjam,248000.0,Saprotan
TRX-0003316,KDMP-00194,2026-03-08,Simpan,1815000.0,Lainnya
TRX-0003317,KDMP-00194,2026-03-09,Pinjam,1969000.0,Lainnya
TRX-0003318,KDMP-00194,2026-03-03,Pinjam,1574000.0,Sembako
TRX-0003319,KDMP-00194,2026-03-11,Penjualan,1036000.0,Logistik
TRX-0003320,KDMP-00194,2026-03-30,Simpan,1000000.0,Lainnya
TRX-0003321,KDMP-00194,2026-03-27,Pinjam,3086000.0,Saprotan
TRX-0003322,KDMP-00194,2026-03-05,Penjualan,2352000.0,Lainnya
TRX-0003323,KDMP-00194,2026-04-13,Pembelian,1332000.0,Lainnya
TRX-0003324,KDMP-00194,2026-04-14,Pembelian,618000.0,Saprotan
TRX-0003325,KDMP-00194,2026-04-05,Pinjam,1742000.0,Lainnya
TRX-0003326,KDMP-00194,2026-04-14,Penjualan,2315000.0,Lainnya
TRX-0003327,KDMP-00194,2026-04-03,Simpan,3131000.0,Sembako
TRX-0003328,KDMP-00194,2026-05-25,Pembelian,1690000.0,Saprotan
TRX-0003329,KDMP-00194,2026-05-20,Pembelian,1860000.0,Simpan Pinjam
TRX-0003330,KDMP-00194,2026-05-04,Pembelian,1982000.0,Simpan Pinjam
TRX-0003331,KDMP-00194,2026-06-11,Pembelian,2299000.0,Simpan Pinjam
TRX-0003332,KDMP-00194,2026-06-09,Simpan,434000.0,Lainnya
TRX-0003333,KDMP-00194,2026-06-13,Simpan,1458000.0,Sembako
TRX-0003334,KDMP-00194,2026-06-12,Simpan,2334000.0,Saprotan
TRX-0003335,KDMP-00194,2026-06-09,Penjualan,1425000.0,Lainnya
TRX-0003336,KDMP-00194,2026-07-28,Pembelian,1360000.0,Saprotan
TRX-0003337,KDMP-00194,2026-07-26,Pinjam,723000.0,Logistik
TRX-0003338,KDMP-00194,2026-07-16,Pinjam,1690000.0,Sembako
TRX-0003339,KDMP-00194,2026-08-10,Penjualan,1513000.0,Lainnya
TRX-0003340,KDMP-00194,2026-08-12,Penjualan,1231000.0,Logistik
TRX-0003341,KDMP-00194,2026-08-09,Pembelian,1091000.0,Sembako
TRX-0003342,KDMP-00195,2026-03-17,Penjualan,741000.0,Simpan Pinjam
TRX-0003343,KDMP-00195,2026-03-20,Pembelian,1732000.0,Logistik
TRX-0003344,KDMP-00195,2026-03-31,Simpan,1361000.0,Lainnya
TRX-0003345,KDMP-00195,2026-03-22,Pembelian,1004000.0,Lainnya
TRX-0003346,KDMP-00195,2026-04-17,Pinjam,961000.0,Lainnya
TRX-0003347,KDMP-00195,2026-04-29,Penjualan,963000.0,Saprotan
TRX-0003348,KDMP-00195,2026-04-09,Simpan,1021000.0,Sembako
TRX-0003349,KDMP-00195,2026-04-20,Pembelian,546000.0,Lainnya
TRX-0003350,KDMP-00195,2026-04-02,Pinjam,1721000.0,Saprotan
TRX-0003351,KDMP-00195,2026-05-02,Simpan,2305000.0,Sembako
TRX-0003352,KDMP-00195,2026-05-03,Pinjam,496000.0,Sembako
TRX-0003353,KDMP-00195,2026-05-20,Pinjam,842000.0,Simpan Pinjam
TRX-0003354,KDMP-00195,2026-05-08,Pinjam,1271000.0,Simpan Pinjam
TRX-0003355,KDMP-00195,2026-05-19,Simpan,561000.0,Saprotan
TRX-0003356,KDMP-00195,2026-06-01,Penjualan,1359000.0,Sembako
TRX-0003357,KDMP-00195,2026-06-21,Simpan,1908000.0,Simpan Pinjam
TRX-0003358,KDMP-00195,2026-06-19,Simpan,1154000.0,Simpan Pinjam
TRX-0003359,KDMP-00195,2026-07-22,Simpan,2900000.0,Lainnya
TRX-0003360,KDMP-00195,2026-07-14,Pinjam,1931000.0,Logistik
TRX-0003361,KDMP-00195,2026-07-26,Pinjam,513000.0,Saprotan
TRX-0003362,KDMP-00195,2026-07-27,Simpan,794000.0,Saprotan
TRX-0003363,KDMP-00195,2026-07-12,Pinjam,1453000.0,Logistik
TRX-0003364,KDMP-00195,2026-08-13,Simpan,2189000.0,Saprotan
TRX-0003365,KDMP-00195,2026-08-04,Penjualan,3378000.0,Logistik
TRX-0003366,KDMP-00195,2026-08-13,Simpan,860000.0,Saprotan
TRX-0003367,KDMP-00195,2026-08-07,Pembelian,2877000.0,Simpan Pinjam
TRX-0003368,KDMP-00196,2026-03-02,Penjualan,332000.0,Logistik
TRX-0003369,KDMP-00196,2026-04-08,Penjualan,259000.0,Sembako
TRX-0003370,KDMP-00196,2026-04-22,Pinjam,288000.0,Simpan Pinjam
TRX-0003371,KDMP-00196,2026-06-25,Pinjam,219000.0,Logistik
TRX-0003372,KDMP-00196,2026-06-16,Pinjam,670000.0,Saprotan
TRX-0003373,KDMP-00196,2026-07-13,Penjualan,438000.0,Sembako
TRX-0003374,KDMP-00196,2026-07-09,Penjualan,150000.0,Sembako
TRX-0003375,KDMP-00196,2026-08-05,Pinjam,461000.0,Sembako
TRX-0003376,KDMP-00196,2026-08-09,Penjualan,94000.0,Sembako
TRX-0003377,KDMP-00197,2026-03-16,Pembelian,1639000.0,Simpan Pinjam
TRX-0003378,KDMP-00197,2026-03-06,Simpan,2654000.0,Logistik
TRX-0003379,KDMP-00197,2026-03-29,Penjualan,2798000.0,Saprotan
TRX-0003380,KDMP-00197,2026-03-23,Pinjam,1548000.0,Saprotan
TRX-0003381,KDMP-00197,2026-03-21,Pinjam,2597000.0,Sembako
TRX-0003382,KDMP-00197,2026-04-02,Pembelian,2495000.0,Lainnya
TRX-0003383,KDMP-00197,2026-04-24,Pinjam,942000.0,Saprotan
TRX-0003384,KDMP-00197,2026-04-12,Pinjam,888000.0,Lainnya
TRX-0003385,KDMP-00197,2026-05-21,Pembelian,2534000.0,Saprotan
TRX-0003386,KDMP-00197,2026-05-31,Pembelian,2556000.0,Saprotan
TRX-0003387,KDMP-00197,2026-05-22,Pembelian,633000.0,Lainnya
TRX-0003388,KDMP-00197,2026-05-09,Simpan,1075000.0,Saprotan
TRX-0003389,KDMP-00197,2026-06-21,Simpan,917000.0,Saprotan
TRX-0003390,KDMP-00197,2026-06-11,Pembelian,1811000.0,Simpan Pinjam
TRX-0003391,KDMP-00197,2026-06-03,Penjualan,2245000.0,Simpan Pinjam
TRX-0003392,KDMP-00197,2026-06-05,Pinjam,2468000.0,Saprotan
TRX-0003393,KDMP-00197,2026-06-20,Pinjam,2075000.0,Lainnya
TRX-0003394,KDMP-00197,2026-07-29,Pinjam,1682000.0,Simpan Pinjam
TRX-0003395,KDMP-00197,2026-07-10,Pembelian,1104000.0,Logistik
TRX-0003396,KDMP-00197,2026-07-07,Pinjam,900000.0,Simpan Pinjam
TRX-0003397,KDMP-00197,2026-07-29,Pinjam,2708000.0,Saprotan
TRX-0003398,KDMP-00197,2026-08-02,Pinjam,2643000.0,Simpan Pinjam
TRX-0003399,KDMP-00197,2026-08-05,Simpan,2713000.0,Simpan Pinjam
TRX-0003400,KDMP-00197,2026-08-10,Pembelian,518000.0,Saprotan
TRX-0003401,KDMP-00197,2026-08-09,Pembelian,2416000.0,Saprotan
TRX-0003402,KDMP-00198,2026-03-08,Simpan,413000.0,Sembako
TRX-0003403,KDMP-00198,2026-03-30,Penjualan,183000.0,Lainnya
TRX-0003404,KDMP-00198,2026-04-17,Simpan,418000.0,Lainnya
TRX-0003405,KDMP-00198,2026-04-27,Pinjam,722000.0,Saprotan
TRX-0003406,KDMP-00198,2026-05-30,Simpan,391000.0,Saprotan
TRX-0003407,KDMP-00198,2026-05-02,Pembelian,397000.0,Lainnya
TRX-0003408,KDMP-00198,2026-05-23,Penjualan,928000.0,Logistik
TRX-0003409,KDMP-00198,2026-06-26,Penjualan,503000.0,Sembako
TRX-0003410,KDMP-00198,2026-06-21,Simpan,651000.0,Simpan Pinjam
TRX-0003411,KDMP-00198,2026-07-15,Simpan,272000.0,Lainnya
TRX-0003412,KDMP-00198,2026-07-26,Pinjam,732000.0,Lainnya
TRX-0003413,KDMP-00198,2026-08-13,Penjualan,820000.0,Saprotan
TRX-0003414,KDMP-00198,2026-08-06,Pinjam,902000.0,Lainnya
