kabupaten_kota,kecamatan,desa,dimensi_sosial,dimensi_ekonomi,dimensi_lingkungan,skor_idm,status_idm
Kab. Deli Serdang,Gunung Meriah,Kuta Bayu,0.8571,0.3167,0.7333,0.6357,Berkembang
Kab. Deli Serdang,Gunung Meriah,Gunung Paribuan,0.8171,0.45,0.7333,0.6668,Berkembang
Kab. Deli Serdang,Gunung Meriah,Simempar,0.8057,0.4333,0.6,0.613,Berkembang
Kab. Deli Serdang,Gunung Meriah,Gunung Seribu,0.8,0.4667,0.5333,0.6,Berkembang
Kab. Deli Serdang,Gunung Meriah,Gunung Sinembah,0.8457,0.4833,0.8667,0.7319,Maju
Kab. Deli Serdang,Gunung Meriah,Bintang Meriah,0.7943,0.4833,0.5333,0.6037,Berkembang
Kab. Deli Serdang,Gunung Meriah,Kuta Tengah,0.7714,0.3833,0.8667,0.6738,Berkembang
Kab. Deli Serdang,Gunung Meriah,Pekan Gunung Mariah,0.6857,0.6,0.8,0.6952,Berkembang
Kab. Deli Serdang,Gunung Meriah,Gunung Meriah,0.6914,0.6,0.8,0.6971,Berkembang
Kab. Deli Serdang,Gunung Meriah,Ujung Meriah,0.8,0.4333,0.6,0.6111,Berkembang
Kab. Deli Serdang,Gunung Meriah,Marjandi Pematang,0.8114,0.4667,0.6667,0.6483,Berkembang
Kab. Deli Serdang,Gunung Meriah,Marjandi Tongah,0.7029,0.3833,0.8667,0.651,Berkembang
Kab. Deli Serdang,Tanjung Morawa,Medan Senembah,0.8629,0.6333,0.8667,0.7876,Maju
Kab. Deli Serdang,Tanjung Morawa,Ujung Serdang,0.8571,0.7667,0.3333,0.6524,Berkembang
Kab. Deli Serdang,Tanjung Morawa,Limau Manis,0.9371,0.8333,0.6667,0.8124,Maju
Kab. Deli Serdang,Tanjung Morawa,Bandar Labuhan,0.9429,0.6,0.7333,0.7587,Maju
Kab. Deli Serdang,Tanjung Morawa,Bangun Rejo,0.8343,0.7,0.6,0.7114,Maju
Kab. Deli Serdang,Tanjung Morawa,Aek Pancur,0.7886,0.6167,0.6667,0.6906,Berkembang
Kab. Deli Serdang,Tanjung Morawa,Sei Merah,0.8171,0.6167,0.6667,0.7002,Berkembang
Kab. Deli Serdang,Tanjung Morawa,Naga Timbul,0.7657,0.6,0.7333,0.6997,Berkembang
Kab. Deli Serdang,Tanjung Morawa,Lengau Seprang,0.8457,0.6667,0.8667,0.793,Maju
Kab. Deli Serdang,Tanjung Morawa,Tanjung Mulia,0.8171,0.6,0.6,0.6724,Berkembang
Kab. Deli Serdang,Tanjung Morawa,Punden Rejo,0.7371,0.8,0.6,0.7124,Maju
Kab. Deli Serdang,Tanjung Morawa,Tanjung Morawa-B,0.8229,0.8667,0.8667,0.8521,Mandiri
Kab. Deli Serdang,Tanjung Morawa,Dagang Kerawan,0.8114,0.7833,0.5333,0.7094,Maju
Kab. Deli Serdang,Tanjung Morawa,Tanjung Morawa-A,0.8571,0.8,0.8667,0.8413,Mandiri
Kab. Deli Serdang,Tanjung Morawa,Buntu Bedimbar,0.8571,0.7333,0.9333,0.8413,Mandiri
Kab. Deli Serdang,Tanjung Morawa,Bangun Sari,0.8514,0.7667,0.8,0.806,Maju
Kab. Deli Serdang,Tanjung Morawa,Dagang Kelambir,0.8457,0.6667,0.5333,0.6819,Berkembang
Kab. Deli Serdang,Tanjung Morawa,Dalu Sepuluh-A,0.8114,0.6,0.5333,0.6483,Berkembang
Kab. Deli Serdang,Tanjung Morawa,Dalu Sepuluh-B,0.9143,0.5333,0.4667,0.6381,Berkembang
Kab. Deli Serdang,Tanjung Morawa,Wonosari,0.88,0.8333,0.6667,0.7933,Maju
Kab. Deli Serdang,Tanjung Morawa,Perdamean,0.8571,0.5667,0.6667,0.6968,Berkembang
Kab. Deli Serdang,Tanjung Morawa,Penara Kebun,0.8057,0.6167,0.6667,0.6963,Berkembang
Kab. Deli Serdang,Tanjung Morawa,Bangun Sari Baru,0.7886,0.6333,0.8667,0.7629,Maju
Kab. Deli Serdang,Tanjung Morawa,Telaga Sari,0.8343,0.7333,0.5333,0.7003,Berkembang
Kab. Deli Serdang,Tanjung Morawa,Tanjung Baru,0.8686,0.65,0.5333,0.684,Berkembang
Kab. Deli Serdang,Sibolangit,Bandar Baru,0.8629,0.9167,0.6667,0.8154,Maju
Kab. Deli Serdang,Sibolangit,Batu Layang,0.7886,0.6,0.6667,0.6851,Berkembang
Kab. Deli Serdang,Sibolangit,Batu Mbelin,0.68,0.6,0.6667,0.6489,Berkembang
Kab. Deli Serdang,Sibolangit,Betimus Mbaru,0.7086,0.5667,0.6667,0.6473,Berkembang
Kab. Deli Serdang,Sibolangit,Bengkurung,0.6571,0.6,0.6,0.619,Berkembang
Kab. Deli Serdang,Sibolangit,Bingkawan,0.7257,0.6167,0.6667,0.6697,Berkembang
Kab. Deli Serdang,Sibolangit,Buah Nabar,0.68,0.5833,0.6667,0.6433,Berkembang
Kab. Deli Serdang,Sibolangit,Bukum,0.7086,0.55,0.6667,0.6417,Berkembang
Kab. Deli Serdang,Sibolangit,Buluh Awar,0.6629,0.5833,0.6667,0.6376,Berkembang
Kab. Deli Serdang,Sibolangit,Cinta Rakyat,0.7657,0.4667,0.6667,0.633,Berkembang
Kab. Deli Serdang,Sibolangit,Durin Serugun,0.7086,0.45,0.6667,0.6084,Berkembang
Kab. Deli Serdang,Sibolangit,Ketangkuhen,0.68,0.55,0.6667,0.6322,Berkembang
Kab. Deli Serdang,Sibolangit,Kuala,0.6343,0.5833,0.6,0.6059,Berkembang
Kab. Deli Serdang,Sibolangit,Martelu,0.6686,0.55,0.6667,0.6284,Berkembang
Kab. Deli Serdang,Sibolangit,Negeri Gugung,0.6914,0.5667,0.6667,0.6416,Berkembang
Kab. Deli Serdang,Sibolangit,Puangaja,0.7314,0.5833,0.6667,0.6605,Berkembang
Kab. Deli Serdang,Sibolangit,Rumah Kinangkung Sp,0.6743,0.4833,0.6667,0.6081,Berkembang
Kab. Deli Serdang,Sibolangit,Rambung Baru,0.6971,0.6167,0.6667,0.6602,Berkembang
Kab. Deli Serdang,Sibolangit,Rumah Pil Pil,0.7314,0.6,0.6667,0.666,Berkembang
Kab. Deli Serdang,Sibolangit,Rumah Sumbul,0.7486,0.5667,0.6667,0.6606,Berkembang
Kab. Deli Serdang,Sibolangit,Sala Bulan,0.7143,0.55,0.6667,0.6437,Berkembang
Kab. Deli Serdang,Sibolangit,Sayum Sabah,0.68,0.6,0.6667,0.6489,Berkembang
Kab. Deli Serdang,Sibolangit,Sembahe,0.7143,0.6667,0.5333,0.6381,Berkembang
Kab. Deli Serdang,Sibolangit,Sibolangit,0.7314,0.6667,0.6,0.666,Berkembang
Kab. Deli Serdang,Sibolangit,Sikeben,0.6571,0.5167,0.6667,0.6135,Berkembang
Kab. Deli Serdang,Sibolangit,Suka Maju,0.7829,0.6167,0.6667,0.6887,Berkembang
Kab. Deli Serdang,Sibolangit,Suka Makmur,0.7829,0.8833,0.6667,0.7776,Maju
Kab. Deli Serdang,Sibolangit,Tambunen,0.7086,0.5167,0.6667,0.6306,Berkembang
Kab. Deli Serdang,Sibolangit,Tanjung Beringin,0.5829,0.4333,0.8667,0.6276,Berkembang
Kab. Deli Serdang,Sibolangit,Ujung Deleng,0.64,0.5333,0.8667,0.68,Berkembang
Kab. Deli Serdang,Kutalimbaru,Suka Makmur,0.8171,0.5167,0.5333,0.6224,Berkembang
Kab. Deli Serdang,Kutalimbaru,Namo Mirik,0.7029,0.6667,0.4667,0.6121,Berkembang
Kab. Deli Serdang,Kutalimbaru,Suka Dame,0.6514,0.5833,0.6,0.6116,Berkembang
Kab. Deli Serdang,Kutalimbaru,Pasar X,0.6743,0.7,0.5333,0.6359,Berkembang
Kab. Deli Serdang,Kutalimbaru,Perpanden,0.7714,0.6333,0.6667,0.6905,Berkembang
Kab. Deli Serdang,Kutalimbaru,Kutalimbaru,0.7829,0.6333,0.5333,0.6498,Berkembang
Kab. Deli Serdang,Kutalimbaru,Sampe Cita,0.7371,0.5833,0.6667,0.6624,Berkembang
Kab. Deli Serdang,Kutalimbaru,Suka Rende,0.7829,0.7,0.6667,0.7165,Maju
Kab. Deli Serdang,Kutalimbaru,Kwala Lau Bicik,0.8343,0.5,0.6667,0.667,Berkembang
Kab. Deli Serdang,Kutalimbaru,Lau Bekeri,0.7257,0.6667,0.6667,0.6863,Berkembang
Kab. Deli Serdang,Kutalimbaru,Silebo-Lebo,0.7886,0.6,0.6667,0.6851,Berkembang
Kab. Deli Serdang,Kutalimbaru,Sawit Rejo,0.8971,0.5833,0.6667,0.7157,Maju
Kab. Deli Serdang,Kutalimbaru,Namo Rube Julu,0.7714,0.5833,0.6,0.6516,Berkembang
Kab. Deli Serdang,Kutalimbaru,Sei Mencirim,0.8971,0.75,0.6667,0.7713,Maju
Kab. Deli Serdang,Pancur Batu,Bintang Meriah,0.7086,0.7,0.5333,0.6473,Berkembang
Kab. Deli Serdang,Pancur Batu,Sugau,0.7314,0.6333,0.6667,0.6771,Berkembang
Kab. Deli Serdang,Pancur Batu,Tiang Layar,0.7371,0.5667,0.6,0.6346,Berkembang
Kab. Deli Serdang,Pancur Batu,Durin Simbelang,0.84,0.6167,0.6667,0.7078,Maju
Kab. Deli Serdang,Pancur Batu,Namo Riam,0.7771,0.6333,0.6667,0.6924,Berkembang
Kab. Deli Serdang,Pancur Batu,Durin Tonggal,0.8171,0.6833,0.8,0.7668,Maju
Kab. Deli Serdang,Pancur Batu,Hulu,0.8686,0.7333,0.6667,0.7562,Maju
Kab. Deli Serdang,Pancur Batu,Pertampilen,0.7943,0.6333,0.6667,0.6981,Berkembang
Kab. Deli Serdang,Pancur Batu,Salam Tani,0.7257,0.6333,0.6667,0.6752,Berkembang
Kab. Deli Serdang,Pancur Batu,Tengah,0.88,0.9167,0.6667,0.8211,Mandiri
Kab. Deli Serdang,Pancur Batu,Namo Simpur,0.7429,0.7,0.6667,0.7032,Berkembang
Kab. Deli Serdang,Pancur Batu,Simalingkar A,0.7886,0.75,0.6667,0.7351,Maju
Kab. Deli Serdang,Pancur Batu,Namo Bintang,0.8686,0.7,0.6,0.7229,Maju
Kab. Deli Serdang,Pancur Batu,Lama,0.8286,0.7667,0.8667,0.8206,Mandiri
Kab. Deli Serdang,Pancur Batu,Namo Rih,0.8514,0.6,0.6,0.6838,Berkembang
Kab. Deli Serdang,Pancur Batu,Tuntungan I,0.8286,0.6,0.6667,0.6984,Berkembang
Kab. Deli Serdang,Pancur Batu,Gunung Tinggi,0.7943,0.6333,0.5333,0.6537,Berkembang
Kab. Deli Serdang,Pancur Batu,Tuntungan Ii,0.9429,0.7667,0.6667,0.7921,Maju
Kab. Deli Serdang,Pancur Batu,Durin Jangak,0.7829,0.7,0.6667,0.7165,Maju
Kab. Deli Serdang,Pancur Batu,Sembahe Baru,0.7943,0.6833,0.5333,0.6703,Berkembang
Kab. Deli Serdang,Pancur Batu,Tanjung Anom,0.9143,0.9333,0.6667,0.8381,Mandiri
Kab. Deli Serdang,Pancur Batu,Sei Glugur,0.8057,0.6,0.6667,0.6908,Berkembang
Kab. Deli Serdang,Pancur Batu,Suka Raya,0.8286,0.75,0.6667,0.7484,Maju
Kab. Deli Serdang,Pancur Batu,Baru,0.9257,0.8,0.8,0.8419,Mandiri
Kab. Deli Serdang,Pancur Batu,Perumnas Simalingkar,0.9086,0.7,0.6,0.7362,Maju
Kab. Deli Serdang,Namo Rambe,Deli Tua,0.9429,0.9,0.4,0.7476,Maju
Kab. Deli Serdang,Namo Rambe,Jati Kesuma,0.8914,0.6667,0.8667,0.8083,Maju
Kab. Deli Serdang,Namo Rambe,Namo Rambe,0.7943,0.7167,0.6667,0.7259,Maju
Kab. Deli Serdang,Namo Rambe,Gunung Kelawas,0.8114,0.5,0.6667,0.6594,Berkembang
Kab. Deli Serdang,Namo Rambe,Ujung Labuhan,0.7371,0.7,0.6667,0.7013,Berkembang
Kab. Deli Serdang,Namo Rambe,Lubang Ido,0.7829,0.5667,0.6667,0.6721,Berkembang
Kab. Deli Serdang,Namo Rambe,Silue-Lue,0.6914,0.5,0.6667,0.6194,Berkembang
Kab. Deli Serdang,Namo Rambe,Timbang Lawan,0.6971,0.55,0.6667,0.6379,Berkembang
Kab. Deli Serdang,Namo Rambe,Batu Mbelin,0.6686,0.5333,0.6667,0.6229,Berkembang
Kab. Deli Serdang,Namo Rambe,Namo Batang,0.7314,0.5667,0.6667,0.6549,Berkembang
Kab. Deli Serdang,Namo Rambe,Tanjung Selamat,0.6971,0.4333,0.6667,0.599,Berkembang
Kab. Deli Serdang,Namo Rambe,Bekukul,0.6914,0.65,0.6667,0.6694,Berkembang
Kab. Deli Serdang,Namo Rambe,Namo Pakam,0.6914,0.5333,0.6,0.6083,Berkembang
Kab. Deli Serdang,Namo Rambe,Suka Mulia Hilir,0.7143,0.5333,0.6667,0.6381,Berkembang
Kab. Deli Serdang,Namo Rambe,Suka Mulia Hulu,0.7029,0.5333,0.6,0.6121,Berkembang
Kab. Deli Serdang,Namo Rambe,Rumah Mbacang,0.7086,0.4667,0.6667,0.614,Berkembang
Kab. Deli Serdang,Namo Rambe,Cinta Rakyat,0.68,0.4667,0.6667,0.6044,Berkembang
Kab. Deli Serdang,Namo Rambe,Batu Penjemuran,0.8743,0.6667,0.6667,0.7359,Maju
Kab. Deli Serdang,Namo Rambe,Kuta Tengah,0.7714,0.6833,0.5333,0.6627,Berkembang
Kab. Deli Serdang,Namo Rambe,Namo Landur,0.7371,0.6833,0.6667,0.6957,Berkembang
Kab. Deli Serdang,Namo Rambe,Gunung Berita,0.7771,0.3667,0.6667,0.6035,Berkembang
Kab. Deli Serdang,Namo Rambe,Tangkahan,0.7943,0.4167,0.6667,0.6259,Berkembang
Kab. Deli Serdang,Namo Rambe,Uruk Gedang,0.7771,0.4667,0.8667,0.7035,Berkembang
Kab. Deli Serdang,Namo Rambe,Rumah Keben,0.7086,0.5333,0.6667,0.6362,Berkembang
Kab. Deli Serdang,Namo Rambe,Namo Pinang,0.7714,0.55,0.6667,0.6627,Berkembang
Kab. Deli Serdang,Namo Rambe,Sudi Rejo,0.7771,0.5833,0.6667,0.6757,Berkembang
Kab. Deli Serdang,Namo Rambe,Jaba,0.7314,0.5,0.6667,0.6327,Berkembang
Kab. Deli Serdang,Namo Rambe,Kuta Tualah,0.7086,0.5667,0.6667,0.6473,Berkembang
Kab. Deli Serdang,Namo Rambe,Kwala Simeme,0.76,0.55,0.6667,0.6589,Berkembang
Kab. Deli Serdang,Namo Rambe,Batu Gemuk,0.7486,0.5333,0.6,0.6273,Berkembang
Kab. Deli Serdang,Namo Rambe,Lau Mulgap,0.7086,0.4833,0.6667,0.6195,Berkembang
Kab. Deli Serdang,Namo Rambe,Batu Rejo,0.7429,0.4333,0.6667,0.6143,Berkembang
Kab. Deli Serdang,Namo Rambe,Salang Tungir,0.7314,0.5167,0.6667,0.6383,Berkembang
Kab. Deli Serdang,Namo Rambe,Namo Mbaru,0.7029,0.4333,0.6667,0.601,Berkembang
Kab. Deli Serdang,Namo Rambe,Rimo  Mungkur,0.7771,0.5333,0.6667,0.659,Berkembang
Kab. Deli Serdang,Namo Rambe,Namo Mbelin,0.7543,0.5,0.6667,0.6403,Berkembang
Kab. Deli Serdang,Biru-Biru,Aji Baho,0.7886,0.6167,0.6667,0.6906,Berkembang
Kab. Deli Serdang,Biru-Biru,Biru-Biru,0.7657,0.65,0.6667,0.6941,Berkembang
Kab. Deli Serdang,Biru-Biru,Candi Rejo,0.8,0.6667,0.8667,0.7778,Maju
Kab. Deli Serdang,Biru-Biru,Kutomulyo,0.8229,0.6,0.6667,0.6965,Berkembang
Kab. Deli Serdang,Biru-Biru,Kuala Dekah,0.6571,0.5333,0.6667,0.619,Berkembang
Kab. Deli Serdang,Biru-Biru,Mbaruai,0.8,0.7333,0.6,0.7111,Maju
Kab. Deli Serdang,Biru-Biru,Mardinding Julu,0.7314,0.6,0.5333,0.6216,Berkembang
Kab. Deli Serdang,Biru-Biru,Namo Suro Baru,0.7486,0.6167,0.6,0.6551,Berkembang
Kab. Deli Serdang,Biru-Biru,Peria-Ria,0.8,0.6,0.6,0.6667,Berkembang
Kab. Deli Serdang,Biru-Biru,Penen,0.8057,0.6667,0.6,0.6908,Berkembang
Kab. Deli Serdang,Biru-Biru,Rumah Gerat,0.7657,0.6333,0.6,0.6663,Berkembang
Kab. Deli Serdang,Biru-Biru,Sidodadi,0.8743,0.8167,0.6667,0.7859,Maju
Kab. Deli Serdang,Biru-Biru,Sidomulyo,0.88,0.7333,0.6667,0.76,Maju
Kab. Deli Serdang,Biru-Biru,Selamat,0.8457,0.6333,0.6667,0.7152,Maju
Kab. Deli Serdang,Biru-Biru,Sarilaba Jahe,0.7314,0.6167,0.6667,0.6716,Berkembang
Kab. Deli Serdang,Biru-Biru,Tanjung Sena,0.8571,0.6,0.8,0.7524,Maju
Kab. Deli Serdang,Biru-Biru,Namo Tualang,0.8343,0.6167,0.6667,0.7059,Berkembang
Kab. Deli Serdang,Stm Hilir,Talun Kenas,0.8914,0.8333,0.5333,0.7527,Maju
Kab. Deli Serdang,Stm Hilir,Gunung Rintih,0.7886,0.7,0.6,0.6962,Berkembang
Kab. Deli Serdang,Stm Hilir,Sumbul,0.8457,0.6667,0.6,0.7041,Berkembang
Kab. Deli Serdang,Stm Hilir,Tadukan Raga,0.8343,0.6667,0.6,0.7003,Berkembang
Kab. Deli Serdang,Stm Hilir,Limau Mungkur,0.9143,0.5,0.6667,0.6937,Berkembang
Kab. Deli Serdang,Stm Hilir,Negara Beringin,0.84,0.7167,0.6,0.7189,Maju
Kab. Deli Serdang,Stm Hilir,Lau Barus Baru,0.7943,0.5333,0.6667,0.6648,Berkembang
Kab. Deli Serdang,Stm Hilir,Juma Tombak,0.8171,0.5333,0.6667,0.6724,Berkembang
Kab. Deli Serdang,Stm Hilir,Siguci,0.7714,0.6333,0.8,0.7349,Maju
Kab. Deli Serdang,Stm Hilir,Kuta Jurung,0.7029,0.6333,0.6667,0.6676,Berkembang
Kab. Deli Serdang,Stm Hilir,Tala Peta,0.7086,0.6333,0.6667,0.6695,Berkembang
Kab. Deli Serdang,Stm Hilir,Lau Rakit,0.7429,0.6833,0.6,0.6754,Berkembang
Kab. Deli Serdang,Stm Hilir,Penungkiren,0.72,0.5833,0.8,0.7011,Berkembang
Kab. Deli Serdang,Stm Hilir,Rambai,0.7543,0.6333,0.6,0.6625,Berkembang
Kab. Deli Serdang,Stm Hilir,Lau Rempak,0.76,0.5,0.6,0.62,Berkembang
Kab. Deli Serdang,Bangun Purba,Bah Perak,0.7371,0.4167,0.8667,0.6735,Berkembang
Kab. Deli Serdang,Bangun Purba,Bandar Kwala,0.84,0.6333,0.6667,0.7133,Maju
Kab. Deli Serdang,Bangun Purba,Bah Balua,0.7543,0.6167,0.6,0.657,Berkembang
Kab. Deli Serdang,Bangun Purba,Bandar Gugung,0.7771,0.4667,0.6,0.6146,Berkembang
Kab. Deli Serdang,Bangun Purba,Bandar Meriah,0.8286,0.5,0.6667,0.6651,Berkembang
Kab. Deli Serdang,Bangun Purba,Batu Gingging,0.7714,0.5333,0.6667,0.6571,Berkembang
Kab. Deli Serdang,Bangun Purba,Bangun Purba,0.7429,0.7167,0.8667,0.7754,Maju
Kab. Deli Serdang,Bangun Purba,Bangun Purba Tengah,0.7543,0.3667,0.8667,0.6625,Berkembang
Kab. Deli Serdang,Bangun Purba,Begerpang,0.7657,0.5333,0.6667,0.6552,Berkembang
Kab. Deli Serdang,Bangun Purba,Batu Rata,0.7714,0.4333,0.6667,0.6238,Berkembang
Kab. Deli Serdang,Bangun Purba,Cimahi,0.6971,0.5,0.6667,0.6213,Berkembang
Kab. Deli Serdang,Bangun Purba,Damak Maliho,0.7886,0.6,0.5333,0.6406,Berkembang
Kab. Deli Serdang,Bangun Purba,Greahan,0.7314,0.4667,0.8667,0.6883,Berkembang
Kab. Deli Serdang,Bangun Purba,Marombun Ujung Jawi,0.8229,0.5,0.6,0.641,Berkembang
Kab. Deli Serdang,Bangun Purba,Marombun Barat,0.6514,0.5667,0.6667,0.6283,Berkembang
Kab. Deli Serdang,Bangun Purba,Mabar,0.7543,0.6,0.6,0.6514,Berkembang
Kab. Deli Serdang,Bangun Purba,Perguroan,0.8343,0.6333,0.4667,0.6448,Berkembang
Kab. Deli Serdang,Bangun Purba,Rumah Deleng,0.8,0.4333,0.6667,0.6333,Berkembang
Kab. Deli Serdang,Bangun Purba,Sibaganding,0.8,0.6333,0.6,0.6778,Berkembang
Kab. Deli Serdang,Bangun Purba,Sialang,0.8,0.6833,0.6667,0.7167,Maju
Kab. Deli Serdang,Bangun Purba,Sukaluwei,0.6914,0.45,0.8,0.6471,Berkembang
Kab. Deli Serdang,Bangun Purba,Tanjung Purba,0.7829,0.5333,0.6667,0.661,Berkembang
Kab. Deli Serdang,Bangun Purba,Urung Ganjang,0.8,0.4333,0.6,0.6111,Berkembang
Kab. Deli Serdang,Bangun Purba,Ujung Rambe,0.8743,0.45,0.6667,0.6637,Berkembang
Kab. Deli Serdang,Galang,Tanjung Gusti,0.7543,0.5667,0.6667,0.6625,Berkembang
Kab. Deli Serdang,Galang,Baru Titi Besi,0.8057,0.5333,0.6,0.6463,Berkembang
Kab. Deli Serdang,Galang,Bandar Kuala,0.7543,0.55,0.6667,0.657,Berkembang
Kab. Deli Serdang,Galang,Batu Lokong,0.8057,0.6,0.6667,0.6908,Berkembang
Kab. Deli Serdang,Galang,Galang Suka,0.7371,0.9333,0.6667,0.779,Maju
Kab. Deli Serdang,Galang,Galang Barat,0.8343,0.5667,0.6667,0.6892,Berkembang
Kab. Deli Serdang,Galang,Jaharun A,0.88,0.6167,0.8667,0.7878,Maju
Kab. Deli Serdang,Galang,Jaharun B,0.8914,0.7,0.6667,0.7527,Maju
Kab. Deli Serdang,Galang,Juhar Baru,0.76,0.5167,0.6,0.6256,Berkembang
Kab. Deli Serdang,Galang,Kramat Gajah,0.8114,0.5667,0.9333,0.7705,Maju
Kab. Deli Serdang,Galang,Kotasan,0.7771,0.7,0.6667,0.7146,Maju
Kab. Deli Serdang,Galang,Kotangan,0.7486,0.6,0.6667,0.6717,Berkembang
Kab. Deli Serdang,Galang,Kelapa Satu,0.7257,0.65,0.6667,0.6808,Berkembang
Kab. Deli Serdang,Galang,Nogorejo,0.84,0.65,0.6667,0.7189,Maju
Kab. Deli Serdang,Galang,Paku,0.8914,0.6167,0.6667,0.7249,Maju
Kab. Deli Serdang,Galang,Petumbukan,0.9314,0.8667,0.6667,0.8216,Mandiri
Kab. Deli Serdang,Galang,Petangguhan,0.8571,0.6,0.6667,0.7079,Maju
Kab. Deli Serdang,Galang,Pisang Pala,0.7714,0.65,0.6667,0.696,Berkembang
Kab. Deli Serdang,Galang,Paya Itik,0.8114,0.5833,0.6667,0.6871,Berkembang
Kab. Deli Serdang,Galang,Pulo Tagor Baru,0.8,0.6333,0.6,0.6778,Berkembang
Kab. Deli Serdang,Galang,Paya Kuda,0.8229,0.5833,0.6667,0.691,Berkembang
Kab. Deli Serdang,Galang,Paya Sampir,0.8057,0.4333,0.6667,0.6352,Berkembang
Kab. Deli Serdang,Galang,Sei Putih,0.7657,0.6333,0.6667,0.6886,Berkembang
Kab. Deli Serdang,Galang,Sei Karang,0.8286,0.6,0.6667,0.6984,Berkembang
Kab. Deli Serdang,Galang,Tanah  Abang,0.7314,0.65,0.6,0.6605,Berkembang
Kab. Deli Serdang,Galang,Timbang Deli,0.8114,0.6167,0.6667,0.6983,Berkembang
Kab. Deli Serdang,Galang,Tanah Merah,0.7771,0.6833,0.6667,0.709,Maju
Kab. Deli Serdang,Galang,Tanjung Siporkis,0.7943,0.5667,0.6667,0.6759,Berkembang
Kab. Deli Serdang,Stm Hulu,Tiga Juhar,0.7943,0.7667,0.6,0.7203,Maju
Kab. Deli Serdang,Stm Hulu,Tanjung Bampu,0.7657,0.45,0.6,0.6052,Berkembang
Kab. Deli Serdang,Stm Hulu,Rumah Rih,0.7429,0.7833,0.6667,0.731,Maju
Kab. Deli Serdang,Stm Hulu,Liang Muda,0.8286,0.4833,0.6667,0.6595,Berkembang
Kab. Deli Serdang,Stm Hulu,Durian Iv Mbelang,0.7486,0.5667,0.6667,0.6606,Berkembang
Kab. Deli Serdang,Stm Hulu,Tanah Gara Hulu,0.8114,0.5833,0.8667,0.7538,Maju
Kab. Deli Serdang,Stm Hulu,Gunung Manumpak A,0.8514,0.5167,0.6,0.656,Berkembang
Kab. Deli Serdang,Stm Hulu,Bah Bah Buntu,0.68,0.5833,0.6,0.6211,Berkembang
Kab. Deli Serdang,Stm Hulu,Tanjung Muda,0.7257,0.45,0.8,0.6586,Berkembang
Kab. Deli Serdang,Stm Hulu,Tanjung Raja,0.6971,0.5667,0.6667,0.6435,Berkembang
Kab. Deli Serdang,Stm Hulu,Kuta Mbelin,0.8114,0.75,0.6,0.7205,Maju
Kab. Deli Serdang,Stm Hulu,Rumah Sumbul,0.88,0.65,0.8667,0.7989,Maju
Kab. Deli Serdang,Stm Hulu,Ranggit-Git,0.7886,0.6833,0.6667,0.7129,Maju
Kab. Deli Serdang,Stm Hulu,Liang Pematang,0.7086,0.5,0.6667,0.6251,Berkembang
Kab. Deli Serdang,Stm Hulu,Gunung Manumpak B,0.7371,0.4833,0.6667,0.629,Berkembang
Kab. Deli Serdang,Stm Hulu,Rumah Lengo,0.8457,0.6333,0.8667,0.7819,Maju
Kab. Deli Serdang,Stm Hulu,Sipinggan,0.8171,0.7333,0.6,0.7168,Maju
Kab. Deli Serdang,Stm Hulu,Tanjung Timur,0.7257,0.5833,0.6667,0.6586,Berkembang
Kab. Deli Serdang,Stm Hulu,Durian Tinggung,0.8,0.8,0.6,0.7333,Maju
Kab. Deli Serdang,Stm Hulu,Sibunga Bunga Hilir,0.7657,0.5333,0.6667,0.6552,Berkembang
Kab. Deli Serdang,Patumbak,Lantasan Baru,0.7543,0.7333,0.5333,0.6737,Berkembang
Kab. Deli Serdang,Patumbak,Patumbak  I,0.8229,0.6667,0.6667,0.7187,Maju
Kab. Deli Serdang,Patumbak,Patumbak Ii,0.7657,0.7,0.6,0.6886,Berkembang
Kab. Deli Serdang,Patumbak,Lantasan Lama,0.7314,0.6667,0.4,0.5994,Berkembang
Kab. Deli Serdang,Patumbak,Sigara-Gara,0.8457,0.4167,0.6667,0.643,Berkembang
Kab. Deli Serdang,Patumbak,Marindal  I,0.8514,0.8,0.5333,0.7283,Maju
Kab. Deli Serdang,Patumbak,Marindal  Ii,0.88,0.85,0.5333,0.7544,Maju
Kab. Deli Serdang,Patumbak,Patumbak Kampung,0.9257,0.5667,0.4667,0.653,Berkembang
Kab. Deli Serdang,Deli Tua,Kedai Durian,0.8057,0.7,0.8,0.7686,Maju
Kab. Deli Serdang,Deli Tua,Suka Makmur,0.8743,0.7,0.7333,0.7692,Maju
Kab. Deli Serdang,Deli Tua,Mekar Sari,0.88,0.65,0.6,0.71,Maju
Kab. Deli Serdang,Sunggal,Sei Semayang,0.9657,0.95,0.6,0.8386,Mandiri
Kab. Deli Serdang,Sunggal,Lalang,0.8114,0.7833,0.8667,0.8205,Mandiri
Kab. Deli Serdang,Sunggal,Puji Mulyo,0.7943,0.7,0.6667,0.7203,Maju
Kab. Deli Serdang,Sunggal,Paya Geli,0.8286,0.8833,0.8,0.8373,Mandiri
Kab. Deli Serdang,Sunggal,Mulio Rejo,0.92,0.9167,0.6667,0.8344,Mandiri
Kab. Deli Serdang,Sunggal,Purwodadi,0.8571,0.7167,0.6,0.7246,Maju
Kab. Deli Serdang,Sunggal,Sumber Melati Diski,0.8686,0.8833,0.6667,0.8062,Maju
Kab. Deli Serdang,Sunggal,Tanjung Gusta,0.8629,0.7167,0.6,0.7265,Maju
Kab. Deli Serdang,Sunggal,Helvetia,0.8114,0.7667,0.6667,0.7483,Maju
Kab. Deli Serdang,Sunggal,Medan Krio,0.9029,0.75,0.8,0.8176,Mandiri
Kab. Deli Serdang,Sunggal,Sei Mencirim,0.92,0.8833,0.6667,0.8233,Mandiri
Kab. Deli Serdang,Sunggal,Sukamaju,0.8629,0.65,0.6667,0.7265,Maju
Kab. Deli Serdang,Sunggal,Sunggal Kanan,0.8286,0.7,0.6667,0.7317,Maju
Kab. Deli Serdang,Sunggal,Serbajadi,0.7829,0.5833,0.6,0.6554,Berkembang
Kab. Deli Serdang,Sunggal,Telaga Sari,0.8971,0.5333,0.8667,0.7657,Maju
Kab. Deli Serdang,Sunggal,Tanjung Selamat,0.8743,0.9333,0.6667,0.8248,Mandiri
Kab. Deli Serdang,Sunggal,Sei Beras Sekata,0.7086,0.65,0.6667,0.6751,Berkembang
Kab. Deli Serdang,Hamparan Perak,Hamparan Perak,0.9257,0.9667,0.7333,0.8752,Mandiri
Kab. Deli Serdang,Hamparan Perak,Sei Baharu,0.7829,0.5167,0.6,0.6332,Berkembang
Kab. Deli Serdang,Hamparan Perak,Klumpang Kebun,0.9314,0.8,0.5333,0.7549,Maju
Kab. Deli Serdang,Hamparan Perak,Klumpang Kampung,0.8571,0.8333,0.6,0.7635,Maju
Kab. Deli Serdang,Hamparan Perak,Klambir Lima Kampung,0.8514,0.9,0.6,0.7838,Maju
Kab. Deli Serdang,Hamparan Perak,Tandam Hulu Ii,0.8971,0.9667,0.6,0.8213,Mandiri
Kab. Deli Serdang,Hamparan Perak,Klambir,0.88,0.9333,0.5333,0.7822,Maju
Kab. Deli Serdang,Hamparan Perak,Selemak,0.8571,0.7333,0.6,0.7302,Maju
Kab. Deli Serdang,Hamparan Perak,Klambir Lima Kebun,0.9486,0.9333,0.6667,0.8495,Mandiri
Kab. Deli Serdang,Hamparan Perak,Sialang Muda,0.6457,0.5667,0.6,0.6041,Berkembang
Kab. Deli Serdang,Hamparan Perak,Paya Bakung,0.9371,0.7667,0.9333,0.879,Mandiri
Kab. Deli Serdang,Hamparan Perak,Tandem Hulu I,0.76,0.6333,0.6667,0.6867,Berkembang
Kab. Deli Serdang,Hamparan Perak,Tandem Hilir I,0.9371,0.8833,0.6667,0.829,Mandiri
Kab. Deli Serdang,Hamparan Perak,Tandam Hilir Ii,0.8343,0.6167,0.8667,0.7725,Maju
Kab. Deli Serdang,Hamparan Perak,Kota Datar,0.8114,0.5333,0.6667,0.6705,Berkembang
Kab. Deli Serdang,Hamparan Perak,Bulu Cina,0.8914,0.9333,0.9333,0.9194,Mandiri
Kab. Deli Serdang,Hamparan Perak,Kota Rantang,0.88,0.7333,0.5333,0.7156,Maju
Kab. Deli Serdang,Hamparan Perak,Paluh Manan,0.76,0.6333,0.6667,0.6867,Berkembang
Kab. Deli Serdang,Hamparan Perak,Lama,0.9371,0.6167,0.6,0.7179,Maju
Kab. Deli Serdang,Hamparan Perak,Paluh Kurau,0.7943,0.5833,0.6,0.6592,Berkembang
Kab. Deli Serdang,Labuhan Deli,Helvetia,0.7943,0.8333,0.5333,0.7203,Maju
Kab. Deli Serdang,Labuhan Deli,Manunggal,0.8686,0.8,0.4667,0.7117,Maju
Kab. Deli Serdang,Labuhan Deli,Pematang Johar,0.8571,0.6833,0.4,0.6468,Berkembang
Kab. Deli Serdang,Labuhan Deli,Karang Gading,0.7771,0.5333,0.6667,0.659,Berkembang
Kab. Deli Serdang,Labuhan Deli,Telaga Tujuh,0.8343,0.45,0.5333,0.6059,Berkembang
Kab. Deli Serdang,Percut Sei Tuan,Pematang Lalang,0.7943,0.4167,0.6667,0.6259,Berkembang
Kab. Deli Serdang,Percut Sei Tuan,Sambirejo Timur,0.8514,0.6167,0.6,0.6894,Berkembang
Kab. Deli Serdang,Percut Sei Tuan,Kolam,0.8686,0.7667,0.6667,0.7673,Maju
Kab. Deli Serdang,Percut Sei Tuan,Percut,0.8571,0.8167,0.4667,0.7135,Maju
Kab. Deli Serdang,Percut Sei Tuan,Laut Dendang,0.8914,0.7833,0.6,0.7583,Maju
Kab. Deli Serdang,Percut Sei Tuan,Tembung,0.8914,0.8667,0.9333,0.8971,Mandiri
Kab. Deli Serdang,Percut Sei Tuan,Cinta Rakyat,0.8857,0.7667,0.6667,0.773,Maju
Kab. Deli Serdang,Percut Sei Tuan,Amplas,0.84,0.5667,0.6667,0.6911,Berkembang
Kab. Deli Serdang,Percut Sei Tuan,Saentis,0.88,0.7167,0.5333,0.71,Maju
Kab. Deli Serdang,Percut Sei Tuan,Sampali,0.9714,0.9167,0.6,0.8294,Mandiri
Kab. Deli Serdang,Percut Sei Tuan,Bandar Khalipah,0.9029,0.8167,0.6667,0.7954,Maju
Kab. Deli Serdang,Percut Sei Tuan,Bandar Klippa,0.8857,0.8833,0.8,0.8563,Mandiri
Kab. Deli Serdang,Percut Sei Tuan,Tanjung Selamat,0.7543,0.6,0.5333,0.6292,Berkembang
Kab. Deli Serdang,Percut Sei Tuan,Tanjung Rejo,0.8629,0.6833,0.7333,0.7598,Maju
Kab. Deli Serdang,Percut Sei Tuan,Medan Estate,0.88,0.9833,0.6667,0.8433,Mandiri
Kab. Deli Serdang,Percut Sei Tuan,Cinta Damai,0.6914,0.6,0.6667,0.6527,Berkembang
Kab. Deli Serdang,Percut Sei Tuan,Bandar Setia,0.8343,0.7667,0.6667,0.7559,Maju
Kab. Deli Serdang,Percut Sei Tuan,Sei Rotan,0.88,0.7167,0.6667,0.7544,Maju
Kab. Deli Serdang,Batang Kuis,Sena,0.8514,0.6833,0.8,0.7783,Maju
Kab. Deli Serdang,Batang Kuis,Tumpatan Nibung,0.8457,0.7667,0.6667,0.7597,Maju
Kab. Deli Serdang,Batang Kuis,Tanjung Sari,0.8686,0.7167,0.6667,0.7506,Maju
Kab. Deli Serdang,Batang Kuis,Baru,0.7714,0.5833,0.6,0.6516,Berkembang
Kab. Deli Serdang,Batang Kuis,Batangkuis Pekan,0.8514,0.8833,0.6667,0.8005,Maju
Kab. Deli Serdang,Batang Kuis,Sidodadi,0.7771,0.6333,0.6667,0.6924,Berkembang
Kab. Deli Serdang,Batang Kuis,Bintang Meriah,0.8,0.7667,0.8,0.7889,Maju
Kab. Deli Serdang,Batang Kuis,Bakaran Batu,0.7829,0.65,0.6,0.6776,Berkembang
Kab. Deli Serdang,Batang Kuis,Paya Gambar,0.7886,0.5333,0.6667,0.6629,Berkembang
Kab. Deli Serdang,Batang Kuis,Mesjid,0.72,0.5833,0.6,0.6344,Berkembang
Kab. Deli Serdang,Batang Kuis,Sugiharjo,0.9086,0.5667,0.9333,0.8029,Maju
Kab. Deli Serdang,Lubuk Pakam,Sekip,0.9371,0.8833,0.6,0.8068,Maju
Kab. Deli Serdang,Lubuk Pakam,Pagar Jati,0.8857,0.6167,0.8,0.7675,Maju
Kab. Deli Serdang,Lubuk Pakam,Tanjung Garbus I,0.9143,0.75,0.6667,0.777,Maju
Kab. Deli Serdang,Lubuk Pakam,Pasar Melintang,0.8343,0.6333,0.6667,0.7114,Maju
Kab. Deli Serdang,Lubuk Pakam,Pagar Merbau Iii,0.8857,0.6833,0.6,0.723,Maju
Kab. Deli Serdang,Lubuk Pakam,Bakaran Batu,0.8457,0.7667,0.6,0.7375,Maju
Kab. Deli Serdang,Pagar Merbau,Tanjung Mulia,0.8,0.6167,0.6667,0.6944,Berkembang
Kab. Deli Serdang,Pagar Merbau,Purwodadi,0.8,0.5833,0.6667,0.6833,Berkembang
Kab. Deli Serdang,Pagar Merbau,Sidodadi Batu 8,0.8,0.5833,0.6667,0.6833,Berkembang
Kab. Deli Serdang,Pagar Merbau,Suka Mulia,0.7886,0.5833,0.6667,0.6795,Berkembang
Kab. Deli Serdang,Pagar Merbau,Jati Rejo,0.8229,0.5833,0.6667,0.691,Berkembang
Kab. Deli Serdang,Pagar Merbau,Pagar Merbau I,0.8,0.6167,0.6667,0.6944,Berkembang
Kab. Deli Serdang,Pagar Merbau,Pagar Merbau Ii,0.8114,0.5667,0.6667,0.6816,Berkembang
Kab. Deli Serdang,Pagar Merbau,Sidoharjo-I Pasar Miring,0.8571,0.6167,0.6,0.6913,Berkembang
Kab. Deli Serdang,Pagar Merbau,Sidoharjo-I Jati Baru,0.7829,0.6333,0.6667,0.6943,Berkembang
Kab. Deli Serdang,Pagar Merbau,Bandar Dolok,0.7714,0.55,0.6667,0.6627,Berkembang
Kab. Deli Serdang,Pagar Merbau,Tanjung Garbus Ii,0.7543,0.5833,0.6667,0.6681,Berkembang
Kab. Deli Serdang,Pagar Merbau,Tanjung Garbus Kampung,0.7657,0.5667,0.6,0.6441,Berkembang
Kab. Deli Serdang,Pagar Merbau,Perbarakan,0.7943,0.55,0.5333,0.6259,Berkembang
Kab. Deli Serdang,Pagar Merbau,Sukamandi Hilir,0.7886,0.7,0.6667,0.7184,Maju
Kab. Deli Serdang,Pagar Merbau,Sukamandi Hulu,0.7771,0.7167,0.6667,0.7202,Maju
Kab. Deli Serdang,Pagar Merbau,Sumberejo,0.8343,0.6667,0.6667,0.7225,Maju
Kab. Deli Serdang,Pantai Labu,Sei Tuan,0.72,0.5833,0.6,0.6344,Berkembang
Kab. Deli Serdang,Pantai Labu,Tengah,0.8286,0.5833,0.6667,0.6929,Berkembang
Kab. Deli Serdang,Pantai Labu,Bagan Serdang,0.7657,0.65,0.6667,0.6941,Berkembang
Kab. Deli Serdang,Pantai Labu,Rantau Panjang,0.7886,0.7,0.6667,0.7184,Maju
Kab. Deli Serdang,Pantai Labu,Rugemuk,0.7771,0.65,0.4667,0.6313,Berkembang
Kab. Deli Serdang,Pantai Labu,Kubah Sentang,0.7714,0.65,0.6667,0.696,Berkembang
Kab. Deli Serdang,Pantai Labu,Pantai Labu Pekan,0.9543,0.95,0.6667,0.857,Mandiri
Kab. Deli Serdang,Pantai Labu,Pantai Labu Baru,0.7429,0.6333,0.6667,0.681,Berkembang
Kab. Deli Serdang,Pantai Labu,Ramunia 1,0.7886,0.5,0.6667,0.6517,Berkembang
Kab. Deli Serdang,Pantai Labu,Ramunia 2,0.8286,0.55,0.6667,0.6817,Berkembang
Kab. Deli Serdang,Pantai Labu,Perkebunan Ramunia,0.8971,0.6167,0.6667,0.7268,Maju
Kab. Deli Serdang,Pantai Labu,Denai Lama,0.8686,0.6167,0.6667,0.7173,Maju
Kab. Deli Serdang,Pantai Labu,Denai Kuala,0.7714,0.6333,0.4667,0.6238,Berkembang
Kab. Deli Serdang,Pantai Labu,Denai Sarang Burung,0.7486,0.6833,0.4667,0.6329,Berkembang
Kab. Deli Serdang,Pantai Labu,Binjai Bakung,0.8343,0.5833,0.6667,0.6948,Berkembang
Kab. Deli Serdang,Pantai Labu,Paluh Sibaji,0.8857,0.7,0.6667,0.7508,Maju
Kab. Deli Serdang,Pantai Labu,Kelambir,0.8514,0.5833,0.6667,0.7005,Berkembang
Kab. Deli Serdang,Pantai Labu,Durian,0.7314,0.6333,0.6667,0.6771,Berkembang
Kab. Deli Serdang,Pantai Labu,Pematang Biara,0.7943,0.5833,0.6667,0.6814,Berkembang
Kab. Deli Serdang,Beringin,Serdang,0.7086,0.4833,0.6667,0.6195,Berkembang
Kab. Deli Serdang,Beringin,Sidourip,0.8286,0.6667,0.6667,0.7206,Maju
Kab. Deli Serdang,Beringin,Aras Kabu,0.8286,0.6667,0.8,0.7651,Maju
Kab. Deli Serdang,Beringin,Pasar Vi Kuala Namu,0.7886,0.65,0.6667,0.7017,Berkembang
Kab. Deli Serdang,Beringin,Emplasmen Kuala Namu,0.8114,0.6,0.6667,0.6927,Berkembang
Kab. Deli Serdang,Beringin,Pasar V Kebun Kelapa,0.8971,0.5333,0.8667,0.7657,Maju
Kab. Deli Serdang,Beringin,Beringin,0.8629,0.8333,0.6667,0.7876,Maju
Kab. Deli Serdang,Beringin,Sidoarjo Ii Ramunia,0.8114,0.65,0.6667,0.7094,Maju
Kab. Deli Serdang,Beringin,Karang Anyar,0.84,0.8667,0.6667,0.7911,Maju
Kab. Deli Serdang,Beringin,Sidodadi Ramunia,0.8686,0.8167,0.8,0.8284,Mandiri
Kab. Deli Serdang,Beringin,Tumpatan,0.8629,0.6667,0.6667,0.7321,Maju
Kab. Agam,Tanjung Mutiara,Tiku Selatan,0.9029,0.95,0.9333,0.9287,Mandiri
Kab. Agam,Tanjung Mutiara,Tiku Utara,0.8171,0.6167,0.8667,0.7668,Maju
Kab. Agam,Tanjung Mutiara,Tiku Limo Jorong,0.9029,0.8333,0.7333,0.8232,Mandiri
Kab. Agam,Tanjung Mutiara,Durian Kapeh Darussalam,0.7257,0.5167,0.6667,0.6363,Berkembang
Kab. Agam,Lubuk Basung,Lubuk Basung,0.9657,1,0.8667,0.9441,Mandiri
Kab. Agam,Lubuk Basung,Garagahan,0.84,0.65,0.8,0.7633,Maju
Kab. Agam,Lubuk Basung,Kampung Pinang,0.8571,0.6833,1,0.8468,Mandiri
Kab. Agam,Lubuk Basung,Kampung Tangah,0.8686,0.7167,1,0.8617,Mandiri
Kab. Agam,Lubuk Basung,Manggopoh,0.9371,0.95,0.8667,0.9179,Mandiri
Kab. Agam,Tanjung Raya,Tanjung Sani,0.7943,0.6333,0.8667,0.7648,Maju
Kab. Agam,Tanjung Raya,Sungai Batang,0.8457,0.8333,0.8667,0.8486,Mandiri
Kab. Agam,Tanjung Raya,Maninjau,0.9771,0.8833,0.8667,0.909,Mandiri
Kab. Agam,Tanjung Raya,Bayua,0.9543,0.9167,0.8,0.8903,Mandiri
Kab. Agam,Tanjung Raya,Koto Kaciak,0.84,0.7833,0.8667,0.83,Mandiri
Kab. Agam,Tanjung Raya,Duo Koto,0.8914,0.8,0.8667,0.8527,Mandiri
Kab. Agam,Tanjung Raya,Koto Gadang Anam Koto,0.8514,0.6833,0.8,0.7783,Maju
Kab. Agam,Tanjung Raya,Koto Malintang,0.88,0.6333,0.8667,0.7933,Maju
Kab. Agam,Tanjung Raya,Paninjauan,0.84,0.7667,0.6667,0.7578,Maju
Kab. Agam,Tanjung Raya,Dalko,0.7486,0.6,0.8,0.7162,Maju
Kab. Agam,Matur,Matua Hilia,0.8629,0.85,0.6667,0.7932,Maju
Kab. Agam,Matur,Matua Mudiak,0.9314,0.85,0.8,0.8605,Mandiri
Kab. Agam,Matur,Tigo Balai,0.9029,0.8667,0.6667,0.8121,Maju
Kab. Agam,Matur,Lawang,0.9029,0.9333,0.6,0.8121,Maju
Kab. Agam,Matur,Parik Panjang,0.7771,0.6833,0.8,0.7535,Maju
Kab. Agam,Matur,Panta Pauah,0.7543,0.7333,0.6,0.6959,Berkembang
Kab. Agam,Iv Koto,Sungai Landia,0.8171,0.7167,0.9333,0.8224,Mandiri
Kab. Agam,Iv Koto,Balingka,0.8457,0.7,0.9333,0.8263,Mandiri
Kab. Agam,Iv Koto,Koto Tuo,0.8,0.8167,0.8667,0.8278,Mandiri
Kab. Agam,Iv Koto,Guguak Tabek Sarojo,0.7657,0.8,1,0.8552,Mandiri
Kab. Agam,Iv Koto,Koto Panjang,0.7029,0.7,0.9333,0.7787,Maju
Kab. Agam,Iv Koto,Sianok Anam Suku,0.7486,0.5833,1,0.7773,Maju
Kab. Agam,Iv Koto,Koto Gadang,0.7543,0.7833,0.9333,0.8237,Mandiri
Kab. Agam,Banuhampu,Padang Lua,0.8286,0.9833,0.9333,0.9151,Mandiri
Kab. Agam,Banuhampu,Taluak Ampek Suku,0.9143,0.8,0.8,0.8381,Mandiri
Kab. Agam,Banuhampu,Pakan Sinayan,0.8457,0.6667,0.8,0.7708,Maju
Kab. Agam,Banuhampu,Kubang Putiah,0.8571,0.7833,0.9333,0.8579,Mandiri
Kab. Agam,Banuhampu,Ladang Laweh,0.8971,0.8,0.8667,0.8546,Mandiri
Kab. Agam,Banuhampu,Cingkariang,0.8286,0.7833,0.6,0.7373,Maju
Kab. Agam,Banuhampu,Sungai Tanang,0.8114,0.7,0.6667,0.726,Maju
Kab. Agam,Ampek Angkek,Batu Taba,0.8743,0.8833,0.9333,0.897,Mandiri
Kab. Agam,Ampek Angkek,Biaro Gadang,0.8743,0.9667,0.6667,0.8359,Mandiri
Kab. Agam,Ampek Angkek,Lambah,0.9029,0.8333,0.8667,0.8676,Mandiri
Kab. Agam,Ampek Angkek,Panampuang,0.9429,0.8833,0.6667,0.831,Mandiri
Kab. Agam,Ampek Angkek,Ampang Gadang,0.9543,0.8333,0.8667,0.8848,Mandiri
Kab. Agam,Ampek Angkek,Pasia,0.9314,0.7167,0.6667,0.7716,Maju
Kab. Agam,Ampek Angkek,Balai Gurah,0.8971,0.75,0.8667,0.8379,Mandiri
Kab. Agam,Baso,Koto Tinggi,0.8171,0.7667,0.9333,0.839,Mandiri
Kab. Agam,Baso,Tabek Panjang,0.8686,0.9667,0.8667,0.9006,Mandiri
Kab. Agam,Baso,Simarasok,0.8114,0.7,0.7333,0.7483,Maju
Kab. Agam,Baso,Padang Tarok,0.96,0.7833,0.8,0.8478,Mandiri
Kab. Agam,Baso,Salo,0.9371,0.7667,0.6667,0.7902,Maju
Kab. Agam,Baso,Koto Baru,0.8514,0.8833,0.8667,0.8671,Mandiri
Kab. Agam,Baso,Sungai Cubadak,0.7429,0.6833,0.6667,0.6976,Berkembang
Kab. Agam,Baso,Koto Gadang,0.6457,0.6833,0.6,0.643,Berkembang
Kab. Agam,Tilatang Kamang,Koto Tangah,0.9371,0.95,0.6,0.829,Mandiri
Kab. Agam,Tilatang Kamang,Gadut,0.9714,0.9,0.8667,0.9127,Mandiri
Kab. Agam,Tilatang Kamang,Kapau,0.8743,0.6833,0.6,0.7192,Maju
Kab. Agam,Palupuh,Koto Rantang,0.8343,0.75,0.8,0.7948,Maju
Kab. Agam,Palupuh,Pasia Laweh,0.8686,0.8333,0.8,0.834,Mandiri
Kab. Agam,Palupuh,Pagadih,0.5943,0.65,0.8,0.6814,Berkembang
Kab. Agam,Palupuh,Nan Tujuah,0.8,0.5667,0.6,0.6556,Berkembang
Kab. Agam,Palupuh,Nan Limo,0.6971,0.5167,0.6667,0.6268,Berkembang
Kab. Agam,Palembayan,Baringin,0.8514,0.4833,0.8667,0.7338,Maju
Kab. Agam,Palembayan,Sipinang,0.8229,0.6167,0.6,0.6798,Berkembang
Kab. Agam,Palembayan,Sungai Puar,0.7486,0.6667,0.8667,0.7606,Maju
Kab. Agam,Palembayan,Ampek Koto Palembayan,0.7829,0.7333,0.8,0.7721,Maju
Kab. Agam,Palembayan,Tigo Koto Silungkang,0.7371,0.8,0.6,0.7124,Maju
Kab. Agam,Palembayan,Salareh Aia,0.8171,0.9333,1,0.9168,Mandiri
Kab. Agam,Palembayan,Salareh Aia Timur,0.7714,0.7167,0.6667,0.7183,Maju
Kab. Agam,Palembayan,Salareh Aia Utara,0.8286,0.7,0.8,0.7762,Maju
Kab. Agam,Palembayan,Salareh Aia Barat,0.7829,0.7333,0.8667,0.7943,Maju
Kab. Agam,Sungai Pua,Padang Laweh,0.7771,0.9,0.8,0.8257,Mandiri
Kab. Agam,Sungai Pua,Sungai Pua,0.9143,0.9333,0.9333,0.927,Mandiri
Kab. Agam,Sungai Pua,Batagak,0.7829,0.65,1,0.811,Maju
Kab. Agam,Sungai Pua,Batu Palano,0.8229,0.7167,0.8667,0.8021,Maju
Kab. Agam,Sungai Pua,Sariak,0.9029,0.75,0.8,0.8176,Mandiri
Kab. Agam,Ampek Nagari,Batu Kambing,0.9371,0.8,0.7333,0.8235,Mandiri
Kab. Agam,Ampek Nagari,Sitalang,0.8686,0.7,0.8667,0.8117,Maju
Kab. Agam,Ampek Nagari,Bawan,0.92,0.9,0.5333,0.7844,Maju
Kab. Agam,Ampek Nagari,Sitanang,0.72,0.6667,0.8,0.7289,Maju
Kab. Agam,Candung,Canduang Koto Laweh,0.8343,0.8667,0.8667,0.8559,Mandiri
Kab. Agam,Candung,Lasi,0.9029,0.9333,0.9333,0.9232,Mandiri
Kab. Agam,Candung,Bukik Batabuah,0.8629,0.8167,0.8,0.8265,Mandiri
Kab. Agam,Kamang Magek,Magek,0.8343,0.85,0.6,0.7614,Maju
Kab. Agam,Kamang Magek,Kamang Hilia,0.9029,0.8333,0.6,0.7787,Maju
Kab. Agam,Kamang Magek,Kamang Mudiak,0.8457,0.8,0.8,0.8152,Maju
Kab. Agam,Kamang Magek,Kamang Tangah Anam Suku,0.8629,0.85,0.6667,0.7932,Maju
Kab. Agam,Kamang Magek,Pauh Kamang Mudiak,0.68,0.5333,0.6667,0.6267,Berkembang
Kab. Agam,Malalak,Malalak Utara,0.8057,0.7667,0.6,0.7241,Maju
Kab. Agam,Malalak,Malalak Timur,0.7657,0.5833,0.9333,0.7608,Maju
Kab. Agam,Malalak,Malalak Selatan,0.8343,0.5833,0.9333,0.7837,Maju
Kab. Agam,Malalak,Malalak Barat,0.8114,0.5,0.9333,0.7483,Maju
Kab. Cianjur,Cianjur,Babakankaret,0.8571,0.8167,0.8,0.8246,Mandiri
Kab. Cianjur,Cianjur,Nagrak,0.9657,0.9667,0.9333,0.9552,Mandiri
Kab. Cianjur,Cianjur,Sukamaju,0.8514,0.7833,0.8667,0.8338,Mandiri
Kab. Cianjur,Cianjur,Mekarsari,0.9771,0.85,1,0.9424,Mandiri
Kab. Cianjur,Cianjur,Limbangansari,0.8171,0.8,0.8667,0.8279,Mandiri
Kab. Cianjur,Warungkondang,Jambudipa,0.9486,0.9,1,0.9495,Mandiri
Kab. Cianjur,Warungkondang,Cisarandi,0.8229,0.6833,0.6667,0.7243,Maju
Kab. Cianjur,Warungkondang,Cikaroya,0.8971,0.9333,1,0.9435,Mandiri
Kab. Cianjur,Warungkondang,Bunikasih,0.7943,0.7,0.8667,0.787,Maju
Kab. Cianjur,Warungkondang,Ciwalen,0.92,0.7,1,0.8733,Mandiri
Kab. Cianjur,Warungkondang,Tegallega,0.8286,0.75,0.6,0.7262,Maju
Kab. Cianjur,Warungkondang,Sukawangi,0.8686,0.6833,1,0.8506,Mandiri
Kab. Cianjur,Warungkondang,Bunisari,0.7257,0.8,0.8,0.7752,Maju
Kab. Cianjur,Warungkondang,Sukamulya,0.8229,0.5667,1,0.7965,Maju
Kab. Cianjur,Warungkondang,Cieundeur,0.8914,0.9667,1,0.9527,Mandiri
Kab. Cianjur,Warungkondang,Mekarwangi,0.8743,0.6667,0.8667,0.8025,Maju
Kab. Cianjur,Cibeber,Cipetir,0.7829,0.9167,1,0.8998,Mandiri
Kab. Cianjur,Cibeber,Cihaur,0.9371,0.9333,0.6667,0.8457,Mandiri
Kab. Cianjur,Cibeber,Cimanggu,0.8457,0.7667,0.9333,0.8486,Mandiri
Kab. Cianjur,Cibeber,Cibaregbeg,0.8,0.7,0.6667,0.7222,Maju
Kab. Cianjur,Cibeber,Sukaraharja,0.8114,0.5167,0.6667,0.6649,Berkembang
Kab. Cianjur,Cibeber,Peuteuycondong,0.88,0.8,0.8,0.8267,Mandiri
Kab. Cianjur,Cibeber,Mayak,0.8457,0.8167,0.9333,0.8652,Mandiri
Kab. Cianjur,Cibeber,Cikondang,0.9543,0.7833,0.8667,0.8681,Mandiri
Kab. Cianjur,Cibeber,Cibokor,0.7771,0.7333,0.8,0.7702,Maju
Kab. Cianjur,Cibeber,Selagedang,0.7143,0.65,0.5333,0.6325,Berkembang
Kab. Cianjur,Cibeber,Karangnunggal,0.7886,0.5333,0.8667,0.7295,Maju
Kab. Cianjur,Cibeber,Kanoman,0.7886,0.7,0.8667,0.7851,Maju
Kab. Cianjur,Cibeber,Sukamaju,0.76,0.5667,0.8,0.7089,Maju
Kab. Cianjur,Cibeber,Girimulya,0.7314,0.5167,0.8667,0.7049,Berkembang
Kab. Cianjur,Cibeber,Cisalak,0.8686,0.6667,0.9333,0.8229,Mandiri
Kab. Cianjur,Cibeber,Cibadak,0.8171,0.7167,0.8667,0.8002,Maju
Kab. Cianjur,Cibeber,Sukamanah,0.84,0.5667,0.9333,0.78,Maju
Kab. Cianjur,Cibeber,Salamnunggal,0.8514,0.6167,0.6667,0.7116,Maju
Kab. Cianjur,Cilaku,Rancagoong,0.9429,0.8667,0.8,0.8698,Mandiri
Kab. Cianjur,Cilaku,Sukasari,0.92,0.8667,1,0.9289,Mandiri
Kab. Cianjur,Cilaku,Sirnagalih,0.9429,0.85,0.9333,0.9087,Mandiri
Kab. Cianjur,Cilaku,Sukakerta,0.9257,0.8,1,0.9086,Mandiri
Kab. Cianjur,Cilaku,Cibinonghilir,0.9657,0.9333,1,0.9663,Mandiri
Kab. Cianjur,Cilaku,Rahong,0.8857,0.7667,0.5333,0.7286,Maju
Kab. Cianjur,Cilaku,Munjul,0.9486,0.6333,0.7333,0.7717,Maju
Kab. Cianjur,Cilaku,Sindangsari,0.8743,0.8667,0.6667,0.8025,Maju
Kab. Cianjur,Cilaku,Ciharashas,0.9657,0.8667,0.9333,0.9219,Mandiri
Kab. Cianjur,Cilaku,Mulyasari,0.8229,0.6833,0.8667,0.791,Maju
Kab. Cianjur,Ciranjang,Ciranjang,0.9543,0.9667,0.8667,0.9292,Mandiri
Kab. Cianjur,Ciranjang,Sindangjaya,0.9314,0.8167,0.9333,0.8938,Mandiri
Kab. Cianjur,Ciranjang,Cibiuk,0.9029,0.8667,0.8667,0.8787,Mandiri
Kab. Cianjur,Ciranjang,Gunungsari,0.9257,0.8833,0.8667,0.8919,Mandiri
Kab. Cianjur,Ciranjang,Karangwangi,0.9543,0.8333,0.6667,0.8181,Mandiri
Kab. Cianjur,Ciranjang,Nanggalamekar,0.9314,0.7333,0.8667,0.8438,Mandiri
Kab. Cianjur,Ciranjang,Kertajaya,0.9314,0.85,0.6667,0.816,Mandiri
Kab. Cianjur,Ciranjang,Sindangsari,0.9086,0.65,0.8,0.7862,Maju
Kab. Cianjur,Ciranjang,Mekargalih,0.8286,0.7167,0.6,0.7151,Maju
Kab. Cianjur,Bojongpicung,Hegarmanah,0.9086,0.7167,0.8667,0.8306,Mandiri
Kab. Cianjur,Bojongpicung,Bojongpicung,0.9029,0.8667,0.8667,0.8787,Mandiri
Kab. Cianjur,Bojongpicung,Cibarengkok,0.8343,0.7667,0.8667,0.8225,Mandiri
Kab. Cianjur,Bojongpicung,Kemang,0.8743,0.6167,0.7333,0.7414,Maju
Kab. Cianjur,Bojongpicung,Sukajaya,0.8286,0.6333,0.8,0.754,Maju
Kab. Cianjur,Bojongpicung,Jati,0.8686,0.7333,0.9333,0.8451,Mandiri
Kab. Cianjur,Bojongpicung,Cikondang,0.8457,0.65,0.8667,0.7875,Maju
Kab. Cianjur,Bojongpicung,Sukarama,0.8514,0.8667,0.8,0.8394,Mandiri
Kab. Cianjur,Bojongpicung,Sukaratu,0.7771,0.7667,0.7333,0.759,Maju
Kab. Cianjur,Bojongpicung,Neglasari,0.9143,0.85,0.8667,0.877,Mandiri
Kab. Cianjur,Bojongpicung,Jatisari,0.8971,0.7,0.8667,0.8213,Mandiri
Kab. Cianjur,Karangtengah,Sukamanah,0.8114,0.8,0.8667,0.826,Mandiri
Kab. Cianjur,Karangtengah,Bojong,0.8971,0.85,0.8667,0.8713,Mandiri
Kab. Cianjur,Karangtengah,Sindanglaka,0.8857,0.8,0.8,0.8286,Mandiri
Kab. Cianjur,Karangtengah,Maleber,0.9543,0.8333,0.8667,0.8848,Mandiri
Kab. Cianjur,Karangtengah,Ciherang,0.9771,0.7667,0.9333,0.8924,Mandiri
Kab. Cianjur,Karangtengah,Sukamantri,0.8229,0.8833,0.8667,0.8576,Mandiri
Kab. Cianjur,Karangtengah,Sukasarana,0.8171,0.6333,0.9333,0.7946,Maju
Kab. Cianjur,Karangtengah,Sukasari,0.9371,0.9667,0.6667,0.8568,Mandiri
Kab. Cianjur,Karangtengah,Babakancaringin,0.8,0.7167,0.9333,0.8167,Mandiri
Kab. Cianjur,Karangtengah,Sabandar,0.88,0.8333,1,0.9044,Mandiri
Kab. Cianjur,Karangtengah,Sindangasih,0.8629,0.8667,0.9333,0.8876,Mandiri
Kab. Cianjur,Karangtengah,Sukataris,0.9029,0.8,1,0.901,Mandiri
Kab. Cianjur,Karangtengah,Langensari,0.8457,0.9667,0.7333,0.8486,Mandiri
Kab. Cianjur,Karangtengah,Hegarmanah,0.9714,0.7333,0.9333,0.8794,Mandiri
Kab. Cianjur,Karangtengah,Sukajadi,0.8571,0.85,0.7333,0.8135,Maju
Kab. Cianjur,Karangtengah,Sukamulya,0.8914,0.7667,0.8,0.8194,Mandiri
Kab. Cianjur,Mande,Kademangan,0.8457,0.8333,0.8667,0.8486,Mandiri
Kab. Cianjur,Mande,Bobojong,0.88,0.6167,0.8667,0.7878,Maju
Kab. Cianjur,Mande,Jamali,0.8629,0.7167,0.6667,0.7487,Maju
Kab. Cianjur,Mande,Cikidangbayabang,0.7943,0.7,0.7333,0.7425,Maju
Kab. Cianjur,Mande,Mande,0.7829,0.5333,0.8,0.7054,Berkembang
Kab. Cianjur,Mande,Mulyasari,0.7829,0.6167,0.6,0.6665,Berkembang
Kab. Cianjur,Mande,Ciandam,0.8743,0.55,0.7333,0.7192,Maju
Kab. Cianjur,Mande,Sukamanah,0.7371,0.6,0.5333,0.6235,Berkembang
Kab. Cianjur,Mande,Leuwikoja,0.7657,0.6167,0.7333,0.7052,Berkembang
Kab. Cianjur,Mande,Mekarjaya,0.8629,0.6167,0.6,0.6932,Berkembang
Kab. Cianjur,Mande,Kutawaringin,0.7371,0.7167,0.6667,0.7068,Berkembang
Kab. Cianjur,Mande,Murnisari,0.8514,0.6333,0.4,0.6283,Berkembang
Kab. Cianjur,Sukaluyu,Selajambe,0.9257,0.65,0.8667,0.8141,Maju
Kab. Cianjur,Sukaluyu,Sukamulya,0.7829,0.6167,0.8,0.7332,Maju
Kab. Cianjur,Sukaluyu,Panyusuhan,0.6914,0.6333,0.8,0.7083,Maju
Kab. Cianjur,Sukaluyu,Tanjungsari,0.8057,0.6333,0.7333,0.7241,Maju
Kab. Cianjur,Sukaluyu,Sindangraja,0.7771,0.6833,0.8,0.7535,Maju
Kab. Cianjur,Sukaluyu,Mekarjaya,0.8,0.65,0.6667,0.7056,Berkembang
Kab. Cianjur,Sukaluyu,Sukasirna,0.88,0.8167,0.6667,0.7878,Maju
Kab. Cianjur,Sukaluyu,Sukaluyu,0.8229,0.65,0.6667,0.7132,Maju
Kab. Cianjur,Sukaluyu,Babakansari,0.8114,0.5333,0.6667,0.6705,Berkembang
Kab. Cianjur,Sukaluyu,Hegarmanah,0.8629,0.8833,0.6667,0.8043,Maju
Kab. Cianjur,Pacet,Ciherang,0.9314,0.95,0.7333,0.8716,Mandiri
Kab. Cianjur,Pacet,Cibodas,0.8286,0.8,0.8,0.8095,Maju
Kab. Cianjur,Pacet,Sukanagalih,0.8629,0.9,0.8667,0.8765,Mandiri
Kab. Cianjur,Pacet,Cipendawa,0.9486,0.8333,0.9333,0.9051,Mandiri
Kab. Cianjur,Pacet,Ciputri,0.8571,0.6833,0.9333,0.8246,Mandiri
Kab. Cianjur,Pacet,Gadog,0.9257,0.8833,0.8667,0.8919,Mandiri
Kab. Cianjur,Pacet,Sukatani,0.9086,0.7833,0.8,0.8306,Mandiri
Kab. Cianjur,Cugenang,Sukamanah,0.9371,0.7,0.5333,0.7235,Maju
Kab. Cianjur,Cugenang,Gasol,0.8,0.55,0.7333,0.6944,Berkembang
Kab. Cianjur,Cugenang,Cijedil,0.9086,0.7833,0.7333,0.8084,Maju
Kab. Cianjur,Cugenang,Cibeureum,0.9257,0.7667,0.8667,0.853,Mandiri
Kab. Cianjur,Cugenang,Nyalindung,0.7886,0.5167,0.8,0.7017,Berkembang
Kab. Cianjur,Cugenang,Mangunkerta,0.8286,0.6167,0.8667,0.7706,Maju
Kab. Cianjur,Cugenang,Sarampad,0.8229,0.65,0.6667,0.7132,Maju
Kab. Cianjur,Cugenang,Talaga,0.7943,0.7333,0.8,0.7759,Maju
Kab. Cianjur,Cugenang,Sukajaya,0.7771,0.6,0.9333,0.7702,Maju
Kab. Cianjur,Cugenang,Cibulakan,0.8686,0.5667,0.8,0.7451,Maju
Kab. Cianjur,Cugenang,Benjot,0.8343,0.5833,0.8667,0.7614,Maju
Kab. Cianjur,Cugenang,Sukamulya,0.7314,0.4833,0.8,0.6716,Berkembang
Kab. Cianjur,Cugenang,Wangunjaya,0.8057,0.55,0.8,0.7186,Maju
Kab. Cianjur,Cugenang,Cirumput,0.8286,0.5667,0.8,0.7317,Maju
Kab. Cianjur,Cugenang,Padaluyu,0.9257,0.65,0.9333,0.8363,Mandiri
Kab. Cianjur,Cugenang,Galudra,0.7314,0.5833,0.8,0.7049,Berkembang
Kab. Cianjur,Cikalongkulon,Sukagalih,0.8857,0.85,0.6667,0.8008,Maju
Kab. Cianjur,Cikalongkulon,Gudang,0.88,0.6667,0.8,0.7822,Maju
Kab. Cianjur,Cikalongkulon,Cinangsi,0.8229,0.85,0.6667,0.7798,Maju
Kab. Cianjur,Cikalongkulon,Cijagang,0.8114,0.85,0.8667,0.8427,Mandiri
Kab. Cianjur,Cikalongkulon,Majalaya,0.8514,0.7167,0.9333,0.8338,Mandiri
Kab. Cianjur,Cikalongkulon,Kamurang,0.8743,0.7333,0.8,0.8025,Maju
Kab. Cianjur,Cikalongkulon,Warudoyong,0.8686,0.6833,0.8667,0.8062,Maju
Kab. Cianjur,Cikalongkulon,Ciramagirang,0.8057,0.6667,0.8667,0.7797,Maju
Kab. Cianjur,Cikalongkulon,Mekarjaya,0.7829,0.75,0.8,0.7776,Maju
Kab. Cianjur,Cikalongkulon,Sukamulya,0.8743,0.6167,0.8,0.7637,Maju
Kab. Cianjur,Cikalongkulon,Padajaya,0.8,0.7,0.6667,0.7222,Maju
Kab. Cianjur,Cikalongkulon,Cigunungherang,0.76,0.75,0.6,0.7033,Berkembang
Kab. Cianjur,Cikalongkulon,Neglasari,0.8571,0.7167,0.8667,0.8135,Maju
Kab. Cianjur,Cikalongkulon,Mekargalih,0.92,0.65,0.6,0.7233,Maju
Kab. Cianjur,Cikalongkulon,Lembahsari,0.8571,0.7667,0.8667,0.8302,Mandiri
Kab. Cianjur,Cikalongkulon,Mentengsari,0.88,0.6833,0.9333,0.8322,Mandiri
Kab. Cianjur,Cikalongkulon,Mekarsari,0.8171,0.8167,0.8,0.8113,Maju
Kab. Cianjur,Cikalongkulon,Mekarmulya,0.8286,0.5,0.8,0.7095,Maju
Kab. Cianjur,Sukaresmi,Cikanyere,0.8229,0.6833,0.6667,0.7243,Maju
Kab. Cianjur,Sukaresmi,Cikancana,0.8286,0.7333,0.8,0.7873,Maju
Kab. Cianjur,Sukaresmi,Ciwalen,0.8343,0.7833,0.8667,0.8281,Mandiri
Kab. Cianjur,Sukaresmi,Kawungluwuk,0.8971,0.6833,0.8,0.7935,Maju
Kab. Cianjur,Sukaresmi,Cibadak,0.84,0.6,0.8,0.7467,Maju
Kab. Cianjur,Sukaresmi,Sukamahi,0.7371,0.6167,0.8667,0.7402,Maju
Kab. Cianjur,Sukaresmi,Sukaresmi,0.8457,0.75,0.6667,0.7541,Maju
Kab. Cianjur,Sukaresmi,Cibanteng,0.84,0.5333,0.8,0.7244,Maju
Kab. Cianjur,Sukaresmi,Kubang,0.8286,0.6,0.8,0.7429,Maju
Kab. Cianjur,Sukaresmi,Pakuon,0.8914,0.6167,0.6667,0.7249,Maju
Kab. Cianjur,Sukaresmi,Rawabelut,0.6743,0.65,0.8667,0.7303,Maju
Kab. Cianjur,Sukanagara,Sukanagara,0.9029,0.9333,0.7333,0.8565,Mandiri
Kab. Cianjur,Sukanagara,Sukajembar,0.9143,0.6333,0.6,0.7159,Maju
Kab. Cianjur,Sukanagara,Sukakarya,0.88,0.7667,0.5333,0.7267,Maju
Kab. Cianjur,Sukanagara,Ciguha,0.8686,0.55,0.8667,0.7617,Maju
Kab. Cianjur,Sukanagara,Sukamekar,0.8057,0.7833,0.6667,0.7519,Maju
Kab. Cianjur,Sukanagara,Gunungsari,0.8171,0.6,0.6667,0.6946,Berkembang
Kab. Cianjur,Sukanagara,Sukalaksana,0.8514,0.6167,0.6667,0.7116,Maju
Kab. Cianjur,Sukanagara,Sukarame,0.8286,0.7,0.6,0.7095,Maju
Kab. Cianjur,Sukanagara,Sindangsari,0.7943,0.6,0.6667,0.687,Berkembang
Kab. Cianjur,Sukanagara,Jayagiri,0.76,0.7333,0.6,0.6978,Berkembang
Kab. Cianjur,Campaka,Cidadap,0.8629,0.7167,0.9333,0.8376,Mandiri
Kab. Cianjur,Campaka,Cimenteng,0.7771,0.6167,0.8667,0.7535,Maju
Kab. Cianjur,Campaka,Susukan,0.8229,0.55,0.8,0.7243,Maju
Kab. Cianjur,Campaka,Sukajadi,0.9086,0.8167,0.8667,0.864,Mandiri
Kab. Cianjur,Campaka,Sukadana,0.8629,0.5667,0.9333,0.7876,Maju
Kab. Cianjur,Campaka,Margaluyu,0.84,0.5833,0.8,0.7411,Maju
Kab. Cianjur,Campaka,Karyamukti,0.8229,0.6833,0.6667,0.7243,Maju
Kab. Cianjur,Campaka,Campaka,0.8171,0.5167,0.9333,0.7557,Maju
Kab. Cianjur,Campaka,Wangunjaya,0.7943,0.5167,0.9333,0.7481,Maju
Kab. Cianjur,Campaka,Girimukti,0.8,0.5333,0.9333,0.7556,Maju
Kab. Cianjur,Campaka,Mekarjaya,0.7886,0.5667,0.8667,0.7406,Maju
Kab. Cianjur,Takokak,Pasawahan,0.8457,0.8333,0.5333,0.7375,Maju
Kab. Cianjur,Takokak,Sindangresmi,0.8457,0.8,0.8,0.8152,Maju
Kab. Cianjur,Takokak,Sindanghayu,0.8514,0.7333,0.6667,0.7505,Maju
Kab. Cianjur,Takokak,Simpang,0.8114,0.6833,0.8667,0.7871,Maju
Kab. Cianjur,Takokak,Sukagalih,0.8286,0.6333,0.8667,0.7762,Maju
Kab. Cianjur,Takokak,Bungbangsari,0.8971,0.7,0.6,0.7324,Maju
Kab. Cianjur,Takokak,Cisujen,0.8229,0.6,0.8,0.741,Maju
Kab. Cianjur,Takokak,Hegarmanah,0.8229,0.6667,0.6,0.6965,Berkembang
Kab. Cianjur,Takokak,Waringinsari,0.8114,0.55,0.9333,0.7649,Maju
Kab. Cianjur,Kadupandak,Sukasari,0.8229,0.6,0.5333,0.6521,Berkembang
Kab. Cianjur,Kadupandak,Pasirdalem,0.7314,0.5833,0.8,0.7049,Berkembang
Kab. Cianjur,Kadupandak,Talagasari,0.7486,0.5667,0.7333,0.6829,Berkembang
Kab. Cianjur,Kadupandak,Bojongkasih,0.84,0.6,0.6,0.68,Berkembang
Kab. Cianjur,Kadupandak,Wargaasih,0.7371,0.7167,0.6667,0.7068,Berkembang
Kab. Cianjur,Kadupandak,Sukaraharja,0.76,0.4833,0.7333,0.6589,Berkembang
Kab. Cianjur,Kadupandak,Sukakerta,0.7543,0.5333,0.6,0.6292,Berkembang
Kab. Cianjur,Kadupandak,Neglasari,0.7314,0.5333,0.6,0.6216,Berkembang
Kab. Cianjur,Kadupandak,Sukaresmi,0.8686,0.6167,0.6,0.6951,Berkembang
Kab. Cianjur,Kadupandak,Wargasari,0.76,0.5833,0.6667,0.67,Berkembang
Kab. Cianjur,Kadupandak,Sukaraja,0.8171,0.4333,0.6,0.6168,Berkembang
Kab. Cianjur,Kadupandak,Kadupandak,0.6914,0.8333,0.6,0.7083,Maju
Kab. Cianjur,Kadupandak,Gandasari,0.8571,0.65,0.6,0.7024,Berkembang
Kab. Cianjur,Kadupandak,Sindangsari,0.7429,0.55,0.7333,0.6754,Berkembang
Kab. Cianjur,Pagelaran,Pagelaran,0.7829,0.9667,0.5333,0.761,Maju
Kab. Cianjur,Pagelaran,Pangadegan,0.7143,0.6167,0.6,0.6437,Berkembang
Kab. Cianjur,Pagelaran,Gelaranyar,0.6914,0.6667,0.8667,0.7416,Maju
Kab. Cianjur,Pagelaran,Buniwangi,0.8743,0.7,0.6,0.7248,Maju
Kab. Cianjur,Pagelaran,Sindangkerta,0.84,0.6333,0.6667,0.7133,Maju
Kab. Cianjur,Pagelaran,Pasirbaru,0.7943,0.5667,0.5333,0.6314,Berkembang
Kab. Cianjur,Pagelaran,Bunijaya,0.76,0.5333,0.6667,0.6533,Berkembang
Kab. Cianjur,Pagelaran,Situhiang,0.72,0.7667,0.6,0.6956,Berkembang
Kab. Cianjur,Pagelaran,Mekarsari,0.7714,0.65,0.6,0.6738,Berkembang
Kab. Cianjur,Pagelaran,Kertaraharja,0.8057,0.6,0.6667,0.6908,Berkembang
Kab. Cianjur,Pagelaran,Selagedang,0.8457,0.6,0.6,0.6819,Berkembang
Kab. Cianjur,Pagelaran,Padamaju,0.8229,0.8167,0.8,0.8132,Maju
Kab. Cianjur,Pagelaran,Karangharja,0.7143,0.6333,0.6667,0.6714,Berkembang
Kab. Cianjur,Pagelaran,Sukamaju,0.7829,0.4833,0.7333,0.6665,Berkembang
Kab. Cianjur,Tanggeung,Tanggeung,0.8686,0.85,0.6667,0.7951,Maju
Kab. Cianjur,Tanggeung,Rawagede,0.8629,0.5667,0.6667,0.6987,Berkembang
Kab. Cianjur,Tanggeung,Cilongsong,0.8114,0.4667,0.7333,0.6705,Berkembang
Kab. Cianjur,Tanggeung,Margaluyu,0.7943,0.7,0.6,0.6981,Berkembang
Kab. Cianjur,Tanggeung,Karangtengah,0.8229,0.6167,0.6667,0.7021,Berkembang
Kab. Cianjur,Tanggeung,Pagermaneuh,0.8571,0.5333,0.6667,0.6857,Berkembang
Kab. Cianjur,Tanggeung,Bojongpetir,0.7714,0.6333,0.8,0.7349,Maju
Kab. Cianjur,Tanggeung,Pasirjambu,0.7029,0.5833,0.6,0.6287,Berkembang
Kab. Cianjur,Tanggeung,Sirnajaya,0.7371,0.6167,0.6667,0.6735,Berkembang
Kab. Cianjur,Tanggeung,Kertajaya,0.7429,0.6667,0.6667,0.6921,Berkembang
Kab. Cianjur,Tanggeung,Sukajaya,0.7143,0.7333,0.6667,0.7048,Berkembang
Kab. Cianjur,Tanggeung,Padaluyu,0.7486,0.5667,0.6,0.6384,Berkembang
Kab. Cianjur,Cibinong,Pananggapan,0.8114,0.7667,0.6,0.726,Maju
Kab. Cianjur,Cibinong,Cikangkareng,0.7714,0.7,0.6667,0.7127,Maju
Kab. Cianjur,Cibinong,Sukajadi,0.8971,0.9,0.6,0.799,Maju
Kab. Cianjur,Cibinong,Panyindangan,0.8286,0.6167,0.6,0.6817,Berkembang
Kab. Cianjur,Cibinong,Padasuka,0.8286,0.7,0.6,0.7095,Maju
Kab. Cianjur,Cibinong,Cimaskara,0.8057,0.75,0.8667,0.8075,Maju
Kab. Cianjur,Cibinong,Pamoyanan,0.8457,0.7,0.8,0.7819,Maju
Kab. Cianjur,Cibinong,Batulawang,0.8514,0.8167,0.5333,0.7338,Maju
Kab. Cianjur,Cibinong,Sukamekar,0.8,0.6833,0.6667,0.7167,Maju
Kab. Cianjur,Cibinong,Hamerang,0.7886,0.7167,0.6667,0.724,Maju
Kab. Cianjur,Cibinong,Girijaya,0.8571,0.6667,0.8667,0.7968,Maju
Kab. Cianjur,Cibinong,Wargaluyu,0.8343,0.7,0.5333,0.6892,Berkembang
Kab. Cianjur,Cibinong,Mekarmukti,0.84,0.7,0.6,0.7133,Maju
Kab. Cianjur,Cibinong,Ciburial,0.8457,0.6333,0.6,0.693,Berkembang
Kab. Cianjur,Sindangbarang,Saganten,0.8629,0.7833,0.8,0.8154,Maju
Kab. Cianjur,Sindangbarang,Muaracikadu,0.8571,0.7833,0.8,0.8135,Maju
Kab. Cianjur,Sindangbarang,Jatisari,0.8114,0.6667,0.8667,0.7816,Maju
Kab. Cianjur,Sindangbarang,Sirnagalih,0.8971,0.7167,0.7333,0.7824,Maju
Kab. Cianjur,Sindangbarang,Jayagiri,0.8457,0.7,0.8667,0.8041,Maju
Kab. Cianjur,Sindangbarang,Kertasari,0.7314,0.7333,0.8,0.7549,Maju
Kab. Cianjur,Sindangbarang,Girimukti,0.8571,0.7833,0.8,0.8135,Maju
Kab. Cianjur,Sindangbarang,Talagasari,0.84,0.75,0.8,0.7967,Maju
Kab. Cianjur,Sindangbarang,Hegarsari,0.8229,0.6333,0.8667,0.7743,Maju
Kab. Cianjur,Sindangbarang,Mekarlaksana,0.7371,0.6167,0.8,0.7179,Maju
Kab. Cianjur,Sindangbarang,Kertamukti,0.68,0.6,0.8667,0.7156,Maju
Kab. Cianjur,Agrabinta,Sukamanah,0.8571,0.7167,0.8667,0.8135,Maju
Kab. Cianjur,Agrabinta,Bojongkaso,0.7429,0.6333,0.7333,0.7032,Berkembang
Kab. Cianjur,Agrabinta,Bunisari,0.7714,0.5667,0.7333,0.6905,Berkembang
Kab. Cianjur,Agrabinta,Wanasari,0.8171,0.5667,0.7333,0.7057,Berkembang
Kab. Cianjur,Agrabinta,Sinarlaut,0.7371,0.5167,0.8,0.6846,Berkembang
Kab. Cianjur,Agrabinta,Neglasari,0.7371,0.5667,0.8,0.7013,Berkembang
Kab. Cianjur,Agrabinta,Karangsari,0.7543,0.5,0.7333,0.6625,Berkembang
Kab. Cianjur,Agrabinta,Mulyasari,0.68,0.5833,0.8,0.6878,Berkembang
Kab. Cianjur,Agrabinta,Tanjung Sari,0.7829,0.6167,0.9333,0.7776,Maju
Kab. Cianjur,Agrabinta,Mekarsari,0.8286,0.9,0.7333,0.8206,Mandiri
Kab. Cianjur,Agrabinta,Wangunjaya,0.6514,0.5667,0.8667,0.6949,Berkembang
Kab. Cianjur,Cidaun,Cidamar,0.7429,0.9,0.8,0.8143,Maju
Kab. Cianjur,Cidaun,Cibuluh,0.8171,0.6667,0.6,0.6946,Berkembang
Kab. Cianjur,Cidaun,Cisalak,0.7486,0.6833,0.8667,0.7662,Maju
Kab. Cianjur,Cidaun,Cimaragang,0.7143,0.8,0.6667,0.727,Maju
Kab. Cianjur,Cidaun,Mekarjaya,0.7257,0.75,0.8,0.7586,Maju
Kab. Cianjur,Cidaun,Kertajadi,0.7886,0.8667,0.8,0.8184,Mandiri
Kab. Cianjur,Cidaun,Sukapura,0.6229,0.6167,0.8667,0.7021,Berkembang
Kab. Cianjur,Cidaun,Gelarpawitan,0.8114,0.6833,0.6,0.6983,Berkembang
Kab. Cianjur,Cidaun,Karangwangi,0.7314,0.8,0.8,0.7771,Maju
Kab. Cianjur,Cidaun,Karyabakti,0.76,0.8667,0.8,0.8089,Maju
Kab. Cianjur,Cidaun,Jayapura,0.7257,0.8,0.6667,0.7308,Maju
Kab. Cianjur,Cidaun,Neglasari,0.7257,0.6,0.8,0.7086,Maju
Kab. Cianjur,Cidaun,Puncakbaru,0.7771,0.7667,0.6,0.7146,Maju
Kab. Cianjur,Cidaun,Gelarwangi,0.6971,0.6333,0.8,0.7102,Maju
Kab. Cianjur,Naringgul,Naringgul,0.9086,0.75,0.6667,0.7751,Maju
Kab. Cianjur,Naringgul,Balegede,0.8171,0.7167,0.8667,0.8002,Maju
Kab. Cianjur,Naringgul,Wangunjaya,0.7429,0.8,0.8,0.781,Maju
Kab. Cianjur,Naringgul,Mekarsari,0.8629,0.6333,0.6,0.6987,Berkembang
Kab. Cianjur,Naringgul,Cinerang,0.9029,0.5667,0.6667,0.7121,Maju
Kab. Cianjur,Naringgul,Wanasari,0.8114,0.75,0.6667,0.7427,Maju
Kab. Cianjur,Naringgul,Sukabakti,0.8514,0.7167,0.6,0.7227,Maju
Kab. Cianjur,Naringgul,Malati,0.8171,0.5833,0.6667,0.689,Berkembang
Kab. Cianjur,Naringgul,Wangunsari,0.8229,0.6,0.6667,0.6965,Berkembang
Kab. Cianjur,Naringgul,Sukamulya,0.7943,0.5167,0.6667,0.6592,Berkembang
Kab. Cianjur,Naringgul,Margasari,0.7543,0.7,0.6,0.6848,Berkembang
Kab. Cianjur,Campakamulya,Cibanggala,0.8343,0.7167,0.8,0.7837,Maju
Kab. Cianjur,Campakamulya,Campakawarna,0.8057,0.6833,0.8,0.763,Maju
Kab. Cianjur,Campakamulya,Sukasirna,0.8743,0.6667,0.8,0.7803,Maju
Kab. Cianjur,Campakamulya,Campakamulya,0.7771,0.7167,0.8667,0.7868,Maju
Kab. Cianjur,Campakamulya,Sukabungah,0.8171,0.65,0.8,0.7557,Maju
Kab. Cianjur,Cikadu,Kalapanunggal,0.8,0.75,0.6,0.7167,Maju
Kab. Cianjur,Cikadu,Cikadu,0.88,0.6667,0.7333,0.76,Maju
Kab. Cianjur,Cikadu,Mekarwangi,0.7886,0.7667,0.6,0.7184,Maju
Kab. Cianjur,Cikadu,Padaluyu,0.8686,0.7833,0.5333,0.7284,Maju
Kab. Cianjur,Cikadu,Sukamulya,0.8,0.6833,0.5333,0.6722,Berkembang
Kab. Cianjur,Cikadu,Cisaranten,0.8229,0.6333,0.5333,0.6632,Berkembang
Kab. Cianjur,Cikadu,Mekarlaksana,0.8743,0.75,0.6,0.7414,Maju
Kab. Cianjur,Cikadu,Sukaluyu,0.8571,0.7,0.8667,0.8079,Maju
Kab. Cianjur,Cikadu,Mekarjaya,0.7771,0.75,0.6,0.709,Maju
Kab. Cianjur,Cikadu,Sukamanah,0.7086,0.5667,0.6,0.6251,Berkembang
Kab. Cianjur,Gekbrong,Bangbayang,0.8514,0.8667,0.6667,0.7949,Maju
Kab. Cianjur,Gekbrong,Songgom,0.8629,0.75,0.8667,0.8265,Mandiri
Kab. Cianjur,Gekbrong,Sukaratu,0.8457,0.8167,0.6667,0.7763,Maju
Kab. Cianjur,Gekbrong,Cikancana,0.8629,0.6833,0.8667,0.8043,Maju
Kab. Cianjur,Gekbrong,Kebonpeuteuy,0.76,0.7833,0.8667,0.8033,Maju
Kab. Cianjur,Gekbrong,Gekbrong,0.8229,0.8667,0.8667,0.8521,Mandiri
Kab. Cianjur,Gekbrong,Cikahuripan,0.8457,0.8167,0.6667,0.7763,Maju
Kab. Cianjur,Gekbrong,Cintaasih,0.8057,0.75,0.6667,0.7408,Maju
Kab. Cianjur,Cipanas,Cipanas,0.9657,0.9833,1,0.983,Mandiri
Kab. Cianjur,Cipanas,Cimacan,0.96,0.7667,0.9333,0.8867,Mandiri
Kab. Cianjur,Cipanas,Ciloto,0.9143,0.7833,0.6,0.7659,Maju
Kab. Cianjur,Cipanas,Sindanglaya,0.9543,0.8333,0.6667,0.8181,Mandiri
Kab. Cianjur,Cipanas,Batulawang,0.84,0.5333,0.8667,0.7467,Maju
Kab. Cianjur,Cipanas,Palasari,0.9714,0.8333,1,0.9349,Mandiri
Kab. Cianjur,Cipanas,Sindangjaya,0.9486,0.8833,0.8667,0.8995,Mandiri
Kab. Cianjur,Cijati,Parakantugu,0.8,0.7833,0.5333,0.7056,Berkembang
Kab. Cianjur,Cijati,Cijati,0.8,0.7,0.7333,0.7444,Maju
Kab. Cianjur,Cijati,Bojonglarang,0.8457,0.9,0.6,0.7819,Maju
Kab. Cianjur,Cijati,Padaasih,0.8,0.7667,0.5333,0.7,Berkembang
Kab. Cianjur,Cijati,Cibodas,0.8457,0.8167,0.6667,0.7763,Maju
Kab. Cianjur,Cijati,Sukamahi,0.7429,0.7167,0.6667,0.7087,Maju
Kab. Cianjur,Cijati,Sukaluyu,0.7943,0.8,0.7333,0.7759,Maju
Kab. Cianjur,Cijati,Caringin,0.8,0.6333,0.6,0.6778,Berkembang
Kab. Cianjur,Cijati,Sinarbakti,0.8743,0.55,0.6667,0.697,Berkembang
Kab. Cianjur,Cijati,Sukamaju,0.7543,0.7833,0.8,0.7792,Maju
Kab. Cianjur,Leles,Pusakasari,0.7886,0.75,0.8667,0.8017,Maju
Kab. Cianjur,Leles,Walahir,0.8114,0.6,0.6,0.6705,Berkembang
Kab. Cianjur,Leles,Purabaya,0.7314,0.5167,0.6,0.616,Berkembang
Kab. Cianjur,Leles,Puncakwangi,0.6686,0.6333,0.6667,0.6562,Berkembang
Kab. Cianjur,Leles,Sukajaya,0.7886,0.5667,0.7333,0.6962,Berkembang
Kab. Cianjur,Leles,Nagasari,0.7714,0.5333,0.8,0.7016,Berkembang
Kab. Cianjur,Leles,Sukasirna,0.7943,0.7,0.8,0.7648,Maju
Kab. Cianjur,Leles,Sukamulya,0.8571,0.65,0.9333,0.8135,Maju
Kab. Cianjur,Leles,Sirnasari,0.8,0.7,0.6,0.7,Berkembang
Kab. Cianjur,Leles,Karyamukti,0.7714,0.5667,0.7333,0.6905,Berkembang
Kab. Cianjur,Leles,Mandalawangi,0.9029,0.9,0.3333,0.7121,Maju
Kab. Cianjur,Leles,Sindangsari,0.7257,0.6167,0.7333,0.6919,Berkembang
Kab. Cianjur,Haurwangi,Haurwangi,0.9429,0.8167,0.9333,0.8976,Mandiri
Kab. Cianjur,Haurwangi,Cihea,0.8629,0.8167,0.9333,0.871,Mandiri
Kab. Cianjur,Haurwangi,Ramasari,0.9029,0.7167,1,0.8732,Mandiri
Kab. Cianjur,Haurwangi,Mekarwangi/Sukatani,0.7371,0.6833,0.8667,0.7624,Maju
Kab. Cianjur,Haurwangi,Mekarwangi,0.8571,0.65,0.6667,0.7246,Maju
Kab. Cianjur,Haurwangi,Kertasari,0.92,0.7833,0.7333,0.8122,Maju
Kab. Cianjur,Haurwangi,Cipeuyeum,0.8514,0.8167,0.6667,0.7783,Maju
Kab. Cianjur,Haurwangi,Kertamukti,0.8057,0.5833,0.8667,0.7519,Maju
Kab. Cianjur,Pasirkuda,Simpang,0.8,0.7167,0.6,0.7056,Berkembang
Kab. Cianjur,Pasirkuda,Kalibaru,0.8057,0.7,0.7333,0.7463,Maju
Kab. Cianjur,Pasirkuda,Pusakajaya,0.84,0.6833,0.6,0.7078,Maju
Kab. Cianjur,Pasirkuda,Kubang,0.7657,0.5667,0.7333,0.6886,Berkembang
Kab. Cianjur,Pasirkuda,Girimukti,0.7886,0.4833,0.8,0.6906,Berkembang
Kab. Cianjur,Pasirkuda,Karangjaya,0.8171,0.6333,0.6667,0.7057,Berkembang
Kab. Cianjur,Pasirkuda,Mekarmulya,0.8229,0.5667,0.6667,0.6854,Berkembang
Kab. Cianjur,Pasirkuda,Girijaya,0.8229,0.5,0.7333,0.6854,Berkembang
Kab. Cianjur,Pasirkuda,Padamulya,0.7543,0.7833,0.6,0.7125,Maju
Kab. Bandung,Cileunyi,Cileunyi Kulon,0.88,0.8333,0.9333,0.8822,Mandiri
Kab. Bandung,Cileunyi,Cileunyi Wetan,0.9886,1,0.9333,0.974,Mandiri
Kab. Bandung,Cileunyi,Cimekar,0.9314,0.7833,0.7333,0.816,Mandiri
Kab. Bandung,Cileunyi,Cinunuk,0.9771,1,1,0.9924,Mandiri
Kab. Bandung,Cileunyi,Cibiru Hilir,0.9829,0.9,0.8,0.8943,Mandiri
Kab. Bandung,Cileunyi,Cibiru Wetan,0.9943,1,1,0.9981,Mandiri
Kab. Bandung,Cimenyan,Cimenyan,0.9371,0.8833,0.8667,0.8957,Mandiri
Kab. Bandung,Cimenyan,Mandalamekar,0.9486,0.75,0.8,0.8329,Mandiri
Kab. Bandung,Cimenyan,Cikadut,0.9371,0.7167,0.9333,0.8624,Mandiri
Kab. Bandung,Cimenyan,Ciburial,0.9714,0.8833,0.9333,0.9294,Mandiri
Kab. Bandung,Cimenyan,Sindanglaya,0.9029,0.6667,0.6667,0.7454,Maju
Kab. Bandung,Cimenyan,Mekarsaluyu,0.88,0.7833,0.8667,0.8433,Mandiri
Kab. Bandung,Cimenyan,Mekarmanik,0.88,0.6167,0.7333,0.7433,Maju
Kab. Bandung,Cilengkrang,Jatiendah,0.9314,0.7667,0.8667,0.8549,Mandiri
Kab. Bandung,Cilengkrang,Cilengkrang,0.8743,0.6,0.8,0.7581,Maju
Kab. Bandung,Cilengkrang,Cipanjalu,0.7257,0.6167,0.8667,0.7363,Maju
Kab. Bandung,Cilengkrang,Melatiwangi,0.84,0.7833,0.8667,0.83,Mandiri
Kab. Bandung,Cilengkrang,Ciporeat,0.8571,0.6333,0.8667,0.7857,Maju
Kab. Bandung,Cilengkrang,Girimekar,0.9086,0.75,0.8667,0.8417,Mandiri
Kab. Bandung,Bojongsoang,Lengkong,0.9943,0.9833,1,0.9925,Mandiri
Kab. Bandung,Bojongsoang,Bojongsoang,0.9829,1,0.9333,0.9721,Mandiri
Kab. Bandung,Bojongsoang,Buahbatu,0.9771,0.9333,0.8667,0.9257,Mandiri
Kab. Bandung,Bojongsoang,Cipagalo,0.9657,1,0.8667,0.9441,Mandiri
Kab. Bandung,Bojongsoang,Bojongsari,0.9657,0.9833,0.8667,0.9386,Mandiri
Kab. Bandung,Bojongsoang,Tegalluar,0.96,1,0.9333,0.9644,Mandiri
Kab. Bandung,Margahayu,Margahayu Tengah,0.8971,0.8667,0.8,0.8546,Mandiri
Kab. Bandung,Margahayu,Margahayu Selatan,0.9086,0.9,0.6667,0.8251,Mandiri
Kab. Bandung,Margahayu,Sukamenak,0.9486,0.8667,0.8,0.8717,Mandiri
Kab. Bandung,Margahayu,Sayati,0.9543,0.9667,0.8667,0.9292,Mandiri
Kab. Bandung,Margaasih,Margaasih,0.9429,0.95,0.8667,0.9198,Mandiri
Kab. Bandung,Margaasih,Lagadar,0.92,0.8833,0.8667,0.89,Mandiri
Kab. Bandung,Margaasih,Nanjung,0.9143,0.7,0.8667,0.827,Mandiri
Kab. Bandung,Margaasih,Mekarrahayu,0.9429,0.9167,0.8667,0.9087,Mandiri
Kab. Bandung,Margaasih,Rahayu,0.8971,0.95,0.8667,0.9046,Mandiri
Kab. Bandung,Margaasih,Cigondewah Hilir,0.8686,0.7667,0.8667,0.834,Mandiri
Kab. Bandung,Katapang,Sangkanhurip,0.9657,0.9333,0.8,0.8997,Mandiri
Kab. Bandung,Katapang,Katapang,0.8686,0.7833,0.8667,0.8395,Mandiri
Kab. Bandung,Katapang,Gandasari,0.8914,0.9,0.6667,0.8194,Mandiri
Kab. Bandung,Katapang,Sukamukti,0.8514,0.7333,0.8,0.7949,Maju
Kab. Bandung,Katapang,Cilampeni,0.9714,0.85,0.6667,0.8294,Mandiri
Kab. Bandung,Katapang,Pangauban,0.9429,0.8667,0.8667,0.8921,Mandiri
Kab. Bandung,Katapang,Banyusari,0.92,0.8167,0.8667,0.8678,Mandiri
Kab. Bandung,Dayeuhkolot,Dayeuhkolot,0.8914,0.9333,0.8,0.8749,Mandiri
Kab. Bandung,Dayeuhkolot,Cangkuang Wetan,0.9543,0.8667,0.6667,0.8292,Mandiri
Kab. Bandung,Dayeuhkolot,Cangkuang Kulon,0.8914,0.9167,0.8,0.8694,Mandiri
Kab. Bandung,Dayeuhkolot,Sukapura,0.96,0.95,0.8667,0.9256,Mandiri
Kab. Bandung,Dayeuhkolot,Citeureup,0.9371,0.8833,0.8,0.8735,Mandiri
Kab. Bandung,Banjaran,Kamasan,0.8571,0.8333,0.6,0.7635,Maju
Kab. Bandung,Banjaran,Banjaran Wetan,0.8971,0.7667,0.6,0.7546,Maju
Kab. Bandung,Banjaran,Banjaran,0.9314,0.9667,0.8667,0.9216,Mandiri
Kab. Bandung,Banjaran,Ciapus,0.9314,0.8333,0.8667,0.8771,Mandiri
Kab. Bandung,Banjaran,Sindangpanon,0.9486,0.8,0.9333,0.894,Mandiri
Kab. Bandung,Banjaran,Kiangroke,0.8971,0.85,0.9333,0.8935,Mandiri
Kab. Bandung,Banjaran,Tarajusari,0.8629,0.7667,0.8667,0.8321,Mandiri
Kab. Bandung,Banjaran,Mekarjaya,0.8971,0.65,0.6,0.7157,Maju
Kab. Bandung,Banjaran,Margahurip,0.9429,0.85,0.8667,0.8865,Mandiri
Kab. Bandung,Banjaran,Neglasari,0.9086,0.7,0.5333,0.714,Maju
Kab. Bandung,Banjaran,Pasirmulya,0.9429,0.65,0.6,0.731,Maju
Kab. Bandung,Pameungpeuk,Sukasari,0.9143,0.8667,0.8667,0.8825,Mandiri
Kab. Bandung,Pameungpeuk,Bojongmanggu,0.8629,0.8,0.8,0.821,Mandiri
Kab. Bandung,Pameungpeuk,Rancatungku,0.9714,0.85,0.8667,0.896,Mandiri
Kab. Bandung,Pameungpeuk,Bojongkunci,0.9257,0.6667,0.9333,0.8419,Mandiri
Kab. Bandung,Pameungpeuk,Rancamulya,0.92,0.8,0.9333,0.8844,Mandiri
Kab. Bandung,Pameungpeuk,Langonsari,0.9371,0.9333,0.8667,0.9124,Mandiri
Kab. Bandung,Pangalengan,Pangalengan,0.9829,1,1,0.9943,Mandiri
Kab. Bandung,Pangalengan,Margaluyu,0.8457,0.65,0.9333,0.8097,Maju
Kab. Bandung,Pangalengan,Warnasari,0.9429,0.8167,0.8667,0.8754,Mandiri
Kab. Bandung,Pangalengan,Sukamanah,0.9371,0.9,0.8667,0.9013,Mandiri
Kab. Bandung,Pangalengan,Lamajang,0.9314,0.6667,1,0.866,Mandiri
Kab. Bandung,Pangalengan,Margamukti,0.9657,0.7833,0.8667,0.8719,Mandiri
Kab. Bandung,Pangalengan,Margamulya,0.9371,0.9167,0.7333,0.8624,Mandiri
Kab. Bandung,Pangalengan,Banjarsari,0.8629,0.6167,0.8667,0.7821,Maju
Kab. Bandung,Pangalengan,Sukaluyu,0.8171,0.6667,0.8667,0.7835,Maju
Kab. Bandung,Pangalengan,Tribaktimulya,0.8686,0.6833,0.9333,0.8284,Mandiri
Kab. Bandung,Pangalengan,Pulosari,0.9886,0.6667,1,0.8851,Mandiri
Kab. Bandung,Pangalengan,Wanasuka,0.84,0.65,0.8667,0.7856,Maju
Kab. Bandung,Pangalengan,Margamekar,0.9314,0.8,0.8667,0.866,Mandiri
Kab. Bandung,Arjasari,Arjasari,0.9029,0.9333,0.9333,0.9232,Mandiri
Kab. Bandung,Arjasari,Lebakwangi,0.9143,0.7667,0.9333,0.8714,Mandiri
Kab. Bandung,Arjasari,Batukarut,0.8857,0.8333,0.8667,0.8619,Mandiri
Kab. Bandung,Arjasari,Ancolmekar,0.84,0.5333,0.8,0.7244,Maju
Kab. Bandung,Arjasari,Baros,0.9029,0.65,0.8667,0.8065,Maju
Kab. Bandung,Arjasari,Mangunjaya,0.8857,0.7333,0.7333,0.7841,Maju
Kab. Bandung,Arjasari,Mekarjaya,0.8629,0.6,0.8667,0.7765,Maju
Kab. Bandung,Arjasari,Pinggirsari,0.7943,0.6333,0.9333,0.787,Maju
Kab. Bandung,Arjasari,Patrolsari,0.8114,0.7667,0.7333,0.7705,Maju
Kab. Bandung,Arjasari,Rancakole,0.8629,0.7167,0.9333,0.8376,Mandiri
Kab. Bandung,Arjasari,Wargaluyu,0.7771,0.6833,0.6667,0.709,Maju
Kab. Bandung,Cimaung,Cimaung,0.8629,0.8833,0.8,0.8487,Mandiri
Kab. Bandung,Cimaung,Jagabaya,0.92,0.8667,0.8667,0.8844,Mandiri
Kab. Bandung,Cimaung,Pasirhuni,0.9486,0.7667,0.6667,0.794,Maju
Kab. Bandung,Cimaung,Campakamulya,0.9086,0.8667,0.8,0.8584,Mandiri
Kab. Bandung,Cimaung,Cipinang,0.9543,0.8667,0.8667,0.8959,Mandiri
Kab. Bandung,Cimaung,Mekarsari,0.8343,0.5667,0.8667,0.7559,Maju
Kab. Bandung,Cimaung,Sukamaju,1,0.85,0.6667,0.8389,Mandiri
Kab. Bandung,Cimaung,Cikalong,0.9029,0.85,0.9333,0.8954,Mandiri
Kab. Bandung,Cimaung,Malasari,0.8057,0.7667,0.8667,0.813,Maju
Kab. Bandung,Cimaung,Warjabakti,0.8571,0.7333,0.8667,0.819,Mandiri
Kab. Bandung,Cicalengka,Cicalengka Kulon,0.8914,0.9167,0.6667,0.8249,Mandiri
Kab. Bandung,Cicalengka,Cicalengka Wetan,0.9429,0.9,0.8,0.881,Mandiri
Kab. Bandung,Cicalengka,Babakan Peuteuy,0.9314,0.6833,0.6667,0.7605,Maju
Kab. Bandung,Cicalengka,Cikuya,0.8971,0.8,0.8,0.8324,Mandiri
Kab. Bandung,Cicalengka,Dampit,0.8514,0.5833,0.8667,0.7671,Maju
Kab. Bandung,Cicalengka,Margaasih,0.8457,0.6167,0.6667,0.7097,Maju
Kab. Bandung,Cicalengka,Narawita,0.88,0.7,0.6667,0.7489,Maju
Kab. Bandung,Cicalengka,Panenjoan,0.9543,0.75,0.9333,0.8792,Mandiri
Kab. Bandung,Cicalengka,Tanjungwangi,0.8857,0.6,0.6667,0.7175,Maju
Kab. Bandung,Cicalengka,Tenjolaya,0.88,0.8,0.8667,0.8489,Mandiri
Kab. Bandung,Cicalengka,Waluya,0.8,0.65,0.8,0.75,Maju
Kab. Bandung,Cicalengka,Nagrog,0.9143,0.8833,0.8667,0.8881,Mandiri
Kab. Bandung,Nagreg,Nagreg,0.8914,0.7333,0.8667,0.8305,Mandiri
Kab. Bandung,Nagreg,Bojong,0.9029,0.75,0.8,0.8176,Mandiri
Kab. Bandung,Nagreg,Ciaro,0.8229,0.75,0.9333,0.8354,Mandiri
Kab. Bandung,Nagreg,Ciherang,0.8629,0.7667,0.9333,0.8543,Mandiri
Kab. Bandung,Nagreg,Citaman,0.9829,0.7833,1,0.9221,Mandiri
Kab. Bandung,Nagreg,Mandalawangi,0.8629,0.7833,0.8667,0.8376,Mandiri
Kab. Bandung,Nagreg,Nagreg Kendan,0.9029,0.75,1,0.8843,Mandiri
Kab. Bandung,Nagreg,Ganjar Sabar,0.9371,0.9667,0.9333,0.9457,Mandiri
Kab. Bandung,Cikancung,Mandalasari,0.8,0.7833,0.8667,0.8167,Mandiri
Kab. Bandung,Cikancung,Cikancung,0.8057,0.6667,0.6667,0.713,Maju
Kab. Bandung,Cikancung,Cikasungka,0.9257,0.9,0.8,0.8752,Mandiri
Kab. Bandung,Cikancung,Cihanyir,0.8343,0.7667,0.8667,0.8225,Mandiri
Kab. Bandung,Cikancung,Ciluluk,0.8629,0.75,0.6667,0.7598,Maju
Kab. Bandung,Cikancung,Hegarmanah,0.8971,0.7,0.6667,0.7546,Maju
Kab. Bandung,Cikancung,Mekarlaksana,0.7829,0.6667,0.8,0.7498,Maju
Kab. Bandung,Cikancung,Tanjunglaya,0.9086,0.8833,0.8667,0.8862,Mandiri
Kab. Bandung,Cikancung,Srirahayu,0.8457,0.6,0.8667,0.7708,Maju
Kab. Bandung,Rancaekek,Rancaekek Wetan,0.9771,0.9667,0.9333,0.959,Mandiri
Kab. Bandung,Rancaekek,Rancaekek Kulon,0.9257,0.7,0.8,0.8086,Maju
Kab. Bandung,Rancaekek,Bojongsalam,0.8057,0.7,0.7333,0.7463,Maju
Kab. Bandung,Rancaekek,Bojongloa,0.9371,0.9333,0.6,0.8235,Mandiri
Kab. Bandung,Rancaekek,Jelegong,0.9371,0.9167,0.6,0.8179,Mandiri
Kab. Bandung,Rancaekek,Linggar,0.9429,0.8,0.7333,0.8254,Mandiri
Kab. Bandung,Rancaekek,Cangkuang,0.8971,0.7833,0.6,0.7602,Maju
Kab. Bandung,Rancaekek,Haurpugur,0.8343,0.6667,0.6667,0.7225,Maju
Kab. Bandung,Rancaekek,Sukamanah,0.9143,0.7333,0.7333,0.7937,Maju
Kab. Bandung,Rancaekek,Sukamulya,0.8171,0.6167,0.7333,0.7224,Maju
Kab. Bandung,Rancaekek,Tegal Sumedang,0.8857,0.6167,0.6667,0.723,Maju
Kab. Bandung,Rancaekek,Sangiang,0.8857,0.8,0.5333,0.7397,Maju
Kab. Bandung,Rancaekek,Nanjung Mekar,0.9543,0.8167,0.8,0.857,Mandiri
Kab. Bandung,Ciparay,Ciparay,0.9486,0.75,1,0.8995,Mandiri
Kab. Bandung,Ciparay,Gunungleutik,0.9771,0.85,0.7333,0.8535,Mandiri
Kab. Bandung,Ciparay,Mekarsari,0.8686,0.7333,0.9333,0.8451,Mandiri
Kab. Bandung,Ciparay,Cikoneng,0.92,0.8333,1,0.9178,Mandiri
Kab. Bandung,Ciparay,Ciheulang,0.9371,0.7833,0.8667,0.8624,Mandiri
Kab. Bandung,Ciparay,Pakutandang,0.9714,0.8833,0.9333,0.9294,Mandiri
Kab. Bandung,Ciparay,Sumbersari,0.9543,0.7333,0.8667,0.8514,Mandiri
Kab. Bandung,Ciparay,Manggungharja,0.9714,0.95,0.9333,0.9516,Mandiri
Kab. Bandung,Ciparay,Sagaracipta,0.9086,0.7833,0.8667,0.8529,Mandiri
Kab. Bandung,Ciparay,Sarimahi,0.9486,0.8,0.8667,0.8717,Mandiri
Kab. Bandung,Ciparay,Serangmekar,0.9257,0.8,1,0.9086,Mandiri
Kab. Bandung,Ciparay,Babakan,0.8743,0.8,0.8,0.8248,Mandiri
Kab. Bandung,Ciparay,Bumiwangi,0.9029,0.75,0.9333,0.8621,Mandiri
Kab. Bandung,Ciparay,Mekarlaksana,0.8571,0.75,0.8667,0.8246,Mandiri
Kab. Bandung,Pacet,Cipeujeuh,0.8743,0.8833,0.8667,0.8748,Mandiri
Kab. Bandung,Pacet,Cikitu,0.8114,0.7167,0.8,0.776,Maju
Kab. Bandung,Pacet,Cinanggela,0.8114,0.6167,0.7333,0.7205,Maju
Kab. Bandung,Pacet,Maruyung,0.96,0.9333,0.8,0.8978,Mandiri
Kab. Bandung,Pacet,Sukarame,0.8229,0.6167,0.7333,0.7243,Maju
Kab. Bandung,Pacet,Nagrak,0.9086,0.7,0.9333,0.8473,Mandiri
Kab. Bandung,Pacet,Cikawao,0.9371,0.6667,0.8,0.8013,Maju
Kab. Bandung,Pacet,Mekarjaya,0.8,0.6667,0.8,0.7556,Maju
Kab. Bandung,Pacet,Pangauban,0.8514,0.55,0.8667,0.756,Maju
Kab. Bandung,Pacet,Mandalahaji,0.9086,0.7333,0.7333,0.7917,Maju
Kab. Bandung,Pacet,Girimulya,0.8629,0.6833,0.8,0.7821,Maju
Kab. Bandung,Pacet,Tanjungwangi,0.8971,0.6833,0.8,0.7935,Maju
Kab. Bandung,Pacet,Mekarsari,0.8286,0.7,0.8,0.7762,Maju
Kab. Bandung,Kertasari,Sukapura,0.9771,0.8167,0.8667,0.8868,Mandiri
Kab. Bandung,Kertasari,Cibeureum,0.9657,0.9333,0.9333,0.9441,Mandiri
Kab. Bandung,Kertasari,Santosa,0.8229,0.7,0.9333,0.8187,Mandiri
Kab. Bandung,Kertasari,Tarumajaya,0.9714,0.9,0.9333,0.9349,Mandiri
Kab. Bandung,Kertasari,Neglawangi,0.9143,0.6833,0.9333,0.8437,Mandiri
Kab. Bandung,Kertasari,Cihawuk,0.8571,0.6833,0.9333,0.8246,Mandiri
Kab. Bandung,Kertasari,Cikembang,0.9429,0.6833,0.8667,0.831,Mandiri
Kab. Bandung,Kertasari,Resmi Tingal,0.8629,0.8,0.8667,0.8432,Mandiri
Kab. Bandung,Baleendah,Bojongmalaka,0.9086,0.7667,0.8667,0.8473,Mandiri
Kab. Bandung,Baleendah,Rancamanyar,0.88,0.9167,0.9333,0.91,Mandiri
Kab. Bandung,Baleendah,Malakasari,0.8571,0.7333,0.8667,0.819,Mandiri
Kab. Bandung,Majalaya,Majalaya,0.9657,0.95,0.8,0.9052,Mandiri
Kab. Bandung,Majalaya,Wangisagara,0.96,0.7833,0.8,0.8478,Mandiri
Kab. Bandung,Majalaya,Biru,0.9543,0.85,0.8667,0.8903,Mandiri
Kab. Bandung,Majalaya,Padamulya,0.8914,0.8,0.6,0.7638,Maju
Kab. Bandung,Majalaya,Bojong,0.8514,0.85,0.7333,0.8116,Maju
Kab. Bandung,Majalaya,Majasetra,0.92,0.95,0.8,0.89,Mandiri
Kab. Bandung,Majalaya,Majakerta,0.9143,0.9167,0.7333,0.8548,Mandiri
Kab. Bandung,Majalaya,Sukamaju,0.9029,0.8833,0.8,0.8621,Mandiri
Kab. Bandung,Majalaya,Padaulun,0.9371,0.6833,0.6667,0.7624,Maju
Kab. Bandung,Majalaya,Neglasari,0.8914,0.6667,0.6667,0.7416,Maju
Kab. Bandung,Majalaya,Sukamukti,0.8514,0.6333,0.6667,0.7171,Maju
Kab. Bandung,Solokanjeruk,Rancakasumba,0.9429,0.7667,0.7333,0.8143,Maju
Kab. Bandung,Solokanjeruk,Solokanjeruk,0.9657,0.85,0.7333,0.8497,Mandiri
Kab. Bandung,Solokanjeruk,Cibodas,0.96,0.7833,0.7333,0.8256,Mandiri
Kab. Bandung,Solokanjeruk,Panyadap,0.9657,0.7333,0.8667,0.8552,Mandiri
Kab. Bandung,Solokanjeruk,Bojongemas,0.9371,0.8167,0.7333,0.829,Mandiri
Kab. Bandung,Solokanjeruk,Padamukti,0.9371,0.7833,0.7333,0.8179,Mandiri
Kab. Bandung,Solokanjeruk,Langensari,0.9371,0.7333,0.8,0.8235,Mandiri
Kab. Bandung,Paseh,Cigentur,0.8629,0.8833,0.8,0.8487,Mandiri
Kab. Bandung,Paseh,Cipedes,0.8343,0.6667,0.7333,0.7448,Maju
Kab. Bandung,Paseh,Loa,0.9086,0.6,0.8667,0.7917,Maju
Kab. Bandung,Paseh,Cijagra,0.8571,0.7667,0.6667,0.7635,Maju
Kab. Bandung,Paseh,Cipaku,0.9257,0.8667,0.8,0.8641,Mandiri
Kab. Bandung,Paseh,Sindangsari,0.88,0.6333,0.9333,0.8156,Mandiri
Kab. Bandung,Paseh,Drawati,0.8,0.6,0.8667,0.7556,Maju
Kab. Bandung,Paseh,Sukamanah,0.8857,0.8167,0.8,0.8341,Mandiri
Kab. Bandung,Paseh,Sukamantri,0.9314,0.7333,0.8,0.8216,Mandiri
Kab. Bandung,Paseh,Karangtunggal,0.7486,0.75,0.6667,0.7217,Maju
Kab. Bandung,Paseh,Mekarpawitan,0.8857,0.7,0.6667,0.7508,Maju
Kab. Bandung,Paseh,Tangsimekar,0.9086,0.7833,0.8,0.8306,Mandiri
Kab. Bandung,Ibun,Ibun,0.9086,0.9,0.8667,0.8917,Mandiri
Kab. Bandung,Ibun,Laksana,0.8457,0.6833,0.9333,0.8208,Mandiri
Kab. Bandung,Ibun,Dukuh,0.8171,0.6667,0.8667,0.7835,Maju
Kab. Bandung,Ibun,Talun,0.8971,0.6333,0.8667,0.799,Maju
Kab. Bandung,Ibun,Pangguh,0.8914,0.6167,0.8,0.7694,Maju
Kab. Bandung,Ibun,Lampegan,0.8686,0.7833,0.6667,0.7729,Maju
Kab. Bandung,Ibun,Neglasari,0.8457,0.5833,0.6667,0.6986,Berkembang
Kab. Bandung,Ibun,Mekarwangi,0.8857,0.65,0.8667,0.8008,Maju
Kab. Bandung,Ibun,Sudi,0.8229,0.6333,0.8667,0.7743,Maju
Kab. Bandung,Ibun,Tanggulun,0.8743,0.7,0.9333,0.8359,Mandiri
Kab. Bandung,Ibun,Cibeet,0.8057,0.8,0.8,0.8019,Maju
Kab. Bandung,Ibun,Karyalaksana,0.8743,0.7667,1,0.8803,Mandiri
Kab. Bandung,Soreang,Soreang,0.9429,1,0.8,0.9143,Mandiri
Kab. Bandung,Soreang,Sadu,0.9714,0.9,0.9333,0.9349,Mandiri
Kab. Bandung,Soreang,Panyirapan,0.9657,0.7333,0.8,0.833,Mandiri
Kab. Bandung,Soreang,Sukajadi,0.8971,0.85,0.8,0.849,Mandiri
Kab. Bandung,Soreang,Pamekaran,0.96,0.9833,0.8,0.9144,Mandiri
Kab. Bandung,Soreang,Karamatmulya,0.9771,0.9,0.8667,0.9146,Mandiri
Kab. Bandung,Soreang,Sukanagara,0.92,0.6667,0.8667,0.8178,Mandiri
Kab. Bandung,Soreang,Cingcin,0.9886,0.9667,0.8667,0.9406,Mandiri
Kab. Bandung,Soreang,Parungserab,0.9257,0.9,0.8667,0.8975,Mandiri
Kab. Bandung,Soreang,Sekarwangi,0.9029,0.8167,0.8,0.8398,Mandiri
Kab. Bandung,Pasirjambu,Pasirjambu,0.9314,0.8333,0.6,0.7883,Maju
Kab. Bandung,Pasirjambu,Cibodas,0.8914,0.8333,0.9333,0.886,Mandiri
Kab. Bandung,Pasirjambu,Cikoneng,0.8571,0.6833,0.8667,0.8024,Maju
Kab. Bandung,Pasirjambu,Cukanggenteng,0.9029,0.8167,0.6,0.7732,Maju
Kab. Bandung,Pasirjambu,Cisondari,0.92,0.8333,0.8,0.8511,Mandiri
Kab. Bandung,Pasirjambu,Margamulya,0.8514,0.8833,0.8667,0.8671,Mandiri
Kab. Bandung,Pasirjambu,Mekarsari,0.8629,0.7667,0.9333,0.8543,Mandiri
Kab. Bandung,Pasirjambu,Mekarmaju,0.8971,0.6333,1,0.8435,Mandiri
Kab. Bandung,Pasirjambu,Sugihmukti,0.88,0.8333,0.8667,0.86,Mandiri
Kab. Bandung,Pasirjambu,Tenjolaya,0.8971,0.85,0.8,0.849,Mandiri
Kab. Bandung,Ciwidey,Lebakmuncang,0.9714,0.9,1,0.9571,Mandiri
Kab. Bandung,Ciwidey,Ciwidey,0.9543,0.95,0.8667,0.9237,Mandiri
Kab. Bandung,Ciwidey,Nengkelan,0.8514,0.7667,0.8667,0.8283,Mandiri
Kab. Bandung,Ciwidey,Panundaan,0.96,0.9333,1,0.9644,Mandiri
Kab. Bandung,Ciwidey,Panyocokan,0.9486,0.7667,1,0.9051,Mandiri
Kab. Bandung,Ciwidey,Rawabogo,0.8114,0.9167,0.8667,0.8649,Mandiri
Kab. Bandung,Ciwidey,Sukawening,0.88,0.6833,1,0.8544,Mandiri
Kab. Bandung,Rancabali,Patengan,0.9143,0.6667,0.9333,0.8381,Mandiri
Kab. Bandung,Rancabali,Sukaresmi,0.8686,0.7333,0.9333,0.8451,Mandiri
Kab. Bandung,Rancabali,Indragiri,0.8857,0.8333,1,0.9063,Mandiri
Kab. Bandung,Rancabali,Cipelah,0.88,0.7833,0.9333,0.8656,Mandiri
Kab. Bandung,Rancabali,Alamendah,0.9714,0.9333,1,0.9683,Mandiri
Kab. Bandung,Cangkuang,Cangkuang,0.9086,0.7667,1,0.8917,Mandiri
Kab. Bandung,Cangkuang,Ciluncat,0.9371,0.7667,0.8667,0.8568,Mandiri
Kab. Bandung,Cangkuang,Nagrak,0.92,0.7667,0.4667,0.7178,Maju
Kab. Bandung,Cangkuang,Bandasari,0.9429,0.6167,0.8,0.7865,Maju
Kab. Bandung,Cangkuang,Pananjung,0.9143,0.6167,0.6667,0.7325,Maju
Kab. Bandung,Cangkuang,Jatisari,0.8171,0.6167,0.9333,0.789,Maju
Kab. Bandung,Cangkuang,Tanjungsari,0.8229,0.7167,0.8667,0.8021,Maju
Kab. Bandung,Kutawaringin,Jelegong,0.8971,0.85,0.8,0.849,Mandiri
Kab. Bandung,Kutawaringin,Jatisari,0.8571,0.85,0.9333,0.8802,Mandiri
Kab. Bandung,Kutawaringin,Pameuntasan,0.9257,0.8833,1,0.9363,Mandiri
Kab. Bandung,Kutawaringin,Kopo,0.8457,0.8167,0.8,0.8208,Mandiri
Kab. Bandung,Kutawaringin,Cibodas,0.8,0.8333,0.9333,0.8556,Mandiri
Kab. Bandung,Kutawaringin,Kutawaringin,0.9314,0.8333,0.8,0.8549,Mandiri
Kab. Bandung,Kutawaringin,Sukamulya,0.8,0.5833,0.7333,0.7056,Berkembang
Kab. Bandung,Kutawaringin,Padasuka,0.8914,0.7167,0.8667,0.8249,Mandiri
Kab. Bandung,Kutawaringin,Buninagara,0.8457,0.65,0.8667,0.7875,Maju
Kab. Bandung,Kutawaringin,Gajah Mekar,0.9829,0.75,0.9333,0.8887,Mandiri
Kab. Bandung,Kutawaringin,Cilame,0.84,0.9333,0.8667,0.88,Mandiri
Kab. Karanganyar,Jatipuro,Ngepungsari,0.7771,0.6667,0.6,0.6813,Berkembang
Kab. Karanganyar,Jatipuro,Jatipurwo,0.7829,0.6833,0.6,0.6887,Berkembang
Kab. Karanganyar,Jatipuro,Jatipuro,0.72,0.6167,0.6667,0.6678,Berkembang
Kab. Karanganyar,Jatipuro,Jatisobo,0.7314,0.6,0.5333,0.6216,Berkembang
Kab. Karanganyar,Jatipuro,Jatiwarno,0.7371,0.5833,0.6,0.6402,Berkembang
Kab. Karanganyar,Jatipuro,Jatimulyo,0.7829,0.5333,0.6,0.6387,Berkembang
Kab. Karanganyar,Jatipuro,Jatisuko,0.8,0.5667,0.5333,0.6333,Berkembang
Kab. Karanganyar,Jatipuro,Jatiharjo,0.7771,0.6,0.6,0.659,Berkembang
Kab. Karanganyar,Jatipuro,Jatikuwung,0.84,0.5333,0.6667,0.68,Berkembang
Kab. Karanganyar,Jatipuro,Jatiroyo,0.7829,0.5667,0.6667,0.6721,Berkembang
Kab. Karanganyar,Jatiyoso,Jatisawit,0.8057,0.65,0.8667,0.7741,Maju
Kab. Karanganyar,Jatiyoso,Petung,0.84,0.6333,0.6667,0.7133,Maju
Kab. Karanganyar,Jatiyoso,Wonokeling,0.7543,0.6167,0.8,0.7237,Maju
Kab. Karanganyar,Jatiyoso,Jatiyoso,0.8343,0.7,0.8667,0.8003,Maju
Kab. Karanganyar,Jatiyoso,Tlobo,0.8343,0.8833,0.9333,0.8837,Mandiri
Kab. Karanganyar,Jatiyoso,Wonorejo,0.7886,0.5667,0.8,0.7184,Maju
Kab. Karanganyar,Jatiyoso,Beruk,0.8229,0.6167,0.8,0.7465,Maju
Kab. Karanganyar,Jatiyoso,Karangsari,0.8229,0.6333,0.6667,0.7076,Maju
Kab. Karanganyar,Jatiyoso,Wukirsawit,0.8343,0.6167,0.8,0.7503,Maju
Kab. Karanganyar,Jumapolo,Paseban,0.8343,0.6333,0.6,0.6892,Berkembang
Kab. Karanganyar,Jumapolo,Lemahbang,0.8057,0.6333,0.6,0.6797,Berkembang
Kab. Karanganyar,Jumapolo,Jatirejo,0.9429,0.55,0.6667,0.7198,Maju
Kab. Karanganyar,Jumapolo,Kwangsan,0.8229,0.7,0.6,0.7076,Maju
Kab. Karanganyar,Jumapolo,Karangbangun,0.8171,0.6,0.6667,0.6946,Berkembang
Kab. Karanganyar,Jumapolo,Ploso,0.7943,0.6,0.6667,0.687,Berkembang
Kab. Karanganyar,Jumapolo,Giriwondo,0.8,0.6833,0.6,0.6944,Berkembang
Kab. Karanganyar,Jumapolo,Kadipiro,0.8171,0.6833,0.6,0.7002,Berkembang
Kab. Karanganyar,Jumapolo,Jumantoro,0.7829,0.65,0.6,0.6776,Berkembang
Kab. Karanganyar,Jumapolo,Kedawung,0.8171,0.6667,0.6,0.6946,Berkembang
Kab. Karanganyar,Jumapolo,Jumapolo,0.8914,0.8333,0.6,0.7749,Maju
Kab. Karanganyar,Jumapolo,Bakalan,0.7886,0.65,0.6667,0.7017,Berkembang
Kab. Karanganyar,Jumantono,Sedayu,0.8857,0.6,0.7333,0.7397,Maju
Kab. Karanganyar,Jumantono,Kebak,0.8229,0.7333,0.6667,0.741,Maju
Kab. Karanganyar,Jumantono,Gemantar,0.7657,0.55,0.6667,0.6608,Berkembang
Kab. Karanganyar,Jumantono,Tunggulrejo,0.8229,0.8,0.9333,0.8521,Mandiri
Kab. Karanganyar,Jumantono,Genengan,0.7257,0.8333,0.4,0.653,Berkembang
Kab. Karanganyar,Jumantono,Ngunut,0.88,0.8,0.6,0.76,Maju
Kab. Karanganyar,Jumantono,Tugu,0.9029,0.7,0.6667,0.7565,Maju
Kab. Karanganyar,Jumantono,Sukosari,0.8114,0.6833,0.4667,0.6538,Berkembang
Kab. Karanganyar,Jumantono,Sambirejo,0.8286,0.7333,0.5333,0.6984,Berkembang
Kab. Karanganyar,Jumantono,Blorong,0.8114,0.5667,0.6,0.6594,Berkembang
Kab. Karanganyar,Jumantono,Sringin,0.7257,0.7,0.6667,0.6975,Berkembang
Kab. Karanganyar,Matesih,Ngadiluwih,0.7886,0.8,0.5333,0.7073,Maju
Kab. Karanganyar,Matesih,Dawung,0.7486,0.75,0.6,0.6995,Berkembang
Kab. Karanganyar,Matesih,Matesih,0.8743,0.9,0.7333,0.8359,Mandiri
Kab. Karanganyar,Matesih,Karangbangun,0.8457,0.6667,0.6667,0.7263,Maju
Kab. Karanganyar,Matesih,Koripan,0.7429,0.65,0.7333,0.7087,Maju
Kab. Karanganyar,Matesih,Girilayu,0.7429,0.6833,0.6,0.6754,Berkembang
Kab. Karanganyar,Matesih,Pablengan,0.8057,0.5833,0.6,0.663,Berkembang
Kab. Karanganyar,Matesih,Plosorejo,0.8629,0.5,0.6667,0.6765,Berkembang
Kab. Karanganyar,Matesih,Gantiwarno,0.8229,0.65,0.5333,0.6687,Berkembang
Kab. Karanganyar,Tawangmangu,Gondosuli,0.8286,0.6833,0.9333,0.8151,Maju
Kab. Karanganyar,Tawangmangu,Sepanjang,0.7371,0.7,0.9333,0.7902,Maju
Kab. Karanganyar,Tawangmangu,Bandardawung,0.8343,0.7,0.9333,0.8225,Mandiri
Kab. Karanganyar,Tawangmangu,Karanglo,0.84,0.6,0.7333,0.7244,Maju
Kab. Karanganyar,Tawangmangu,Nglebak,0.9314,0.8,0.8667,0.866,Mandiri
Kab. Karanganyar,Tawangmangu,Plumbon,0.8571,0.6833,0.6,0.7135,Maju
Kab. Karanganyar,Tawangmangu,Tengklik,0.8286,0.5167,0.8,0.7151,Maju
Kab. Karanganyar,Ngargoyoso,Puntukrejo,0.8571,0.6833,0.4667,0.669,Berkembang
Kab. Karanganyar,Ngargoyoso,Berjo,0.8229,0.7167,0.6,0.7132,Maju
Kab. Karanganyar,Ngargoyoso,Girimulyo,0.7257,0.7333,0.4667,0.6419,Berkembang
Kab. Karanganyar,Ngargoyoso,Segorogunung,0.8,0.6333,0.8,0.7444,Maju
Kab. Karanganyar,Ngargoyoso,Kemuning,0.84,0.8833,0.8,0.8411,Mandiri
Kab. Karanganyar,Ngargoyoso,Nglegok,0.7829,0.6333,0.6,0.6721,Berkembang
Kab. Karanganyar,Ngargoyoso,Dukuh,0.6914,0.6333,0.6,0.6416,Berkembang
Kab. Karanganyar,Ngargoyoso,Jatirejo,0.8114,0.5833,0.6,0.6649,Berkembang
Kab. Karanganyar,Ngargoyoso,Ngargoyoso,0.7543,0.6333,0.6667,0.6848,Berkembang
Kab. Karanganyar,Karangpandan,Bangsri,0.8914,0.7833,0.6,0.7583,Maju
Kab. Karanganyar,Karangpandan,Ngemplak,0.8629,0.65,0.5333,0.6821,Berkembang
Kab. Karanganyar,Karangpandan,Doplang,0.9086,0.6333,0.5333,0.6917,Berkembang
Kab. Karanganyar,Karangpandan,Gerdu,0.7257,0.5833,0.8,0.703,Berkembang
Kab. Karanganyar,Karangpandan,Karang,0.8057,0.7,0.6,0.7019,Berkembang
Kab. Karanganyar,Karangpandan,Salam,0.8457,0.6333,0.5333,0.6708,Berkembang
Kab. Karanganyar,Karangpandan,Karangpandan,0.8857,0.8667,0.8,0.8508,Mandiri
Kab. Karanganyar,Karangpandan,Tohkuning,0.8114,0.6,0.6667,0.6927,Berkembang
Kab. Karanganyar,Karangpandan,Gondangmanis,0.7771,0.6667,0.6,0.6813,Berkembang
Kab. Karanganyar,Karangpandan,Dayu,0.7486,0.7333,0.6667,0.7162,Maju
Kab. Karanganyar,Karangpandan,Harjosari,0.8514,0.7167,0.6667,0.7449,Maju
Kab. Karanganyar,Tasikmadu,Buran,0.9257,0.7,0.6667,0.7641,Maju
Kab. Karanganyar,Tasikmadu,Papahan,0.92,1,0.9333,0.9511,Mandiri
Kab. Karanganyar,Tasikmadu,Ngijo,0.8514,0.8667,1,0.906,Mandiri
Kab. Karanganyar,Tasikmadu,Gaum,0.8286,0.6333,0.6,0.6873,Berkembang
Kab. Karanganyar,Tasikmadu,Suruh,0.8571,0.6333,0.8667,0.7857,Maju
Kab. Karanganyar,Tasikmadu,Pandeyan,0.7657,0.6833,0.6667,0.7052,Berkembang
Kab. Karanganyar,Tasikmadu,Karangmojo,0.8171,0.5667,0.8667,0.7502,Maju
Kab. Karanganyar,Tasikmadu,Kaling,0.84,0.6,0.6667,0.7022,Berkembang
Kab. Karanganyar,Tasikmadu,Wonolopo,0.8286,0.6167,0.6667,0.704,Berkembang
Kab. Karanganyar,Tasikmadu,Kalijirak,0.7943,0.6,0.6667,0.687,Berkembang
Kab. Karanganyar,Jaten,Suruhkalang,0.9143,0.7667,0.6667,0.7825,Maju
Kab. Karanganyar,Jaten,Jati,0.9257,0.8333,0.8667,0.8752,Mandiri
Kab. Karanganyar,Jaten,Jaten,0.8914,0.9667,0.8667,0.9083,Mandiri
Kab. Karanganyar,Jaten,Dagen,0.9371,0.9833,0.6,0.8402,Mandiri
Kab. Karanganyar,Jaten,Ngringo,0.9829,0.9333,0.6667,0.861,Mandiri
Kab. Karanganyar,Jaten,Jetis,0.9029,0.7333,0.6667,0.7676,Maju
Kab. Karanganyar,Jaten,Sroyo,0.9143,0.8,0.8,0.8381,Mandiri
Kab. Karanganyar,Jaten,Brujul,0.92,0.5667,0.8667,0.7844,Maju
Kab. Karanganyar,Colomadu,Ngasem,0.8914,0.7167,0.5333,0.7138,Maju
Kab. Karanganyar,Colomadu,Bolon,0.9257,0.75,0.6667,0.7808,Maju
Kab. Karanganyar,Colomadu,Malangjiwan,0.9371,0.8333,0.8667,0.879,Mandiri
Kab. Karanganyar,Colomadu,Paulan,0.9371,0.8667,0.4667,0.7568,Maju
Kab. Karanganyar,Colomadu,Gajahan,0.8686,0.7833,0.6667,0.7729,Maju
Kab. Karanganyar,Colomadu,Blulukan,0.8857,0.8167,0.9333,0.8786,Mandiri
Kab. Karanganyar,Colomadu,Gawanan,0.9143,0.8333,0.8667,0.8714,Mandiri
Kab. Karanganyar,Colomadu,Gedongan,0.7257,0.7,0.8667,0.7641,Maju
Kab. Karanganyar,Colomadu,Tohudan,0.8971,0.7,0.6667,0.7546,Maju
Kab. Karanganyar,Colomadu,Baturan,0.9086,0.6833,0.6667,0.7529,Maju
Kab. Karanganyar,Colomadu,Klodran,0.9257,0.8333,0.5333,0.7641,Maju
Kab. Karanganyar,Gondangrejo,Wonorejo,0.9486,0.9,0.6,0.8162,Mandiri
Kab. Karanganyar,Gondangrejo,Plesungan,0.8457,0.8667,0.6,0.7708,Maju
Kab. Karanganyar,Gondangrejo,Jatikuwung,0.7771,0.7333,0.6667,0.7257,Maju
Kab. Karanganyar,Gondangrejo,Selokaton,0.9429,0.9167,0.6667,0.8421,Mandiri
Kab. Karanganyar,Gondangrejo,Bulurejo,0.8571,0.7167,0.6667,0.7468,Maju
Kab. Karanganyar,Gondangrejo,Rejosari,0.7943,0.8167,0.6,0.737,Maju
Kab. Karanganyar,Gondangrejo,Jeruksawit,0.8343,0.7167,0.6667,0.7392,Maju
Kab. Karanganyar,Gondangrejo,Karangturi,0.7943,0.7333,0.8667,0.7981,Maju
Kab. Karanganyar,Gondangrejo,Kragan,0.7829,0.6833,0.6667,0.711,Maju
Kab. Karanganyar,Gondangrejo,Wonosari,0.8171,0.75,0.6667,0.7446,Maju
Kab. Karanganyar,Gondangrejo,Dayu,0.7771,0.7667,0.7333,0.759,Maju
Kab. Karanganyar,Gondangrejo,Tuban,0.8686,0.9,0.4667,0.7451,Maju
Kab. Karanganyar,Gondangrejo,Krendowahono,0.8114,0.7,0.8,0.7705,Maju
Kab. Karanganyar,Kebakkramat,Banjarharjo,0.8971,0.6167,0.6,0.7046,Berkembang
Kab. Karanganyar,Kebakkramat,Alastuwo,0.9086,0.5667,0.6667,0.714,Maju
Kab. Karanganyar,Kebakkramat,Macanan,0.8629,0.6833,0.6667,0.7376,Maju
Kab. Karanganyar,Kebakkramat,Nangsri,0.8857,0.6833,0.6,0.723,Maju
Kab. Karanganyar,Kebakkramat,Kemiri,0.9371,0.9167,0.6,0.8179,Mandiri
Kab. Karanganyar,Kebakkramat,Kebak,0.8686,0.7667,0.5333,0.7229,Maju
Kab. Karanganyar,Kebakkramat,Waru,0.8971,0.6833,0.6667,0.749,Maju
Kab. Karanganyar,Kebakkramat,Pulosari,0.8457,0.7833,0.6,0.743,Maju
Kab. Karanganyar,Kebakkramat,Malanggaten,0.8457,0.65,0.6667,0.7208,Maju
Kab. Karanganyar,Kebakkramat,Kaliwuluh,0.8229,0.8,0.5333,0.7187,Maju
Kab. Karanganyar,Mojogedang,Sewurejo,0.8629,0.6667,0.8667,0.7987,Maju
Kab. Karanganyar,Mojogedang,Ngadirejo,0.8229,0.5667,0.6667,0.6854,Berkembang
Kab. Karanganyar,Mojogedang,Mojogedang,0.8686,0.9,0.8,0.8562,Mandiri
Kab. Karanganyar,Mojogedang,Pojok,0.8686,0.6167,0.6667,0.7173,Maju
Kab. Karanganyar,Mojogedang,Mojoroto,0.7886,0.5833,0.8667,0.7462,Maju
Kab. Karanganyar,Mojogedang,Kaliboto,0.8457,0.6167,0.9333,0.7986,Maju
Kab. Karanganyar,Mojogedang,Buntar,0.8114,0.5333,0.6667,0.6705,Berkembang
Kab. Karanganyar,Mojogedang,Gebyog,0.8286,0.6833,0.8667,0.7929,Maju
Kab. Karanganyar,Mojogedang,Gentungan,0.9086,0.6167,0.6667,0.7306,Maju
Kab. Karanganyar,Mojogedang,Pendem,0.9257,0.7,0.6667,0.7641,Maju
Kab. Karanganyar,Mojogedang,Pereng,0.8229,0.8,0.6667,0.7632,Maju
Kab. Karanganyar,Mojogedang,Munggur,0.88,0.95,0.9333,0.9211,Mandiri
Kab. Karanganyar,Mojogedang,Kedungjeruk,0.8743,0.8333,0.6,0.7692,Maju
Kab. Karanganyar,Kerjo,Kuto,0.9086,0.7667,0.8667,0.8473,Mandiri
Kab. Karanganyar,Kerjo,Tamansari,0.76,0.5833,0.8667,0.7367,Maju
Kab. Karanganyar,Kerjo,Ganten,0.7657,0.6333,0.7333,0.7108,Maju
Kab. Karanganyar,Kerjo,Gempolan,0.7714,0.5667,0.6,0.646,Berkembang
Kab. Karanganyar,Kerjo,Plosorejo,0.7829,0.4833,0.8,0.6887,Berkembang
Kab. Karanganyar,Kerjo,Karangrejo,0.8,0.6167,0.6667,0.6944,Berkembang
Kab. Karanganyar,Kerjo,Kwadungan,0.9429,0.8333,0.6,0.7921,Maju
Kab. Karanganyar,Kerjo,Botok,0.72,0.6167,0.6667,0.6678,Berkembang
Kab. Karanganyar,Kerjo,Sumberejo,0.9314,0.6667,0.6667,0.7549,Maju
Kab. Karanganyar,Kerjo,Tawangsari,0.8114,0.6167,0.6667,0.6983,Berkembang
Kab. Karanganyar,Jenawi,Gumeng,0.7257,0.5667,0.8,0.6975,Berkembang
Kab. Karanganyar,Jenawi,Anggrasmanis,0.7486,0.6333,0.5333,0.6384,Berkembang
Kab. Karanganyar,Jenawi,Jenawi,0.7714,0.5,0.8,0.6905,Berkembang
Kab. Karanganyar,Jenawi,Trengguli,0.8343,0.55,0.8,0.7281,Maju
Kab. Karanganyar,Jenawi,Sidomukti,0.7314,0.6,0.6,0.6438,Berkembang
Kab. Karanganyar,Jenawi,Balong,0.7886,0.8667,0.8,0.8184,Mandiri
Kab. Karanganyar,Jenawi,Seloromo,0.7886,0.7,0.8667,0.7851,Maju
Kab. Karanganyar,Jenawi,Menjing,0.8057,0.6333,0.6,0.6797,Berkembang
Kab. Karanganyar,Jenawi,Lempong,0.7657,0.7,0.6,0.6886,Berkembang
Kab. Semarang,Getasan,Tajuk,0.8629,0.7833,0.8667,0.8376,Mandiri
Kab. Semarang,Getasan,Batur,0.8057,0.5833,0.6,0.663,Berkembang
Kab. Semarang,Getasan,Kopeng,0.76,0.8,0.9333,0.8311,Mandiri
Kab. Semarang,Getasan,Tolokan,0.8343,0.9333,0.4,0.7225,Maju
Kab. Semarang,Getasan,Wates,0.9657,0.8333,0.8,0.8663,Mandiri
Kab. Semarang,Getasan,Getasan,0.9086,1,0.8,0.9029,Mandiri
Kab. Semarang,Getasan,Sumogawe,0.9714,0.8333,1,0.9349,Mandiri
Kab. Semarang,Getasan,Samirono,0.8229,0.5333,0.6,0.6521,Berkembang
Kab. Semarang,Getasan,Jetak,0.88,0.6667,0.8667,0.8044,Maju
Kab. Semarang,Getasan,Polobogo,0.8743,0.5833,0.5333,0.6637,Berkembang
Kab. Semarang,Getasan,Manggihan,0.84,0.5667,0.5333,0.6467,Berkembang
Kab. Semarang,Getasan,Ngrawan,0.8171,0.55,0.6,0.6557,Berkembang
Kab. Semarang,Getasan,Nogosaren,0.7371,0.6333,0.7333,0.7013,Berkembang
Kab. Semarang,Tengaran,Duren,0.7314,0.6667,0.7333,0.7105,Maju
Kab. Semarang,Tengaran,Sugihan,0.8229,0.6667,0.6667,0.7187,Maju
Kab. Semarang,Tengaran,Sruwen,0.8229,0.8667,0.4667,0.7187,Maju
Kab. Semarang,Tengaran,Tegalrejo,0.7486,0.6833,0.6667,0.6995,Berkembang
Kab. Semarang,Tengaran,Tengaran,0.8914,0.9667,0.5333,0.7971,Maju
Kab. Semarang,Tengaran,Klero,0.8857,0.8167,0.6,0.7675,Maju
Kab. Semarang,Tengaran,Regunung,0.7657,0.6333,0.6667,0.6886,Berkembang
Kab. Semarang,Tengaran,Cukil,0.7943,0.65,0.6,0.6814,Berkembang
Kab. Semarang,Tengaran,Karangduren,0.88,0.85,0.8,0.8433,Mandiri
Kab. Semarang,Tengaran,Butuh,0.8457,0.5833,0.6667,0.6986,Berkembang
Kab. Semarang,Tengaran,Patemon,0.8114,0.6,0.6667,0.6927,Berkembang
Kab. Semarang,Tengaran,Bener,0.8686,0.7333,0.5333,0.7117,Maju
Kab. Semarang,Tengaran,Tegalwaton,0.8343,0.75,0.9333,0.8392,Mandiri
Kab. Semarang,Tengaran,Barukan,0.8286,0.6833,0.6,0.704,Berkembang
Kab. Semarang,Tengaran,Nyamat,0.8343,0.6,0.6,0.6781,Berkembang
Kab. Semarang,Susukan,Badran,0.7714,0.5833,0.6667,0.6738,Berkembang
Kab. Semarang,Susukan,Timpik,0.7771,0.6833,0.6667,0.709,Maju
Kab. Semarang,Susukan,Tawang,0.7429,0.55,0.8,0.6976,Berkembang
Kab. Semarang,Susukan,Bakalrejo,0.7943,0.65,0.6667,0.7037,Berkembang
Kab. Semarang,Susukan,Ketapang,0.9257,0.8333,0.9333,0.8975,Mandiri
Kab. Semarang,Susukan,Susukan,0.8229,0.85,0.8667,0.8465,Mandiri
Kab. Semarang,Susukan,Sidoharjo,0.8114,0.7333,0.5333,0.6927,Berkembang
Kab. Semarang,Susukan,Gentan,0.8057,0.7,0.8667,0.7908,Maju
Kab. Semarang,Susukan,Muncar,0.8343,0.8667,0.8667,0.8559,Mandiri
Kab. Semarang,Susukan,Ngasinan,0.7886,0.6667,0.8667,0.774,Maju
Kab. Semarang,Susukan,Koripan,0.8171,0.6833,0.6667,0.7224,Maju
Kab. Semarang,Susukan,Kenteng,0.8571,0.6333,0.6667,0.719,Maju
Kab. Semarang,Susukan,Kemetul,0.8343,0.6333,1,0.8225,Mandiri
Kab. Semarang,Suruh,Kebowan,0.7771,0.6167,1,0.7979,Maju
Kab. Semarang,Suruh,Beji Lor,0.8,0.65,0.6667,0.7056,Berkembang
Kab. Semarang,Suruh,Jatirejo,0.9086,0.9,0.6667,0.8251,Mandiri
Kab. Semarang,Suruh,Dersansari,0.84,0.65,0.6,0.6967,Berkembang
Kab. Semarang,Suruh,Purworejo,0.7943,0.5833,0.6667,0.6814,Berkembang
Kab. Semarang,Suruh,Ketanggi,0.7943,0.6333,0.6667,0.6981,Berkembang
Kab. Semarang,Suruh,Medayu,0.84,0.7333,0.6667,0.7467,Maju
Kab. Semarang,Suruh,Bonomerto,0.76,0.6,0.6,0.6533,Berkembang
Kab. Semarang,Suruh,Sukorejo,0.8743,0.55,0.6,0.6748,Berkembang
Kab. Semarang,Suruh,Kedungringin,0.7486,0.6,0.6667,0.6717,Berkembang
Kab. Semarang,Suruh,Gunung Tumpeng,0.8571,0.6,0.5333,0.6635,Berkembang
Kab. Semarang,Suruh,Reksosari,0.9371,0.8167,0.8667,0.8735,Mandiri
Kab. Semarang,Suruh,Suruh,0.8914,0.9167,0.6667,0.8249,Mandiri
Kab. Semarang,Suruh,Plumbon,0.8286,0.7,0.6667,0.7317,Maju
Kab. Semarang,Suruh,Krandon Lor,0.8629,0.65,0.9333,0.8154,Maju
Kab. Semarang,Suruh,Cukilan,0.84,0.5833,0.6,0.6744,Berkembang
Kab. Semarang,Suruh,Dadap Ayam,0.8286,0.65,0.5333,0.6706,Berkembang
Kab. Semarang,Pabelan,Sumberejo,0.88,0.7333,0.6667,0.76,Maju
Kab. Semarang,Pabelan,Ujung-Ujung,0.7429,0.65,0.6667,0.6865,Berkembang
Kab. Semarang,Pabelan,Sukoharjo,0.7714,0.5833,0.6667,0.6738,Berkembang
Kab. Semarang,Pabelan,Karang Gondang,0.7429,0.7167,0.5333,0.6643,Berkembang
Kab. Semarang,Pabelan,Segiri,0.8114,0.6833,0.6667,0.7205,Maju
Kab. Semarang,Pabelan,Terban,0.84,0.6,0.6667,0.7022,Berkembang
Kab. Semarang,Pabelan,Tukang,0.7714,0.5667,0.6667,0.6683,Berkembang
Kab. Semarang,Pabelan,Semowo,0.8971,0.6667,0.6,0.7213,Maju
Kab. Semarang,Pabelan,Bendungan,0.76,0.45,0.6667,0.6256,Berkembang
Kab. Semarang,Pabelan,Jembrak,0.8343,0.7167,0.6667,0.7392,Maju
Kab. Semarang,Pabelan,Glawan,0.9029,0.6333,0.8667,0.801,Maju
Kab. Semarang,Pabelan,Pabelan,0.7943,0.9,0.8667,0.8537,Mandiri
Kab. Semarang,Pabelan,Kauman Lor,0.8686,0.7,0.8667,0.8117,Maju
Kab. Semarang,Pabelan,Bejaten,0.7543,0.45,0.6667,0.6237,Berkembang
Kab. Semarang,Pabelan,Kadirejo,0.8971,0.6833,0.6667,0.749,Maju
Kab. Semarang,Pabelan,Giling,0.7371,0.5167,0.8667,0.7068,Berkembang
Kab. Semarang,Pabelan,Padaan,0.76,0.5833,0.6667,0.67,Berkembang
Kab. Semarang,Tuntang,Gedangan,0.88,0.9333,0.7333,0.8489,Mandiri
Kab. Semarang,Tuntang,Kalibeji,0.8971,0.75,0.6667,0.7713,Maju
Kab. Semarang,Tuntang,Rowosari,0.8171,0.6333,0.5333,0.6613,Berkembang
Kab. Semarang,Tuntang,Sraten,0.9429,0.8667,0.6667,0.8254,Mandiri
Kab. Semarang,Tuntang,Jombor,0.88,0.7333,0.6667,0.76,Maju
Kab. Semarang,Tuntang,Candirejo,0.8743,0.8,0.6,0.7581,Maju
Kab. Semarang,Tuntang,Kesongo,0.8457,0.8667,0.6667,0.793,Maju
Kab. Semarang,Tuntang,Watuagung,0.9143,0.5833,0.7333,0.7437,Maju
Kab. Semarang,Tuntang,Lopait,0.8629,0.7167,0.6,0.7265,Maju
Kab. Semarang,Tuntang,Tuntang,0.9429,0.9333,0.8667,0.9143,Mandiri
Kab. Semarang,Tuntang,Delik,0.88,0.6833,0.6,0.7211,Maju
Kab. Semarang,Tuntang,Tlogo,0.8114,0.6,0.6,0.6705,Berkembang
Kab. Semarang,Tuntang,Karangtengah,0.9029,0.7167,0.6667,0.7621,Maju
Kab. Semarang,Tuntang,Karanganyar,0.8571,0.6333,0.6667,0.719,Maju
Kab. Semarang,Tuntang,Tlompakan,0.8286,0.5667,0.6667,0.6873,Berkembang
Kab. Semarang,Tuntang,Ngajaran,0.8743,0.5333,0.6667,0.6914,Berkembang
Kab. Semarang,Banyubiru,Gedong,0.76,0.5833,0.8667,0.7367,Maju
Kab. Semarang,Banyubiru,Kebumen,0.88,0.7833,0.7333,0.7989,Maju
Kab. Semarang,Banyubiru,Sepakung,0.7371,0.5667,0.7333,0.679,Berkembang
Kab. Semarang,Banyubiru,Wirogomo,0.7257,0.4667,0.8667,0.6863,Berkembang
Kab. Semarang,Banyubiru,Kemambang,0.7829,0.6833,0.9333,0.7998,Maju
Kab. Semarang,Banyubiru,Tegaron,0.7886,0.7667,0.8667,0.8073,Maju
Kab. Semarang,Banyubiru,Rowoboni,0.8743,0.6,0.8,0.7581,Maju
Kab. Semarang,Banyubiru,Kebondowo,0.8743,0.8167,0.8,0.8303,Mandiri
Kab. Semarang,Banyubiru,Banyubiru,0.8229,0.9,0.8667,0.8632,Mandiri
Kab. Semarang,Banyubiru,Ngrapah,0.8171,0.7,0.8,0.7724,Maju
Kab. Semarang,Jambu,Gemawang,0.9257,0.6833,0.9333,0.8475,Mandiri
Kab. Semarang,Jambu,Bedono,0.9314,0.9333,0.8667,0.9105,Mandiri
Kab. Semarang,Jambu,Kelurahan,0.8057,0.65,0.9333,0.7963,Maju
Kab. Semarang,Jambu,Brongkol,0.8,0.7,0.6,0.7,Berkembang
Kab. Semarang,Jambu,Jambu,0.8571,0.9,0.8,0.8524,Mandiri
Kab. Semarang,Jambu,Kuwarasan,0.84,0.6167,0.8,0.7522,Maju
Kab. Semarang,Jambu,Kebondalem,0.7486,0.6333,0.6,0.6606,Berkembang
Kab. Semarang,Jambu,Rejosari,0.7829,0.7167,0.9333,0.811,Maju
Kab. Semarang,Jambu,Genting,0.8286,0.65,0.8,0.7595,Maju
Kab. Semarang,Sumowono,Kebonagung,0.8057,0.6,0.6667,0.6908,Berkembang
Kab. Semarang,Sumowono,Candigaron,0.7943,0.6167,0.6,0.6703,Berkembang
Kab. Semarang,Sumowono,Ngadikerso,0.8514,0.6333,0.6667,0.7171,Maju
Kab. Semarang,Sumowono,Lanjan,0.8571,0.6667,0.4667,0.6635,Berkembang
Kab. Semarang,Sumowono,Jubelan,0.8229,0.7167,0.6,0.7132,Maju
Kab. Semarang,Sumowono,Sumowono,0.96,0.9167,0.6667,0.8478,Mandiri
Kab. Semarang,Sumowono,Trayu,0.7829,0.6,0.7333,0.7054,Berkembang
Kab. Semarang,Sumowono,Kemitir,0.8171,0.6,0.6,0.6724,Berkembang
Kab. Semarang,Sumowono,Duren,0.6914,0.5,0.8667,0.686,Berkembang
Kab. Semarang,Sumowono,Pledokan,0.7771,0.45,0.8,0.6757,Berkembang
Kab. Semarang,Sumowono,Mendongan,0.8057,0.7,0.9333,0.813,Maju
Kab. Semarang,Sumowono,Bumen,0.8057,0.65,0.6,0.6852,Berkembang
Kab. Semarang,Sumowono,Losari,0.84,0.7,0.6667,0.7356,Maju
Kab. Semarang,Sumowono,Kemawi,0.8057,0.5333,0.6667,0.6686,Berkembang
Kab. Semarang,Sumowono,Piyanggang,0.7486,0.5333,0.7333,0.6717,Berkembang
Kab. Semarang,Sumowono,Keseneng,0.84,0.65,0.6,0.6967,Berkembang
Kab. Semarang,Ambarawa,Bejalen,0.8057,0.55,0.7333,0.6963,Berkembang
Kab. Semarang,Ambarawa,Pasekan,0.7657,0.6333,0.7333,0.7108,Maju
Kab. Semarang,Bawen,Doplang,0.8171,0.7167,0.6667,0.7335,Maju
Kab. Semarang,Bawen,Asinan,0.7429,0.5333,0.8667,0.7143,Maju
Kab. Semarang,Bawen,Polosiri,0.8971,0.5833,0.6,0.6935,Berkembang
Kab. Semarang,Bawen,Kandangan,0.9029,0.65,0.5333,0.6954,Berkembang
Kab. Semarang,Bawen,Lemahireng,0.9314,0.75,0.6,0.7605,Maju
Kab. Semarang,Bawen,Samban,0.9029,0.7667,0.5333,0.7343,Maju
Kab. Semarang,Bawen,Poncoruso,0.8171,0.6667,0.6667,0.7168,Maju
Kab. Semarang,Bringin,Bringin,0.9314,0.95,0.8667,0.916,Mandiri
Kab. Semarang,Bringin,Popongan,0.8914,0.5833,0.8667,0.7805,Maju
Kab. Semarang,Bringin,Pakis,0.84,0.65,0.6667,0.7189,Maju
Kab. Semarang,Bringin,Rembes,0.9429,0.7,0.8,0.8143,Maju
Kab. Semarang,Bringin,Tanjung,0.84,0.65,0.6,0.6967,Berkembang
Kab. Semarang,Bringin,Sambirejo,0.7886,0.6167,0.6,0.6684,Berkembang
Kab. Semarang,Bringin,Kalijambe,0.84,0.6333,0.6,0.6911,Berkembang
Kab. Semarang,Bringin,Kalikurmo,0.8171,0.6,0.6667,0.6946,Berkembang
Kab. Semarang,Bringin,Gogodalem,0.84,0.7333,0.8667,0.8133,Maju
Kab. Semarang,Bringin,Lebak,0.84,0.5833,0.6667,0.6967,Berkembang
Kab. Semarang,Bringin,Wiru,0.7029,0.65,0.6667,0.6732,Berkembang
Kab. Semarang,Bringin,Nyemoh,0.7714,0.65,0.6667,0.696,Berkembang
Kab. Semarang,Bringin,Tempuran,0.7943,0.6333,0.6667,0.6981,Berkembang
Kab. Semarang,Bringin,Sendang,0.8629,0.6,0.9333,0.7987,Maju
Kab. Semarang,Bringin,Truko,0.8171,0.6833,0.6,0.7002,Berkembang
Kab. Semarang,Bringin,Banding,0.8057,0.6833,0.6667,0.7186,Maju
Kab. Semarang,Bergas,Wringinputih,0.8571,0.6333,0.6,0.6968,Berkembang
Kab. Semarang,Bergas,Gondoriyo,0.7486,0.5333,0.6667,0.6495,Berkembang
Kab. Semarang,Bergas,Gebugan,0.8286,0.6333,0.4667,0.6429,Berkembang
Kab. Semarang,Bergas,Pagersari,0.7657,0.6833,0.6667,0.7052,Berkembang
Kab. Semarang,Bergas,Munding,0.7829,0.6833,0.6,0.6887,Berkembang
Kab. Semarang,Bergas,Bergas Kidul,0.8686,0.8333,0.8,0.834,Mandiri
Kab. Semarang,Bergas,Randugunting,0.9086,0.8833,0.4667,0.7529,Maju
Kab. Semarang,Bergas,Jatijajar,0.88,0.7,0.8,0.7933,Maju
Kab. Semarang,Bergas,Diwak,0.7943,0.5667,0.6,0.6537,Berkembang
Kab. Semarang,Pringapus,Klepu,0.9086,0.75,0.8,0.8195,Mandiri
Kab. Semarang,Pringapus,Derekan,0.8286,0.5667,0.6667,0.6873,Berkembang
Kab. Semarang,Pringapus,Jatirunggo,0.8229,0.6667,0.6667,0.7187,Maju
Kab. Semarang,Pringapus,Pringsari,0.9143,0.6667,0.6667,0.7492,Maju
Kab. Semarang,Pringapus,Wonorejo,0.8229,0.65,0.5333,0.6687,Berkembang
Kab. Semarang,Pringapus,Wonoyoso,0.8571,0.6,0.6,0.6857,Berkembang
Kab. Semarang,Pringapus,Candirejo,0.8971,0.6,0.8,0.7657,Maju
Kab. Semarang,Pringapus,Penawangan,0.7543,0.4333,0.7333,0.6403,Berkembang
Kab. Semarang,Bancak,Bancak,0.84,0.8,0.8667,0.8356,Mandiri
Kab. Semarang,Bancak,Wonokerto,0.8343,0.6333,0.8,0.7559,Maju
Kab. Semarang,Bancak,Jlumpang,0.7943,0.8,0.8,0.7981,Maju
Kab. Semarang,Bancak,Bantal,0.72,0.5,0.6,0.6067,Berkembang
Kab. Semarang,Bancak,Rejosari,0.9371,0.6,0.8667,0.8013,Maju
Kab. Semarang,Bancak,Plumutan,0.8057,0.75,0.8,0.7852,Maju
Kab. Semarang,Bancak,Lembu,0.8286,0.7667,0.7333,0.7762,Maju
Kab. Semarang,Bancak,Pucung,0.8457,0.8,0.6667,0.7708,Maju
Kab. Semarang,Bancak,Boto,0.7943,0.8833,0.6667,0.7814,Maju
Kab. Semarang,Kaliwungu,Kaliwungu,0.8229,0.8667,0.6,0.7632,Maju
Kab. Semarang,Kaliwungu,Jetis,0.7486,0.6333,0.6667,0.6829,Berkembang
Kab. Semarang,Kaliwungu,Kener,0.7143,0.7,0.6667,0.6937,Berkembang
Kab. Semarang,Kaliwungu,Kradenan,0.7886,0.7333,0.6667,0.7295,Maju
Kab. Semarang,Kaliwungu,Mukiran,0.8343,0.5667,0.6667,0.6892,Berkembang
Kab. Semarang,Kaliwungu,Pager,0.8229,0.75,0.6667,0.7465,Maju
Kab. Semarang,Kaliwungu,Papringan,0.8343,0.75,0.5333,0.7059,Berkembang
Kab. Semarang,Kaliwungu,Payungan,0.8629,0.6333,0.6667,0.721,Maju
Kab. Semarang,Kaliwungu,Rogomulyo,0.7543,0.5833,0.6667,0.6681,Berkembang
Kab. Semarang,Kaliwungu,Siwal,0.84,0.6333,0.6667,0.7133,Maju
Kab. Semarang,Kaliwungu,Udanwuh,0.7257,0.6333,0.6,0.653,Berkembang
Kab. Semarang,Ungaran Barat,Branjang,0.8514,0.65,0.6,0.7005,Berkembang
Kab. Semarang,Ungaran Barat,Kalisidi,0.9029,0.7167,0.8,0.8065,Maju
Kab. Semarang,Ungaran Barat,Keji,0.8686,0.7167,0.8667,0.8173,Mandiri
Kab. Semarang,Ungaran Barat,Lerep,0.8743,0.7,0.9333,0.8359,Mandiri
Kab. Semarang,Ungaran Barat,Nyatnyono,0.7714,0.8,0.8667,0.8127,Maju
Kab. Semarang,Ungaran Barat,Gogik,0.9371,0.7833,0.8,0.8402,Mandiri
Kab. Semarang,Ungaran Timur,Mluweh,0.8457,0.6167,0.6667,0.7097,Maju
Kab. Semarang,Ungaran Timur,Kawengen,0.8114,0.5333,0.6667,0.6705,Berkembang
Kab. Semarang,Ungaran Timur,Kalikayen,0.7543,0.6333,0.6667,0.6848,Berkembang
Kab. Semarang,Ungaran Timur,Leyangan,0.8171,0.6,0.6667,0.6946,Berkembang
Kab. Semarang,Ungaran Timur,Kalongan,0.9029,0.7,0.5333,0.7121,Maju
Kab. Semarang,Bandungan,Mlilir,0.7829,0.55,0.6,0.6443,Berkembang
Kab. Semarang,Bandungan,Duren,0.8171,0.7333,0.5333,0.6946,Berkembang
Kab. Semarang,Bandungan,Jetis,0.8,0.9333,0.6667,0.8,Maju
Kab. Semarang,Bandungan,Kenteng,0.9257,0.6833,0.6667,0.7586,Maju
Kab. Semarang,Bandungan,Candi,0.8571,0.7167,0.6667,0.7468,Maju
Kab. Semarang,Bandungan,Jimbaran,0.8286,0.9167,0.6667,0.804,Maju
Kab. Semarang,Bandungan,Pakopen,0.8057,0.6,0.6667,0.6908,Berkembang
Kab. Semarang,Bandungan,Sidomukti,0.8286,0.6,0.8667,0.7651,Maju
Kab. Semarang,Bandungan,Banyukuning,0.7543,0.6333,0.6667,0.6848,Berkembang
Kab. Malang,Donomulyo,Tulungrejo,0.9029,0.8333,1,0.9121,Mandiri
Kab. Malang,Donomulyo,Banjarejo,0.8,0.9167,0.9333,0.8833,Mandiri
Kab. Malang,Donomulyo,Kedungsalam,0.8857,0.7333,0.8667,0.8286,Mandiri
Kab. Malang,Donomulyo,Tlogosari,0.7943,0.7333,0.9333,0.8203,Mandiri
Kab. Malang,Donomulyo,Tempursari,0.9371,0.8333,0.9333,0.9013,Mandiri
Kab. Malang,Donomulyo,Donomulyo,0.9657,0.9,0.6667,0.8441,Mandiri
Kab. Malang,Donomulyo,Purworejo,0.8571,0.7667,1,0.8746,Mandiri
Kab. Malang,Donomulyo,Sumberoto,0.8171,0.9333,0.9333,0.8946,Mandiri
Kab. Malang,Donomulyo,Mentaraman,0.8343,0.8667,0.9333,0.8781,Mandiri
Kab. Malang,Donomulyo,Purwodadi,0.8914,0.8667,1,0.9194,Mandiri
Kab. Malang,Pagak,Sumbermanjingkulon,0.9371,0.95,0.8667,0.9179,Mandiri
Kab. Malang,Pagak,Pandanrejo,0.8514,0.9833,0.6667,0.8338,Mandiri
Kab. Malang,Pagak,Sumberkerto,0.8114,0.9167,0.9333,0.8871,Mandiri
Kab. Malang,Pagak,Sempol,0.8457,0.8,1,0.8819,Mandiri
Kab. Malang,Pagak,Pagak,0.8571,0.8667,0.8667,0.8635,Mandiri
Kab. Malang,Pagak,Tlogorejo,0.9314,0.8833,0.9333,0.916,Mandiri
Kab. Malang,Pagak,Gampingan,0.8514,0.7333,0.8667,0.8171,Mandiri
Kab. Malang,Pagak,Sumberejo,0.8914,0.8833,0.7333,0.836,Mandiri
Kab. Malang,Bantur,Wonokerto,0.9371,0.9667,0.8,0.9013,Mandiri
Kab. Malang,Bantur,Rejosari,0.88,0.8833,0.9333,0.8989,Mandiri
Kab. Malang,Bantur,Bantur,0.9371,0.9333,0.8667,0.9124,Mandiri
Kab. Malang,Bantur,Wonorejo,0.8229,0.7833,1,0.8687,Mandiri
Kab. Malang,Bantur,Srigonco,0.84,0.9167,1,0.9189,Mandiri
Kab. Malang,Bantur,Sumberbening,0.8914,0.8833,0.8667,0.8805,Mandiri
Kab. Malang,Bantur,Bandungrejo,0.7829,0.8,0.8667,0.8165,Mandiri
Kab. Malang,Bantur,Pringgodani,0.8229,0.8667,0.8667,0.8521,Mandiri
Kab. Malang,Bantur,Rejoyoso,0.9429,0.8667,0.7333,0.8476,Mandiri
Kab. Malang,Bantur,Karangsari,0.8629,0.8,0.8,0.821,Mandiri
Kab. Malang,Sumbermanjing Wetan,Tambakasri,0.9086,0.9667,1,0.9584,Mandiri
Kab. Malang,Sumbermanjing Wetan,Tegalrejo,0.8571,0.6833,0.9333,0.8246,Mandiri
Kab. Malang,Sumbermanjing Wetan,Sekarbanyu,0.8457,0.7667,1,0.8708,Mandiri
Kab. Malang,Sumbermanjing Wetan,Klepu,0.8286,0.85,0.8,0.8262,Mandiri
Kab. Malang,Sumbermanjing Wetan,Ringinkembar,0.7886,0.6667,1,0.8184,Mandiri
Kab. Malang,Sumbermanjing Wetan,Kedungbanteng,0.9086,0.8333,0.8,0.8473,Mandiri
Kab. Malang,Sumbermanjing Wetan,Sitiarjo,0.8343,0.8333,0.8667,0.8448,Mandiri
Kab. Malang,Sumbermanjing Wetan,Sumberagung,0.8057,0.7333,0.9333,0.8241,Mandiri
Kab. Malang,Sumbermanjing Wetan,Argotirto,0.8686,0.75,0.9333,0.8506,Mandiri
Kab. Malang,Sumbermanjing Wetan,Harjokuncaran,0.9143,0.8667,0.6667,0.8159,Mandiri
Kab. Malang,Sumbermanjing Wetan,Sumbermanjing Wetan,0.8514,0.95,0.6667,0.8227,Mandiri
Kab. Malang,Sumbermanjing Wetan,Ringinsari,0.9314,0.8333,0.9333,0.8994,Mandiri
Kab. Malang,Sumbermanjing Wetan,Druju,0.8686,0.7333,0.8667,0.8229,Mandiri
Kab. Malang,Sumbermanjing Wetan,Tambakrejo,0.88,0.95,0.9333,0.9211,Mandiri
Kab. Malang,Sumbermanjing Wetan,Sidoasri,0.9029,0.9667,0.7333,0.8676,Mandiri
Kab. Malang,Dampit,Sukodono,0.96,0.8,0.8,0.8533,Mandiri
Kab. Malang,Dampit,Sumbersuko,0.8743,0.8833,0.8667,0.8748,Mandiri
Kab. Malang,Dampit,Srimulyo,0.8686,0.65,0.9333,0.8173,Mandiri
Kab. Malang,Dampit,Baturetno,0.8857,0.8,0.8667,0.8508,Mandiri
Kab. Malang,Dampit,Bumirejo,0.88,0.8333,0.8667,0.86,Mandiri
Kab. Malang,Dampit,Amandanom,0.8971,0.85,0.8,0.849,Mandiri
Kab. Malang,Dampit,Pamotan,0.92,0.7833,0.8667,0.8567,Mandiri
Kab. Malang,Dampit,Majangtengah,0.9143,0.7,0.9333,0.8492,Mandiri
Kab. Malang,Dampit,Rembun,0.8571,0.9167,0.9333,0.9024,Mandiri
Kab. Malang,Dampit,Pojok,0.9029,0.6833,0.8667,0.8176,Mandiri
Kab. Malang,Dampit,Jambangan,0.8114,0.65,1,0.8205,Mandiri
Kab. Malang,Ampelgading,Lebakharjo,0.9429,0.7167,0.8667,0.8421,Mandiri
Kab. Malang,Ampelgading,Wirotaman,0.8971,0.8,0.9333,0.8768,Mandiri
Kab. Malang,Ampelgading,Tamanasri,0.84,0.8167,0.8667,0.8411,Mandiri
Kab. Malang,Ampelgading,Tirtomarto,0.9486,0.8833,0.9333,0.9217,Mandiri
Kab. Malang,Ampelgading,Purwoharjo,0.88,0.9667,0.7333,0.86,Mandiri
Kab. Malang,Ampelgading,Sidorenggo,0.8629,0.8333,1,0.8987,Mandiri
Kab. Malang,Ampelgading,Tirtomoyo,0.8857,0.8667,0.9333,0.8952,Mandiri
Kab. Malang,Ampelgading,Argoyuwono,0.7943,0.75,0.9333,0.8259,Mandiri
Kab. Malang,Ampelgading,Mulyoasri,0.9086,0.8167,0.8667,0.864,Mandiri
Kab. Malang,Ampelgading,Tawangagung,0.8514,0.9167,1,0.9227,Mandiri
Kab. Malang,Ampelgading,Simojayan,0.8971,0.6833,0.9333,0.8379,Mandiri
Kab. Malang,Ampelgading,Tamansari,0.9143,0.8333,1,0.9159,Mandiri
Kab. Malang,Ampelgading,Sonowangi,0.9257,0.8167,0.7333,0.8252,Mandiri
Kab. Malang,Poncokusumo,Dawuhan,0.9086,0.65,0.9333,0.8306,Mandiri
Kab. Malang,Poncokusumo,Sumberejo,0.7771,0.7333,1,0.8368,Mandiri
Kab. Malang,Poncokusumo,Pandansari,0.88,0.65,0.9333,0.8211,Mandiri
Kab. Malang,Poncokusumo,Ngadireso,0.8686,0.65,0.9333,0.8173,Mandiri
Kab. Malang,Poncokusumo,Wonorejo,0.8743,0.8333,0.9333,0.8803,Mandiri
Kab. Malang,Poncokusumo,Karangnongko,0.8171,0.7167,0.9333,0.8224,Mandiri
Kab. Malang,Poncokusumo,Karanganyar,0.92,0.7833,0.9333,0.8789,Mandiri
Kab. Malang,Poncokusumo,Jambesari,0.84,0.8,0.8667,0.8356,Mandiri
Kab. Malang,Poncokusumo,Ngebruk,0.8343,0.6833,0.9333,0.817,Mandiri
Kab. Malang,Poncokusumo,Pajaran,0.8286,0.7833,0.9333,0.8484,Mandiri
Kab. Malang,Poncokusumo,Argosuko,0.8457,0.6667,1,0.8375,Mandiri
Kab. Malang,Poncokusumo,Wonomulyo,0.9314,1,0.8667,0.9327,Mandiri
Kab. Malang,Poncokusumo,Belung,0.8571,0.85,0.9333,0.8802,Mandiri
Kab. Malang,Poncokusumo,Wringinanom,0.8457,0.7333,0.9333,0.8375,Mandiri
Kab. Malang,Poncokusumo,Poncokusumo,0.8686,0.6667,1,0.8451,Mandiri
Kab. Malang,Poncokusumo,Gubugklakah,0.8857,0.75,0.9333,0.8563,Mandiri
Kab. Malang,Poncokusumo,Ngadas,0.7657,0.7,1,0.8219,Mandiri
Kab. Malang,Wajak,Sumberputih,0.8914,0.8,0.9333,0.8749,Mandiri
Kab. Malang,Wajak,Wonoayu,0.76,0.85,0.8667,0.8256,Mandiri
Kab. Malang,Wajak,Bambang,0.7657,0.8333,0.8667,0.8219,Mandiri
Kab. Malang,Wajak,Bringin,0.8857,0.8833,1,0.923,Mandiri
Kab. Malang,Wajak,Dadapan,0.9543,0.8667,1,0.9403,Mandiri
Kab. Malang,Wajak,Patokpicis,0.8571,0.9,0.8667,0.8746,Mandiri
Kab. Malang,Wajak,Blayu,0.8743,0.7833,0.9333,0.8637,Mandiri
Kab. Malang,Wajak,Codo,0.8514,0.9333,0.9333,0.906,Mandiri
Kab. Malang,Wajak,Sukolilo,0.9314,0.8333,1,0.9216,Mandiri
Kab. Malang,Wajak,Kidangbang,0.8743,0.7,1,0.8581,Mandiri
Kab. Malang,Wajak,Sukoanyar,0.8514,0.9,1,0.9171,Mandiri
Kab. Malang,Wajak,Wajak,0.96,0.9333,0.9333,0.9422,Mandiri
Kab. Malang,Wajak,Ngembal,0.7657,0.7333,1,0.833,Mandiri
Kab. Malang,Turen,Tawangrejeni,0.8171,0.7,0.9333,0.8168,Mandiri
Kab. Malang,Turen,Kemulan,0.8914,0.75,0.8667,0.836,Mandiri
Kab. Malang,Turen,Sawahan,0.84,0.6833,0.9333,0.8189,Mandiri
Kab. Malang,Turen,Undaan,0.8457,0.6833,1,0.843,Mandiri
Kab. Malang,Turen,Gedogkulon,0.84,0.65,1,0.83,Mandiri
Kab. Malang,Turen,Gedogwetan,0.8686,0.85,0.8667,0.8617,Mandiri
Kab. Malang,Turen,Talok,0.8914,0.7667,0.9333,0.8638,Mandiri
Kab. Malang,Turen,Tanggung,0.8857,0.75,0.8667,0.8341,Mandiri
Kab. Malang,Turen,Jeru,0.8571,0.7167,0.9333,0.8357,Mandiri
Kab. Malang,Turen,Pagedangan,0.8286,0.7667,1,0.8651,Mandiri
Kab. Malang,Turen,Sanankerto,0.8629,0.75,0.9333,0.8487,Mandiri
Kab. Malang,Turen,Sananrejo,0.9143,0.8,0.8667,0.8603,Mandiri
Kab. Malang,Turen,Kedok,0.8629,0.75,0.8667,0.8265,Mandiri
Kab. Malang,Turen,Talangsuko,0.9314,0.6833,0.8667,0.8271,Mandiri
Kab. Malang,Turen,Tumpukrenteng,0.8514,0.6833,0.9333,0.8227,Mandiri
Kab. Malang,Gondanglegi,Putat Kidul,0.9771,0.8,0.8667,0.8813,Mandiri
Kab. Malang,Gondanglegi,Gondanglegi Kulon,0.9086,0.9,0.6667,0.8251,Mandiri
Kab. Malang,Gondanglegi,Sukosari,0.8914,0.75,0.8667,0.836,Mandiri
Kab. Malang,Gondanglegi,Gondanglegi Wetan,0.8914,0.8333,0.8667,0.8638,Mandiri
Kab. Malang,Gondanglegi,Sukorejo,0.9257,0.7333,0.9333,0.8641,Mandiri
Kab. Malang,Gondanglegi,Bulupitu,0.8686,0.7,0.9333,0.834,Mandiri
Kab. Malang,Gondanglegi,Panggungrejo,0.8629,0.6833,0.9333,0.8265,Mandiri
Kab. Malang,Gondanglegi,Ganjaran,0.8,0.7,1,0.8333,Mandiri
Kab. Malang,Gondanglegi,Putat Lor,0.8857,0.9,0.6667,0.8175,Mandiri
Kab. Malang,Gondanglegi,Urek - Urek,0.8629,0.9,0.8667,0.8765,Mandiri
Kab. Malang,Gondanglegi,Ketawang,0.9486,0.7667,0.8667,0.8606,Mandiri
Kab. Malang,Gondanglegi,Putukrejo,0.8114,0.8167,0.9333,0.8538,Mandiri
Kab. Malang,Gondanglegi,Sumberjaya,0.8571,0.9667,0.9333,0.919,Mandiri
Kab. Malang,Gondanglegi,Sepanjang,0.9771,0.85,0.6667,0.8313,Mandiri
Kab. Malang,Kalipare,Putukrejo,0.8286,0.8,0.8667,0.8317,Mandiri
Kab. Malang,Kalipare,Kalipare,0.8686,0.8667,0.8,0.8451,Mandiri
Kab. Malang,Kalipare,Sumberpetung,0.7943,0.8167,0.8667,0.8259,Mandiri
Kab. Malang,Kalipare,Sukowilangun,0.9086,0.7833,1,0.8973,Mandiri
Kab. Malang,Kalipare,Tumpakrejo,0.7829,0.7333,0.9333,0.8165,Mandiri
Kab. Malang,Kalipare,Arjosari,0.8114,0.7167,0.9333,0.8205,Mandiri
Kab. Malang,Kalipare,Kalirejo,0.8171,0.6833,1,0.8335,Mandiri
Kab. Malang,Kalipare,Arjowilangun,0.8114,0.8667,0.8667,0.8483,Mandiri
Kab. Malang,Kalipare,Kaliasri,0.7543,0.7667,0.9333,0.8181,Mandiri
Kab. Malang,Sumberpucung,Ternyang,0.9314,0.8167,0.8667,0.8716,Mandiri
Kab. Malang,Sumberpucung,Senggreng,0.9429,0.8167,1,0.9198,Mandiri
Kab. Malang,Sumberpucung,Sambigede,0.8971,0.8333,0.8667,0.8657,Mandiri
Kab. Malang,Sumberpucung,Ngebrug,0.9143,0.9,0.9333,0.9159,Mandiri
Kab. Malang,Sumberpucung,Jatiguwi,0.9771,0.9333,0.9333,0.9479,Mandiri
Kab. Malang,Sumberpucung,Sumberpucung,0.8743,0.9333,0.9333,0.9137,Mandiri
Kab. Malang,Sumberpucung,Karangkates,0.9486,0.9333,0.9333,0.9384,Mandiri
Kab. Malang,Kepanjen,Kemiri,0.8914,0.8167,0.9333,0.8805,Mandiri
Kab. Malang,Kepanjen,Sengguruh,0.9029,0.75,1,0.8843,Mandiri
Kab. Malang,Kepanjen,Mangunrejo,0.9086,0.6833,0.9333,0.8417,Mandiri
Kab. Malang,Kepanjen,Jenggolo,0.8686,0.7833,1,0.884,Mandiri
Kab. Malang,Kepanjen,Kedungpedaringan,0.9086,0.7667,0.9333,0.8695,Mandiri
Kab. Malang,Kepanjen,Tegalsari,0.8571,0.8,0.9333,0.8635,Mandiri
Kab. Malang,Kepanjen,Panggungrejo,0.9714,0.85,1,0.9405,Mandiri
Kab. Malang,Kepanjen,Talangagung,0.8971,0.9667,0.8667,0.9102,Mandiri
Kab. Malang,Kepanjen,Dilem,0.8343,0.9,0.8667,0.867,Mandiri
Kab. Malang,Kepanjen,Sukoraharjo,0.8571,0.7167,1,0.8579,Mandiri
Kab. Malang,Kepanjen,Curungrejo,0.9257,0.8,0.9333,0.8863,Mandiri
Kab. Malang,Kepanjen,Jatirejoyoso,0.9314,0.8167,0.8667,0.8716,Mandiri
Kab. Malang,Kepanjen,Ngadilangkung,0.9429,0.9,0.9333,0.9254,Mandiri
Kab. Malang,Kepanjen,Mojosari,0.8286,0.8,1,0.8762,Mandiri
Kab. Malang,Bululawang,Sudimoro,0.8457,0.7667,0.8667,0.8263,Mandiri
Kab. Malang,Bululawang,Kasri,0.96,0.8333,0.6667,0.82,Mandiri
Kab. Malang,Bululawang,Bakalan,0.9314,0.8167,0.8,0.8494,Mandiri
Kab. Malang,Bululawang,Krebet,0.9371,0.8667,0.7333,0.8457,Mandiri
Kab. Malang,Bululawang,Gading,0.96,0.8833,0.7333,0.8589,Mandiri
Kab. Malang,Bululawang,Sukonolo,0.8914,0.7,0.8667,0.8194,Mandiri
Kab. Malang,Bululawang,Lumbangsari,0.92,0.7833,0.8,0.8344,Mandiri
Kab. Malang,Bululawang,Wandanpuro,0.9029,0.9333,0.6667,0.8343,Mandiri
Kab. Malang,Bululawang,Sempalwadak,0.9429,0.8833,0.6667,0.831,Mandiri
Kab. Malang,Bululawang,Bululawang,0.9314,0.9333,0.9333,0.9327,Mandiri
Kab. Malang,Bululawang,Krebet Senggrong,0.9657,0.8333,0.6667,0.8219,Mandiri
Kab. Malang,Bululawang,Kuwolu,0.8743,0.8,0.8667,0.847,Mandiri
Kab. Malang,Bululawang,Kasembon,0.8514,0.8167,0.8667,0.8449,Mandiri
Kab. Malang,Bululawang,Pringu,0.8743,0.75,1,0.8748,Mandiri
Kab. Malang,Tajinan,Gunungsari,0.8629,0.8333,1,0.8987,Mandiri
Kab. Malang,Tajinan,Gunungronggo,0.9029,0.7167,1,0.8732,Mandiri
Kab. Malang,Tajinan,Purwosekar,0.8743,0.8667,1,0.9137,Mandiri
Kab. Malang,Tajinan,Ngawonggo,0.9543,0.8833,1,0.9459,Mandiri
Kab. Malang,Tajinan,Pandanmulyo,0.8971,0.8167,1,0.9046,Mandiri
Kab. Malang,Tajinan,Jatisari,0.8914,0.8333,0.8,0.8416,Mandiri
Kab. Malang,Tajinan,Tajinan,0.9371,0.9333,1,0.9568,Mandiri
Kab. Malang,Tajinan,Randugading,0.8571,0.7833,1,0.8802,Mandiri
Kab. Malang,Tajinan,Jambearjo,0.9486,0.7833,0.9333,0.8884,Mandiri
Kab. Malang,Tajinan,Tangkilsari,0.9257,0.8333,0.8667,0.8752,Mandiri
Kab. Malang,Tajinan,Sumbersuko,0.8571,0.8,1,0.8857,Mandiri
Kab. Malang,Tajinan,Tambaksari,0.8457,0.9,0.8667,0.8708,Mandiri
Kab. Malang,Tumpang,Ngingit,0.8571,0.6333,1,0.8302,Mandiri
Kab. Malang,Tumpang,Kidal,0.8286,0.8167,0.9333,0.8595,Mandiri
Kab. Malang,Tumpang,Kambingan,0.9143,0.7167,1,0.877,Mandiri
Kab. Malang,Tumpang,Pandanajeng,0.8114,0.7,1,0.8371,Mandiri
Kab. Malang,Tumpang,Pulungdowo,0.8171,0.8333,0.8667,0.839,Mandiri
Kab. Malang,Tumpang,Bokor,0.8457,0.6833,1,0.843,Mandiri
Kab. Malang,Tumpang,Slamet,0.8057,0.6833,1,0.8297,Mandiri
Kab. Malang,Tumpang,Wringinsongo,0.9257,0.7667,0.9333,0.8752,Mandiri
Kab. Malang,Tumpang,Jeru,0.9371,0.9333,0.6667,0.8457,Mandiri
Kab. Malang,Tumpang,Malangsuko,0.9829,0.8833,0.8667,0.911,Mandiri
Kab. Malang,Tumpang,Tumpang,0.9943,0.9833,1,0.9925,Mandiri
Kab. Malang,Tumpang,Tulusbesar,0.9029,0.8167,0.8,0.8398,Mandiri
Kab. Malang,Tumpang,Duwet,0.9314,0.65,0.9333,0.8383,Mandiri
Kab. Malang,Tumpang,Benjor,0.8286,0.8667,0.8,0.8317,Mandiri
Kab. Malang,Tumpang,Duwet Kerajan,0.7943,0.7833,0.9333,0.837,Mandiri
Kab. Malang,Jabung,Taji,0.7829,0.7667,0.9333,0.8276,Mandiri
Kab. Malang,Jabung,Ngadirejo,0.8057,0.6667,1,0.8241,Mandiri
Kab. Malang,Jabung,Kenongo,0.8571,0.6667,1,0.8413,Mandiri
Kab. Malang,Jabung,Sidorejo,0.8629,0.6667,0.9333,0.821,Mandiri
Kab. Malang,Jabung,Sukopuro,0.8743,0.7333,0.9333,0.847,Mandiri
Kab. Malang,Jabung,Pandansari Lor,0.9429,0.8333,0.8,0.8587,Mandiri
Kab. Malang,Jabung,Sidomulyo,0.8971,0.6333,0.9333,0.8213,Mandiri
Kab. Malang,Jabung,Gadingkembar,0.8286,0.8167,0.8667,0.8373,Mandiri
Kab. Malang,Jabung,Argosari,0.8514,0.8167,0.8,0.8227,Mandiri
Kab. Malang,Jabung,Kemantren,0.9486,0.8833,0.6667,0.8329,Mandiri
Kab. Malang,Jabung,Sukolilo,0.96,0.8333,0.9333,0.9089,Mandiri
Kab. Malang,Jabung,Gunungjati,0.76,0.85,0.8667,0.8256,Mandiri
Kab. Malang,Jabung,Jabung,0.8743,0.7833,1,0.8859,Mandiri
Kab. Malang,Jabung,Slamparejo,0.8286,0.7333,0.9333,0.8317,Mandiri
Kab. Malang,Jabung,Kemiri,0.8229,0.75,1,0.8576,Mandiri
Kab. Malang,Pakis,Kedungrejo,0.9029,0.7167,0.8667,0.8287,Mandiri
Kab. Malang,Pakis,Banjarejo,0.8457,0.8,0.8667,0.8375,Mandiri
Kab. Malang,Pakis,Pucangsongo,0.8914,0.7667,0.9333,0.8638,Mandiri
Kab. Malang,Pakis,Sukoanyar,0.84,0.6333,1,0.8244,Mandiri
Kab. Malang,Pakis,Sumberpasir,0.9257,0.75,0.9333,0.8697,Mandiri
Kab. Malang,Pakis,Pakiskembar,0.8743,1,0.9333,0.9359,Mandiri
Kab. Malang,Pakis,Sumberkradenan,0.8914,0.7833,0.8,0.8249,Mandiri
Kab. Malang,Pakis,Ampeldento,0.9029,0.85,0.9333,0.8954,Mandiri
Kab. Malang,Pakis,Sekarpuro,0.9429,0.9,0.9333,0.9254,Mandiri
Kab. Malang,Pakis,Mangliawan,0.9257,0.8833,0.8,0.8697,Mandiri
Kab. Malang,Pakis,Tirtomoyo,0.9257,0.8,1,0.9086,Mandiri
Kab. Malang,Pakis,Saptorenggo,0.84,0.85,1,0.8967,Mandiri
Kab. Malang,Pakis,Asrikaton,0.8743,0.8667,0.8667,0.8692,Mandiri
Kab. Malang,Pakis,Bunutwetan,0.9314,0.85,0.8667,0.8827,Mandiri
Kab. Malang,Pakis,Pakisjajar,0.8971,0.9167,0.8,0.8713,Mandiri
Kab. Malang,Pakisaji,Permanu,0.8686,0.8667,1,0.9117,Mandiri
Kab. Malang,Pakisaji,Karangpandan,0.9143,0.85,0.8,0.8548,Mandiri
Kab. Malang,Pakisaji,Gelanggang,0.8571,0.8,0.8,0.819,Mandiri
Kab. Malang,Pakisaji,Wonokerso,0.9543,0.8833,1,0.9459,Mandiri
Kab. Malang,Pakisaji,Karangduren,0.9486,0.7833,0.8667,0.8662,Mandiri
Kab. Malang,Pakisaji,Sutojayan,0.8457,0.7833,1,0.8763,Mandiri
Kab. Malang,Pakisaji,Pakisaji,0.7943,0.85,0.8667,0.837,Mandiri
Kab. Malang,Pakisaji,Jatisari,0.8286,0.75,0.9333,0.8373,Mandiri
Kab. Malang,Pakisaji,Wadung,0.8171,0.7333,0.9333,0.8279,Mandiri
Kab. Malang,Pakisaji,Genengan,0.8971,0.8167,0.8,0.8379,Mandiri
Kab. Malang,Pakisaji,Kendalpayak,0.9486,0.9,0.8,0.8829,Mandiri
Kab. Malang,Pakisaji,Kebonagung,0.8914,0.9333,0.9333,0.9194,Mandiri
Kab. Malang,Ngajum,Ngajum,0.9029,0.8667,0.9333,0.901,Mandiri
Kab. Malang,Ngajum,Palaan,0.8629,0.6667,1,0.8432,Mandiri
Kab. Malang,Ngajum,Ngasem,0.8686,0.85,0.9333,0.884,Mandiri
Kab. Malang,Ngajum,Banjarsari,0.88,0.9333,0.8667,0.8933,Mandiri
Kab. Malang,Ngajum,Kranggan,0.8971,0.6167,1,0.8379,Mandiri
Kab. Malang,Ngajum,Kesamben,0.8914,0.8667,0.8667,0.8749,Mandiri
Kab. Malang,Ngajum,Babadan,0.8629,0.7833,0.9333,0.8598,Mandiri
Kab. Malang,Ngajum,Balesari,0.9543,0.7333,0.8,0.8292,Mandiri
Kab. Malang,Ngajum,Maguan,0.8571,0.7833,0.9333,0.8579,Mandiri
Kab. Malang,Wagir,Sumbersuko,0.8343,0.8333,1,0.8892,Mandiri
Kab. Malang,Wagir,Mendalanwangi,0.9371,0.9,0.6667,0.8346,Mandiri
Kab. Malang,Wagir,Sitirejo,0.9771,0.9667,0.9333,0.959,Mandiri
Kab. Malang,Wagir,Parangargo,0.8629,0.8667,1,0.9098,Mandiri
Kab. Malang,Wagir,Gondowangi,0.9314,0.8333,0.9333,0.8994,Mandiri
Kab. Malang,Wagir,Pandanrejo,0.9143,0.8333,0.8,0.8492,Mandiri
Kab. Malang,Wagir,Petungsewu,0.8286,0.65,1,0.8262,Mandiri
Kab. Malang,Wagir,Sukodadi,0.92,0.8667,0.8667,0.8844,Mandiri
Kab. Malang,Wagir,Sidorahayu,0.9257,0.8333,0.9333,0.8975,Mandiri
Kab. Malang,Wagir,Jedong,0.88,0.7167,1,0.8656,Mandiri
Kab. Malang,Wagir,Dalisodo,0.9429,0.7333,0.9333,0.8698,Mandiri
Kab. Malang,Wagir,Pandanlandung,0.9257,0.7667,0.9333,0.8752,Mandiri
Kab. Malang,Dau,Kucur,0.8686,0.7667,0.9333,0.8562,Mandiri
Kab. Malang,Dau,Kalisongo,0.8971,0.7833,0.8667,0.849,Mandiri
Kab. Malang,Dau,Karangwidoro,0.96,0.85,1,0.9367,Mandiri
Kab. Malang,Dau,Petungsewu,0.8857,0.85,1,0.9119,Mandiri
Kab. Malang,Dau,Selorejo,0.8343,0.7333,1,0.8559,Mandiri
Kab. Malang,Dau,Tegalweru,0.9371,0.9333,1,0.9568,Mandiri
Kab. Malang,Dau,Landungsari,0.9143,0.9,1,0.9381,Mandiri
Kab. Malang,Dau,Mulyoagung,0.9714,0.9667,1,0.9794,Mandiri
Kab. Malang,Dau,Gadingkulon,0.9257,0.7667,1,0.8975,Mandiri
Kab. Malang,Dau,Sumbersekar,0.9429,1,1,0.981,Mandiri
Kab. Malang,Karangploso,Tegalgondo,0.88,0.8,0.8667,0.8489,Mandiri
Kab. Malang,Karangploso,Kepuharjo,0.9029,0.8833,0.8667,0.8843,Mandiri
Kab. Malang,Karangploso,Ngenep,0.9257,0.8167,1,0.9141,Mandiri
Kab. Malang,Karangploso,Ngijo,0.8571,0.9167,0.8667,0.8802,Mandiri
Kab. Malang,Karangploso,Ampeldento,0.9371,0.8667,1,0.9346,Mandiri
Kab. Malang,Karangploso,Girimoyo,0.92,0.9333,0.8667,0.9067,Mandiri
Kab. Malang,Karangploso,Bocek,0.8457,0.7167,0.9333,0.8319,Mandiri
Kab. Malang,Karangploso,Donowarih,0.9429,0.8833,0.8667,0.8976,Mandiri
Kab. Malang,Karangploso,Tawangargo,0.8629,0.7833,0.8667,0.8376,Mandiri
Kab. Malang,Singosari,Wonorejo,0.8743,0.6833,1,0.8525,Mandiri
Kab. Malang,Singosari,Dengkol,0.8571,0.85,0.8667,0.8579,Mandiri
Kab. Malang,Singosari,Baturetno,0.8,0.7667,1,0.8556,Mandiri
Kab. Malang,Singosari,Watugede,0.84,0.7667,1,0.8689,Mandiri
Kab. Malang,Singosari,Banjararum,0.9486,0.95,0.8,0.8995,Mandiri
Kab. Malang,Singosari,Tunjungtirto,0.8743,0.9333,0.8667,0.8914,Mandiri
Kab. Malang,Singosari,Langlang,0.9314,0.7167,0.8667,0.8383,Mandiri
Kab. Malang,Singosari,Purwoasri,0.8171,0.7333,1,0.8502,Mandiri
Kab. Malang,Singosari,Klampok,0.9429,0.8667,0.8667,0.8921,Mandiri
Kab. Malang,Singosari,Gunungrejo,0.8686,0.6667,0.9333,0.8229,Mandiri
Kab. Malang,Singosari,Tamanharjo,0.9429,0.75,0.8667,0.8532,Mandiri
Kab. Malang,Singosari,Ardimulyo,0.8743,0.8,1,0.8914,Mandiri
Kab. Malang,Singosari,Toyomarto,0.8971,0.7,0.8667,0.8213,Mandiri
Kab. Malang,Singosari,Randuagung,0.92,0.75,0.9333,0.8678,Mandiri
Kab. Malang,Lawang,Sidoluhur,0.84,0.8,0.9333,0.8578,Mandiri
Kab. Malang,Lawang,Srigading,0.88,0.7667,0.9333,0.86,Mandiri
Kab. Malang,Lawang,Sidodadi,0.92,0.75,0.8667,0.8456,Mandiri
Kab. Malang,Lawang,Bedali,0.9829,0.9167,1,0.9665,Mandiri
Kab. Malang,Lawang,Mulyoarjo,0.8971,0.7,0.9333,0.8435,Mandiri
Kab. Malang,Lawang,Sumberngepoh,0.8114,0.8,0.9333,0.8483,Mandiri
Kab. Malang,Lawang,Sumberporong,0.9657,0.9,1,0.9552,Mandiri
Kab. Malang,Lawang,Turirejo,0.9314,0.8333,1,0.9216,Mandiri
Kab. Malang,Lawang,Ketindan,0.9657,0.7667,0.8667,0.8663,Mandiri
Kab. Malang,Lawang,Wonorejo,0.8686,0.85,0.8,0.8395,Mandiri
Kab. Malang,Pujon,Bendosari,0.8971,0.8667,0.9333,0.899,Mandiri
Kab. Malang,Pujon,Sukomulyo,0.8571,0.6667,1,0.8413,Mandiri
Kab. Malang,Pujon,Pujonkidul,0.9371,0.7833,1,0.9068,Mandiri
Kab. Malang,Pujon,Pandesari,0.9429,0.8333,0.8,0.8587,Mandiri
Kab. Malang,Pujon,Pujon Lor,0.88,0.9,0.8,0.86,Mandiri
Kab. Malang,Pujon,Ngroto,0.9886,1,1,0.9962,Mandiri
Kab. Malang,Pujon,Ngabab,0.96,0.9333,0.8667,0.92,Mandiri
Kab. Malang,Pujon,Tawangsari,0.7829,0.9,0.9333,0.8721,Mandiri
Kab. Malang,Pujon,Madiredo,0.9314,0.9,1,0.9438,Mandiri
Kab. Malang,Pujon,Wiyurejo,0.8743,0.7167,0.8667,0.8192,Mandiri
Kab. Malang,Ngantang,Pagersari,0.88,0.7,1,0.86,Mandiri
Kab. Malang,Ngantang,Sidodadi,0.8629,0.8167,1,0.8932,Mandiri
Kab. Malang,Ngantang,Banjarejo,0.88,0.7333,1,0.8711,Mandiri
Kab. Malang,Ngantang,Purworejo,0.8629,0.8333,0.9333,0.8765,Mandiri
Kab. Malang,Ngantang,Ngantru,0.9543,0.6667,1,0.8737,Mandiri
Kab. Malang,Ngantang,Banturejo,0.9314,1,1,0.9771,Mandiri
Kab. Malang,Ngantang,Pandansari,0.7943,0.7833,1,0.8592,Mandiri
Kab. Malang,Ngantang,Mulyorejo,0.8743,0.95,0.8667,0.897,Mandiri
Kab. Malang,Ngantang,Sumberagung,0.8743,0.9,0.9333,0.9025,Mandiri
Kab. Malang,Ngantang,Kaumrejo,0.9486,0.9667,0.8667,0.9273,Mandiri
Kab. Malang,Ngantang,Tulungrejo,0.8057,0.7833,1,0.863,Mandiri
Kab. Malang,Ngantang,Waturejo,0.8743,0.8667,0.9333,0.8914,Mandiri
Kab. Malang,Ngantang,Jombok,0.9143,0.9,0.9333,0.9159,Mandiri
Kab. Malang,Kasembon,Pondokagung,0.8571,0.7,0.9333,0.8302,Mandiri
Kab. Malang,Kasembon,Bayem,0.9029,0.7167,0.9333,0.851,Mandiri
Kab. Malang,Kasembon,Pait,0.8629,0.7167,0.9333,0.8376,Mandiri
Kab. Malang,Kasembon,Wonoagung,0.8914,0.8167,0.8667,0.8583,Mandiri
Kab. Malang,Kasembon,Kasembon,0.8514,0.8167,0.9333,0.8671,Mandiri
Kab. Malang,Kasembon,Sukosari,0.8457,0.75,0.8667,0.8208,Mandiri
Kab. Malang,Gedangan,Sidodadi,0.8971,0.9167,0.8667,0.8935,Mandiri
Kab. Malang,Gedangan,Gajahrejo,0.9371,0.7,0.9333,0.8568,Mandiri
Kab. Malang,Gedangan,Sindurejo,0.8514,0.75,0.8667,0.8227,Mandiri
Kab. Malang,Gedangan,Gedangan,0.8971,0.85,0.8667,0.8713,Mandiri
Kab. Malang,Gedangan,Segaran,0.92,0.8,0.8,0.84,Mandiri
Kab. Malang,Gedangan,Sumberejo,0.9429,0.8833,0.8667,0.8976,Mandiri
Kab. Malang,Gedangan,Tumpakrejo,0.8286,0.85,0.8667,0.8484,Mandiri
Kab. Malang,Gedangan,Girimulyo,0.8914,0.65,1,0.8471,Mandiri
Kab. Malang,Tirtoyudo,Pujiharjo,0.8686,0.6667,0.9333,0.8229,Mandiri
Kab. Malang,Tirtoyudo,Sumbertangkil,0.88,0.9,0.8667,0.8822,Mandiri
Kab. Malang,Tirtoyudo,Kepatihan,0.8857,0.7833,0.8667,0.8452,Mandiri
Kab. Malang,Tirtoyudo,Jogomulyan,0.96,0.6,0.9333,0.8311,Mandiri
Kab. Malang,Tirtoyudo,Tlogosari,0.8286,0.8667,0.8,0.8317,Mandiri
Kab. Malang,Tirtoyudo,Tirtoyudo,0.9143,0.7,0.9333,0.8492,Mandiri
Kab. Malang,Tirtoyudo,Sukorejo,0.8857,0.8167,0.8667,0.8563,Mandiri
Kab. Malang,Tirtoyudo,Ampelgading,0.8171,0.9333,0.7333,0.8279,Mandiri
Kab. Malang,Tirtoyudo,Tamankuncaran,0.9657,0.9,1,0.9552,Mandiri
Kab. Malang,Tirtoyudo,Gadungsari,0.92,0.7,0.9333,0.8511,Mandiri
Kab. Malang,Tirtoyudo,Wonoagung,0.9143,0.7167,0.8667,0.8325,Mandiri
Kab. Malang,Tirtoyudo,Tamansatriyan,0.9486,0.65,1,0.8662,Mandiri
Kab. Malang,Tirtoyudo,Purwodadi,0.8343,0.8667,0.9333,0.8781,Mandiri
Kab. Malang,Kromengan,Slorok,0.88,0.95,0.9333,0.9211,Mandiri
Kab. Malang,Kromengan,Jatikerto,0.9086,0.9667,0.8667,0.914,Mandiri
Kab. Malang,Kromengan,Ngadirejo,0.8686,0.9333,0.9333,0.9117,Mandiri
Kab. Malang,Kromengan,Kromengan,0.8914,0.9667,1,0.9527,Mandiri
Kab. Malang,Kromengan,Peniwen,0.8457,0.9,0.8667,0.8708,Mandiri
Kab. Malang,Kromengan,Jambuwer,0.8057,0.8,1,0.8686,Mandiri
Kab. Malang,Kromengan,Karangrejo,0.8971,0.8333,0.8667,0.8657,Mandiri
Kab. Malang,Wonosari,Kluwut,0.8571,0.8167,1,0.8913,Mandiri
Kab. Malang,Wonosari,Plandi,0.76,0.7,1,0.82,Mandiri
Kab. Malang,Wonosari,Plaosan,0.8514,0.8,1,0.8838,Mandiri
Kab. Malang,Wonosari,Kebobang,0.84,1,0.8667,0.9022,Mandiri
Kab. Malang,Wonosari,Sumbertempur,0.88,0.7333,1,0.8711,Mandiri
Kab. Malang,Wonosari,Sumberdem,0.8857,0.85,1,0.9119,Mandiri
Kab. Malang,Wonosari,Wonosari,0.8171,0.8833,1,0.9002,Mandiri
Kab. Malang,Wonosari,Bangelan,0.8343,0.8167,0.9333,0.8614,Mandiri
Kab. Malang,Pagelaran,Clumprit,0.8857,0.8333,0.8667,0.8619,Mandiri
Kab. Malang,Pagelaran,Suwaru,0.8114,0.8833,0.8667,0.8538,Mandiri
Kab. Malang,Pagelaran,Kademangan,0.8686,0.7333,0.8667,0.8229,Mandiri
Kab. Malang,Pagelaran,Balearjo,0.8114,0.9333,0.8,0.8483,Mandiri
Kab. Malang,Pagelaran,Kanigoro,0.84,0.8,0.8667,0.8356,Mandiri
Kab. Malang,Pagelaran,Brongkal,0.88,0.8667,0.8667,0.8711,Mandiri
Kab. Malang,Pagelaran,Pagelaran,0.88,0.8333,0.8667,0.86,Mandiri
Kab. Malang,Pagelaran,Banjarejo,0.8971,0.8667,0.8,0.8546,Mandiri
Kab. Malang,Pagelaran,Karangsuko,0.8857,0.9333,0.9333,0.9175,Mandiri
Kab. Malang,Pagelaran,Sidorejo,0.8629,0.95,0.8667,0.8932,Mandiri
Kab. Sidoarjo,Tarik,Mliriprowo,0.76,0.6167,0.9333,0.77,Maju
Kab. Sidoarjo,Tarik,Kedungbocok,0.7829,0.5167,1,0.7665,Maju
Kab. Sidoarjo,Tarik,Singogalih,0.8629,0.6333,0.6667,0.721,Maju
Kab. Sidoarjo,Tarik,Tarik,0.84,0.7333,0.9333,0.8356,Mandiri
Kab. Sidoarjo,Tarik,Mergobener,0.7371,0.6667,0.7333,0.7124,Maju
Kab. Sidoarjo,Tarik,Mergosari,0.8171,0.5667,1,0.7946,Maju
Kab. Sidoarjo,Tarik,Kendalsewu,0.7714,0.5833,1,0.7849,Maju
Kab. Sidoarjo,Tarik,Klantingsari,0.8114,0.5333,0.9333,0.7594,Maju
Kab. Sidoarjo,Tarik,Kalimati,0.6857,0.6333,0.8667,0.7286,Maju
Kab. Sidoarjo,Tarik,Gempolklutuk,0.7943,0.55,0.8,0.7148,Maju
Kab. Sidoarjo,Tarik,Banjarwungu,0.7829,0.5167,1,0.7665,Maju
Kab. Sidoarjo,Tarik,Balongmacekan,0.8743,0.4667,1,0.7803,Maju
Kab. Sidoarjo,Tarik,Gampingrowo,0.7829,0.4333,0.9333,0.7165,Maju
Kab. Sidoarjo,Tarik,Sebani,0.9143,0.8167,0.9333,0.8881,Mandiri
Kab. Sidoarjo,Tarik,Kramattemenggung,0.7714,0.7,0.8667,0.7794,Maju
Kab. Sidoarjo,Tarik,Mindugading,0.8286,0.5667,1,0.7984,Maju
Kab. Sidoarjo,Tarik,Kemuning,0.8171,0.8333,0.5333,0.7279,Maju
Kab. Sidoarjo,Tarik,Janti,0.8514,0.7,0.9333,0.8283,Mandiri
Kab. Sidoarjo,Tarik,Segodobancang,0.8,0.6167,0.8667,0.7611,Maju
Kab. Sidoarjo,Tarik,Kedinding,0.7657,0.6167,0.9333,0.7719,Maju
Kab. Sidoarjo,Prambon,Prambon,0.96,0.9,0.6,0.82,Mandiri
Kab. Sidoarjo,Prambon,Kajartengguli,0.9086,0.7333,0.5333,0.7251,Maju
Kab. Sidoarjo,Prambon,Gedangrowo,0.8857,0.7333,0.8667,0.8286,Mandiri
Kab. Sidoarjo,Prambon,Wirobiting,0.9543,0.7167,0.8,0.8237,Mandiri
Kab. Sidoarjo,Prambon,Simpang,0.9371,0.6,0.6667,0.7346,Maju
Kab. Sidoarjo,Prambon,Bulang,0.8629,0.85,0.8667,0.8598,Mandiri
Kab. Sidoarjo,Prambon,Gampang,0.8229,0.8333,0.6,0.7521,Maju
Kab. Sidoarjo,Prambon,Jatikalang,0.9257,0.8,0.9333,0.8863,Mandiri
Kab. Sidoarjo,Prambon,Jatialun-Alun,0.8914,0.8,0.5333,0.7416,Maju
Kab. Sidoarjo,Prambon,Pejangkungan,0.8,0.6833,0.6667,0.7167,Maju
Kab. Sidoarjo,Prambon,Kedungsugo,0.9086,0.65,0.8667,0.8084,Maju
Kab. Sidoarjo,Prambon,Kedungwonokerto,0.9657,0.85,1,0.9386,Mandiri
Kab. Sidoarjo,Prambon,Bendotretek,0.8457,0.95,0.8667,0.8875,Mandiri
Kab. Sidoarjo,Prambon,Wonoplintahan,0.9029,0.8667,0.8667,0.8787,Mandiri
Kab. Sidoarjo,Prambon,Kedungkembar,0.7943,0.5667,0.8667,0.7425,Maju
Kab. Sidoarjo,Prambon,Jedongcangkring,0.8171,0.7833,0.8667,0.8224,Mandiri
Kab. Sidoarjo,Prambon,Cangkringturi,0.8057,0.6667,0.9333,0.8019,Maju
Kab. Sidoarjo,Prambon,Simogirang,0.8286,0.7333,0.6,0.7206,Maju
Kab. Sidoarjo,Prambon,Temu,0.8286,0.8667,0.8,0.8317,Mandiri
Kab. Sidoarjo,Prambon,Watutulis,0.9486,0.95,0.6667,0.8551,Mandiri
Kab. Sidoarjo,Krembung,Tambakrejo,0.8743,0.75,0.9333,0.8525,Mandiri
Kab. Sidoarjo,Krembung,Keper,0.8971,0.7333,0.8667,0.8324,Mandiri
Kab. Sidoarjo,Krembung,Kedungsumur,0.9086,0.75,1,0.8862,Mandiri
Kab. Sidoarjo,Krembung,Kedungrawan,0.9657,0.6167,0.8667,0.8163,Mandiri
Kab. Sidoarjo,Krembung,Tanjekwagir,0.8857,0.75,0.8667,0.8341,Mandiri
Kab. Sidoarjo,Krembung,Mojoruntut,0.92,0.7167,0.9333,0.8567,Mandiri
Kab. Sidoarjo,Krembung,Gading,0.8743,0.7167,0.8667,0.8192,Mandiri
Kab. Sidoarjo,Krembung,Wangkal,0.9257,0.7167,0.9333,0.8586,Mandiri
Kab. Sidoarjo,Krembung,Jenggot,0.8514,0.6667,1,0.8394,Mandiri
Kab. Sidoarjo,Krembung,Waung,0.8,0.7833,0.8667,0.8167,Mandiri
Kab. Sidoarjo,Krembung,Ploso,0.8686,0.6833,0.9333,0.8284,Mandiri
Kab. Sidoarjo,Krembung,Rejeni,0.88,0.7833,0.8667,0.8433,Mandiri
Kab. Sidoarjo,Krembung,Kandangan,0.9657,0.8667,0.7333,0.8552,Mandiri
Kab. Sidoarjo,Krembung,Krembung,0.92,0.8833,0.7333,0.8456,Mandiri
Kab. Sidoarjo,Krembung,Lemujut,0.88,0.7333,0.8667,0.8267,Mandiri
Kab. Sidoarjo,Krembung,Cangkring,0.9143,0.8333,0.7333,0.827,Mandiri
Kab. Sidoarjo,Krembung,Keret,0.8571,0.75,0.8667,0.8246,Mandiri
Kab. Sidoarjo,Krembung,Wonomlati,0.8514,0.7333,0.9333,0.8394,Mandiri
Kab. Sidoarjo,Krembung,Balonggarut,0.8286,0.85,0.8667,0.8484,Mandiri
Kab. Sidoarjo,Porong,Kebonagung,0.8457,0.7333,0.8667,0.8152,Maju
Kab. Sidoarjo,Porong,Kedungsolo,0.96,0.85,0.6667,0.8256,Mandiri
Kab. Sidoarjo,Porong,Kesambi,0.8629,0.6333,0.7333,0.7432,Maju
Kab. Sidoarjo,Porong,Kebakalan,0.8286,0.7,0.9333,0.8206,Mandiri
Kab. Sidoarjo,Porong,Lajuk,0.8229,0.8167,0.6667,0.7687,Maju
Kab. Sidoarjo,Porong,Kedungboto,0.76,0.6833,0.7333,0.7256,Maju
Kab. Sidoarjo,Porong,Candipari,0.9029,0.85,0.7333,0.8287,Mandiri
Kab. Sidoarjo,Porong,Pamotan,0.7829,0.6667,0.9333,0.7943,Maju
Kab. Sidoarjo,Porong,Glagaharum,0.96,0.75,0.8,0.8367,Mandiri
Kab. Sidoarjo,Porong,Plumbon,0.7257,0.6,1,0.7752,Maju
Kab. Sidoarjo,Porong,Wunut,0.8857,0.7333,0.8667,0.8286,Mandiri
Kab. Sidoarjo,Porong,Pesawahan,0.68,0.5167,0.9333,0.71,Maju
Kab. Sidoarjo,Jabon,Panggreh,0.9086,0.65,0.6,0.7195,Maju
Kab. Sidoarjo,Jabon,Trompoasri,0.8,0.6167,0.8667,0.7611,Maju
Kab. Sidoarjo,Jabon,Kedungrejo,0.84,0.75,0.8667,0.8189,Mandiri
Kab. Sidoarjo,Jabon,Semambung,0.7886,0.5833,0.6,0.6573,Berkembang
Kab. Sidoarjo,Jabon,Kedungpandan,0.7486,0.6667,0.7333,0.7162,Maju
Kab. Sidoarjo,Jabon,Kupang,0.84,0.6833,0.8667,0.7967,Maju
Kab. Sidoarjo,Jabon,Tambakkalisogo,0.9029,0.75,0.8,0.8176,Mandiri
Kab. Sidoarjo,Jabon,Balongtani,0.7829,0.5333,0.5333,0.6165,Berkembang
Kab. Sidoarjo,Jabon,Jemirahan,0.9143,0.75,0.8,0.8214,Mandiri
Kab. Sidoarjo,Jabon,Dukuhsari,0.8914,0.75,0.6,0.7471,Maju
Kab. Sidoarjo,Jabon,Kedungcangkring,0.8171,0.7833,0.8,0.8002,Maju
Kab. Sidoarjo,Jabon,Keboguyang,0.8914,0.6333,0.8667,0.7971,Maju
Kab. Sidoarjo,Jabon,Permisan,0.8857,0.8333,1,0.9063,Mandiri
Kab. Sidoarjo,Tanggulangin,Kalisampurno,0.92,0.8667,0.8,0.8622,Mandiri
Kab. Sidoarjo,Tanggulangin,Ketapang,0.8057,0.6333,0.8,0.7463,Maju
Kab. Sidoarjo,Tanggulangin,Kalitengah,0.9086,0.8167,0.8667,0.864,Mandiri
Kab. Sidoarjo,Tanggulangin,Gempolsari,0.8686,0.6833,0.7333,0.7617,Maju
Kab. Sidoarjo,Tanggulangin,Sentul,0.8171,0.6,0.7333,0.7168,Maju
Kab. Sidoarjo,Tanggulangin,Penatarsewu,0.8457,0.7167,0.7333,0.7652,Maju
Kab. Sidoarjo,Tanggulangin,Banjarasri,0.8,0.6833,0.6667,0.7167,Maju
Kab. Sidoarjo,Tanggulangin,Banjarpanji,0.9143,0.75,0.6,0.7548,Maju
Kab. Sidoarjo,Tanggulangin,Kedungbanteng,0.8343,0.6,0.9333,0.7892,Maju
Kab. Sidoarjo,Tanggulangin,Kalidawir,0.9029,0.6667,0.8,0.7898,Maju
Kab. Sidoarjo,Tanggulangin,Putat,0.7314,0.6,0.8,0.7105,Maju
Kab. Sidoarjo,Tanggulangin,Ngaban,0.8686,0.8,0.8667,0.8451,Mandiri
Kab. Sidoarjo,Tanggulangin,Kludan,0.9371,0.8333,0.8667,0.879,Mandiri
Kab. Sidoarjo,Tanggulangin,Boro,0.9086,0.9,0.7333,0.8473,Mandiri
Kab. Sidoarjo,Tanggulangin,Kedensari,0.8857,0.85,0.8,0.8452,Mandiri
Kab. Sidoarjo,Tanggulangin,Ketegan,0.8629,0.8833,0.8667,0.871,Mandiri
Kab. Sidoarjo,Tanggulangin,Ganggangpanjang,0.9486,0.6167,0.9333,0.8329,Mandiri
Kab. Sidoarjo,Tanggulangin,Randegan,0.8743,0.85,0.9333,0.8859,Mandiri
Kab. Sidoarjo,Candi,Karangtanjung,0.8514,0.8333,0.8667,0.8505,Mandiri
Kab. Sidoarjo,Candi,Sumorame,0.8857,0.85,0.8,0.8452,Mandiri
Kab. Sidoarjo,Candi,Ngampelsari,0.8857,0.7667,0.9333,0.8619,Mandiri
Kab. Sidoarjo,Candi,Balonggabus,0.8914,0.75,0.9333,0.8583,Mandiri
Kab. Sidoarjo,Candi,Balongdowo,0.9143,0.7833,0.8,0.8325,Mandiri
Kab. Sidoarjo,Candi,Kendalpecabean,0.9257,0.7167,0.8667,0.8363,Mandiri
Kab. Sidoarjo,Candi,Kedungpeluk,0.9371,0.85,0.6667,0.8179,Mandiri
Kab. Sidoarjo,Candi,Kalipecabean,0.9143,0.75,0.8667,0.8437,Mandiri
Kab. Sidoarjo,Candi,Klurak,0.8629,0.7333,0.8667,0.821,Mandiri
Kab. Sidoarjo,Candi,Kebonsari,0.9429,0.8667,0.8667,0.8921,Mandiri
Kab. Sidoarjo,Candi,Gelam,0.9657,0.7333,0.8,0.833,Mandiri
Kab. Sidoarjo,Candi,Candi,0.8743,0.75,0.8667,0.8303,Mandiri
Kab. Sidoarjo,Candi,Sugihwaras,0.9829,0.9667,0.9333,0.961,Mandiri
Kab. Sidoarjo,Candi,Kedungkendo,0.9543,0.7167,0.9333,0.8681,Mandiri
Kab. Sidoarjo,Candi,Durungbanjar,0.9829,0.9333,0.6,0.8387,Mandiri
Kab. Sidoarjo,Candi,Durungbedug,0.8629,0.6833,0.9333,0.8265,Mandiri
Kab. Sidoarjo,Candi,Jambangan,0.92,0.7667,0.8667,0.8511,Mandiri
Kab. Sidoarjo,Candi,Sidodadi,0.8971,0.8333,0.8,0.8435,Mandiri
Kab. Sidoarjo,Candi,Sepande,0.9371,0.8667,0.6667,0.8235,Mandiri
Kab. Sidoarjo,Candi,Sumokali,0.9143,0.85,0.8,0.8548,Mandiri
Kab. Sidoarjo,Candi,Tenggulunan,0.92,0.7167,0.9333,0.8567,Mandiri
Kab. Sidoarjo,Candi,Bligo,0.9086,0.7,0.8667,0.8251,Mandiri
Kab. Sidoarjo,Candi,Wedoroklurak,0.8971,0.7833,1,0.8935,Mandiri
Kab. Sidoarjo,Candi,Larangan,0.8971,0.9,0.8,0.8657,Mandiri
Kab. Sidoarjo,Sidoarjo,Lebo,0.8057,0.7833,1,0.863,Mandiri
Kab. Sidoarjo,Sidoarjo,Suko,0.9371,0.7667,0.8,0.8346,Mandiri
Kab. Sidoarjo,Sidoarjo,Banjarbendo,0.8971,0.7333,0.8667,0.8324,Mandiri
Kab. Sidoarjo,Sidoarjo,Rangkahkidul,0.8914,0.6333,0.9333,0.8194,Mandiri
Kab. Sidoarjo,Sidoarjo,Blurukidul,0.88,0.7667,0.8667,0.8378,Mandiri
Kab. Sidoarjo,Sidoarjo,Kemiri,0.9143,0.8,0.8,0.8381,Mandiri
Kab. Sidoarjo,Sidoarjo,Jati,0.9029,0.9333,0.6667,0.8343,Mandiri
Kab. Sidoarjo,Sidoarjo,Cemengbakalan,0.9029,0.7667,0.8,0.8232,Mandiri
Kab. Sidoarjo,Sidoarjo,Sarirogo,0.88,0.7833,0.8667,0.8433,Mandiri
Kab. Sidoarjo,Sidoarjo,Sumput,0.9486,0.8167,0.9333,0.8995,Mandiri
Kab. Sidoarjo,Tulangan,Janti,0.9257,0.8167,0.8667,0.8697,Mandiri
Kab. Sidoarjo,Tulangan,Kebaron,0.8629,0.7167,1,0.8598,Mandiri
Kab. Sidoarjo,Tulangan,Kenongo,0.9314,0.9333,0.6667,0.8438,Mandiri
Kab. Sidoarjo,Tulangan,Gelang,0.8629,0.5333,0.6667,0.6876,Berkembang
Kab. Sidoarjo,Tulangan,Jiken,0.8171,0.7,0.6667,0.7279,Maju
Kab. Sidoarjo,Tulangan,Pangkemiri,0.8743,0.85,0.8667,0.8637,Mandiri
Kab. Sidoarjo,Tulangan,Kepatihan,0.9657,0.8167,0.5333,0.7719,Maju
Kab. Sidoarjo,Tulangan,Tulangan,0.84,0.8167,0.6667,0.7744,Maju
Kab. Sidoarjo,Tulangan,Kepadangan,0.9657,0.8833,0.6667,0.8386,Mandiri
Kab. Sidoarjo,Tulangan,Tlasih,0.8171,0.8,0.8,0.8057,Maju
Kab. Sidoarjo,Tulangan,Kajeksan,0.8343,0.65,0.8667,0.7837,Maju
Kab. Sidoarjo,Tulangan,Singopadu,0.8571,0.65,0.9333,0.8135,Maju
Kab. Sidoarjo,Tulangan,Kemantren,0.9143,0.7333,0.8,0.8159,Mandiri
Kab. Sidoarjo,Tulangan,Kepunten,0.8114,0.5333,0.8,0.7149,Maju
Kab. Sidoarjo,Tulangan,Kepuhkemiri,0.8286,0.6667,0.6667,0.7206,Maju
Kab. Sidoarjo,Tulangan,Grinting,0.8686,0.6,0.6667,0.7117,Maju
Kab. Sidoarjo,Tulangan,Modong,0.9314,0.75,1,0.8938,Mandiri
Kab. Sidoarjo,Tulangan,Grogol,0.8286,0.6833,0.6667,0.7262,Maju
Kab. Sidoarjo,Tulangan,Medalem,0.8343,0.65,0.4667,0.6503,Berkembang
Kab. Sidoarjo,Tulangan,Sudimoro,0.8457,0.6167,0.6667,0.7097,Maju
Kab. Sidoarjo,Tulangan,Kedondong,0.8686,0.5833,0.6667,0.7062,Berkembang
Kab. Sidoarjo,Tulangan,Grabagan,0.8914,0.65,0.5333,0.6916,Berkembang
Kab. Sidoarjo,Wonoayu,Tanggul,0.8914,0.8667,0.6667,0.8083,Maju
Kab. Sidoarjo,Wonoayu,Simoketawang,0.9543,0.7167,1,0.8903,Mandiri
Kab. Sidoarjo,Wonoayu,Popoh,0.8457,0.7167,0.8667,0.8097,Maju
Kab. Sidoarjo,Wonoayu,Jimbarankulon,0.84,0.8667,0.7333,0.8133,Maju
Kab. Sidoarjo,Wonoayu,Jimbaranwetan,0.88,0.7167,0.8,0.7989,Maju
Kab. Sidoarjo,Wonoayu,Ketimang,0.9143,0.6667,0.8667,0.8159,Mandiri
Kab. Sidoarjo,Wonoayu,Pilang,0.8914,0.8333,0.8667,0.8638,Mandiri
Kab. Sidoarjo,Wonoayu,Sumberejo,0.9314,0.8333,0.6667,0.8105,Maju
Kab. Sidoarjo,Wonoayu,Mojorangagung,0.9314,0.6833,0.6667,0.7605,Maju
Kab. Sidoarjo,Wonoayu,Wonokasian,0.9086,0.65,0.8667,0.8084,Maju
Kab. Sidoarjo,Wonoayu,Ploso,0.8857,0.7,0.6667,0.7508,Maju
Kab. Sidoarjo,Wonoayu,Mulyodadi,0.8971,0.7833,0.6,0.7602,Maju
Kab. Sidoarjo,Wonoayu,Wonoayu,0.9143,0.9,0.6667,0.827,Mandiri
Kab. Sidoarjo,Wonoayu,Semambung,0.9029,0.8,0.8,0.8343,Mandiri
Kab. Sidoarjo,Wonoayu,Simoangin-Angin,0.8,0.7667,0.6667,0.7444,Maju
Kab. Sidoarjo,Wonoayu,Wonokalang,0.9086,0.6833,0.6,0.7306,Maju
Kab. Sidoarjo,Wonoayu,Pagerngumbuk,0.9086,0.7167,0.8667,0.8306,Mandiri
Kab. Sidoarjo,Wonoayu,Plaosan,0.8229,0.6667,0.9333,0.8076,Maju
Kab. Sidoarjo,Wonoayu,Lambangan,0.9771,0.75,1,0.909,Mandiri
Kab. Sidoarjo,Wonoayu,Sawocangkring,0.88,0.7167,0.6667,0.7544,Maju
Kab. Sidoarjo,Wonoayu,Becirongengor,0.9486,0.85,0.6667,0.8217,Mandiri
Kab. Sidoarjo,Wonoayu,Karangpuri,0.8914,0.75,0.8667,0.836,Mandiri
Kab. Sidoarjo,Wonoayu,Candinegoro,0.8514,0.6667,0.6667,0.7283,Maju
Kab. Sidoarjo,Krian,Tropodo,0.9143,0.7,0.8667,0.827,Mandiri
Kab. Sidoarjo,Krian,Sedenganmijen,0.9314,0.8,0.8667,0.866,Mandiri
Kab. Sidoarjo,Krian,Katerungan,0.8343,0.8,0.8667,0.8337,Mandiri
Kab. Sidoarjo,Krian,Jerukgamping,0.8743,0.6667,0.9333,0.8248,Mandiri
Kab. Sidoarjo,Krian,Gamping,0.8857,0.6667,0.9333,0.8286,Mandiri
Kab. Sidoarjo,Krian,Terik,0.8514,0.6833,0.9333,0.8227,Mandiri
Kab. Sidoarjo,Krian,Junwangi,0.8971,0.7167,0.8667,0.8268,Mandiri
Kab. Sidoarjo,Krian,Terungkulon,0.8914,0.7667,0.8,0.8194,Mandiri
Kab. Sidoarjo,Krian,Terungwetan,0.9086,0.8333,0.9333,0.8917,Mandiri
Kab. Sidoarjo,Krian,Jatikalang,0.9371,0.85,0.8667,0.8846,Mandiri
Kab. Sidoarjo,Krian,Keboharan,0.9714,0.8,0.8,0.8571,Mandiri
Kab. Sidoarjo,Krian,Ponokawan,0.9086,0.8667,0.8,0.8584,Mandiri
Kab. Sidoarjo,Krian,Sidomojo,0.8286,0.85,0.8667,0.8484,Mandiri
Kab. Sidoarjo,Krian,Kraton,0.88,0.8,0.9333,0.8711,Mandiri
Kab. Sidoarjo,Krian,Sidomulyo,0.8629,0.8167,0.8,0.8265,Mandiri
Kab. Sidoarjo,Krian,Tempel,0.8686,0.7833,0.8667,0.8395,Mandiri
Kab. Sidoarjo,Krian,Watugolong,0.8686,0.7833,0.8,0.8173,Mandiri
Kab. Sidoarjo,Krian,Barengkrajan,0.8686,0.7833,0.8667,0.8395,Mandiri
Kab. Sidoarjo,Krian,Sidorejo,0.8857,0.8,0.9333,0.873,Mandiri
Kab. Sidoarjo,Balongbendo,Wonokupang,0.92,0.8667,0.6667,0.8178,Mandiri
Kab. Sidoarjo,Balongbendo,Sumokembangsri,0.8914,0.6667,0.6667,0.7416,Maju
Kab. Sidoarjo,Balongbendo,Singkalan,0.9029,0.9333,0.6667,0.8343,Mandiri
Kab. Sidoarjo,Balongbendo,Bakungpringgodani,0.9257,0.6833,0.6667,0.7586,Maju
Kab. Sidoarjo,Balongbendo,Wonokarang,0.8057,0.55,0.8,0.7186,Maju
Kab. Sidoarjo,Balongbendo,Seduri,0.9086,0.9,0.6667,0.8251,Mandiri
Kab. Sidoarjo,Balongbendo,Bakalanwringinpitu,0.88,0.7333,0.5333,0.7156,Maju
Kab. Sidoarjo,Balongbendo,Gagangkepuhsari,0.8971,0.7167,0.6667,0.7602,Maju
Kab. Sidoarjo,Balongbendo,Suwaluh,0.8343,0.7,0.6,0.7114,Maju
Kab. Sidoarjo,Balongbendo,Watesari,0.8686,0.8667,0.8667,0.8673,Mandiri
Kab. Sidoarjo,Balongbendo,Seketi,0.9143,0.7,0.8667,0.827,Mandiri
Kab. Sidoarjo,Balongbendo,Kemangsen,0.8686,0.7167,0.8,0.7951,Maju
Kab. Sidoarjo,Balongbendo,Jabaran,0.8914,0.9333,0.8667,0.8971,Mandiri
Kab. Sidoarjo,Balongbendo,Balongbendo,0.88,0.8667,0.7333,0.8267,Mandiri
Kab. Sidoarjo,Balongbendo,Jeruklegi,0.8457,0.8667,0.6667,0.793,Maju
Kab. Sidoarjo,Balongbendo,Penambangan,0.9371,0.7667,0.8667,0.8568,Mandiri
Kab. Sidoarjo,Balongbendo,Waruberon,0.8743,0.9333,0.6667,0.8248,Mandiri
Kab. Sidoarjo,Balongbendo,Bogempinggir,0.88,0.7,0.6667,0.7489,Maju
Kab. Sidoarjo,Balongbendo,Kedungsukodani,0.88,0.75,0.9333,0.8544,Mandiri
Kab. Sidoarjo,Balongbendo,Bakungtemenggungan,0.9714,0.8667,0.6667,0.8349,Mandiri
Kab. Sidoarjo,Taman,Bohar,0.88,0.6167,1,0.8322,Mandiri
Kab. Sidoarjo,Taman,Wage,0.88,0.85,0.8667,0.8656,Mandiri
Kab. Sidoarjo,Taman,Kedungturi,0.9143,0.85,0.7333,0.8325,Mandiri
Kab. Sidoarjo,Taman,Jemundo,0.8914,0.8667,0.7333,0.8305,Mandiri
Kab. Sidoarjo,Taman,Sadang,0.88,0.6833,1,0.8544,Mandiri
Kab. Sidoarjo,Taman,Sambibulu,0.9257,0.8833,0.7333,0.8475,Mandiri
Kab. Sidoarjo,Taman,Bringinbendo,0.8971,0.8833,0.7333,0.8379,Mandiri
Kab. Sidoarjo,Taman,Sidodadi,0.7886,0.8167,0.6,0.7351,Maju
Kab. Sidoarjo,Taman,Kramatjegu,0.9086,0.7333,1,0.8806,Mandiri
Kab. Sidoarjo,Taman,Trosobo,0.8857,0.7833,0.9333,0.8675,Mandiri
Kab. Sidoarjo,Taman,Pertapanmaduretno,0.8229,0.6333,0.6667,0.7076,Maju
Kab. Sidoarjo,Taman,Tawangsari,0.9371,0.8167,0.8,0.8513,Mandiri
Kab. Sidoarjo,Taman,Gilang,0.8171,0.8167,0.6,0.7446,Maju
Kab. Sidoarjo,Taman,Kletek,0.8629,0.8167,0.9333,0.871,Mandiri
Kab. Sidoarjo,Taman,Tanjungsari,0.8629,0.6,0.6667,0.7098,Maju
Kab. Sidoarjo,Taman,Krembangan,0.8457,0.65,0.9333,0.8097,Maju
Kab. Sidoarjo,Sukodono,Wilayut,0.8343,0.65,1,0.8281,Mandiri
Kab. Sidoarjo,Sukodono,Kebonagung,0.8971,0.8,0.9333,0.8768,Mandiri
Kab. Sidoarjo,Sukodono,Anggaswangi,0.7943,0.7333,0.9333,0.8203,Mandiri
Kab. Sidoarjo,Sukodono,Jumputrejo,0.8686,0.6833,1,0.8506,Mandiri
Kab. Sidoarjo,Sukodono,Suruh,0.9314,0.7833,0.9333,0.8827,Mandiri
Kab. Sidoarjo,Sukodono,Pekarungan,0.9886,0.9667,0.6667,0.874,Mandiri
Kab. Sidoarjo,Sukodono,Pademonegoro,0.9486,0.9167,0.7333,0.8662,Mandiri
Kab. Sidoarjo,Sukodono,Cangkringsari,0.8057,0.8667,0.8667,0.8463,Mandiri
Kab. Sidoarjo,Sukodono,Jogosatru,0.8857,0.75,0.8667,0.8341,Mandiri
Kab. Sidoarjo,Sukodono,Ngaresrejo,0.8057,0.7833,0.8667,0.8186,Mandiri
Kab. Sidoarjo,Sukodono,Sambungrejo,0.8343,0.85,0.8667,0.8503,Mandiri
Kab. Sidoarjo,Sukodono,Plumbungan,0.9257,0.75,0.9333,0.8697,Mandiri
Kab. Sidoarjo,Sukodono,Sukodono,0.9143,0.9667,0.8,0.8937,Mandiri
Kab. Sidoarjo,Sukodono,Kloposepuluh,0.9086,0.8333,0.8,0.8473,Mandiri
Kab. Sidoarjo,Sukodono,Masanganwetan,0.8971,0.8667,0.8,0.8546,Mandiri
Kab. Sidoarjo,Sukodono,Suko,0.9943,0.8167,0.8667,0.8925,Mandiri
Kab. Sidoarjo,Sukodono,Masangankulon,0.9314,0.7833,0.8,0.8383,Mandiri
Kab. Sidoarjo,Sukodono,Panjunan,0.9086,0.8333,0.8667,0.8695,Mandiri
Kab. Sidoarjo,Sukodono,Bangsri,0.9486,0.9167,0.8667,0.9106,Mandiri
Kab. Sidoarjo,Buduran,Entalsewu,0.8914,0.8,0.8667,0.8527,Mandiri
Kab. Sidoarjo,Buduran,Pagerwojo,0.9029,0.8667,0.8667,0.8787,Mandiri
Kab. Sidoarjo,Buduran,Sidokerto,0.9371,0.8833,0.8667,0.8957,Mandiri
Kab. Sidoarjo,Buduran,Buduran,0.8171,0.9333,0.8667,0.8724,Mandiri
Kab. Sidoarjo,Buduran,Siwalanpanji,0.9543,0.8167,0.8667,0.8792,Mandiri
Kab. Sidoarjo,Buduran,Sidomulyo,0.88,0.75,0.8667,0.8322,Mandiri
Kab. Sidoarjo,Buduran,Prasung,0.8686,0.8333,0.9333,0.8784,Mandiri
Kab. Sidoarjo,Buduran,Sawohan,0.8171,0.7,0.9333,0.8168,Mandiri
Kab. Sidoarjo,Buduran,Damarsi,0.9257,0.75,0.8667,0.8475,Mandiri
Kab. Sidoarjo,Buduran,Dukuhtengah,0.8514,0.7833,0.8667,0.8338,Mandiri
Kab. Sidoarjo,Buduran,Banjarsari,0.9486,0.75,0.8667,0.8551,Mandiri
Kab. Sidoarjo,Buduran,Wadungasih,0.8743,0.8,0.8667,0.847,Mandiri
Kab. Sidoarjo,Buduran,Banjarkemantren,0.9143,0.8,0.8667,0.8603,Mandiri
Kab. Sidoarjo,Buduran,Sukorejo,0.88,0.75,0.8667,0.8322,Mandiri
Kab. Sidoarjo,Buduran,Sidokepung,0.9143,0.7667,0.8667,0.8492,Mandiri
Kab. Sidoarjo,Gedangan,Ganting,0.9029,0.7,1,0.8676,Mandiri
Kab. Sidoarjo,Gedangan,Karangbong,0.9429,0.8667,1,0.9365,Mandiri
Kab. Sidoarjo,Gedangan,Tebel,0.8743,0.9,0.9333,0.9025,Mandiri
Kab. Sidoarjo,Gedangan,Kragan,0.88,0.8167,0.9333,0.8767,Mandiri
Kab. Sidoarjo,Gedangan,Gemurung,0.88,0.75,1,0.8767,Mandiri
Kab. Sidoarjo,Gedangan,Punggul,0.9543,0.8333,0.8,0.8625,Mandiri
Kab. Sidoarjo,Gedangan,Wedi,0.9829,0.75,0.9333,0.8887,Mandiri
Kab. Sidoarjo,Gedangan,Ketajen,0.88,0.7833,1,0.8878,Mandiri
Kab. Sidoarjo,Gedangan,Gedangan,0.9086,0.9,0.6667,0.8251,Mandiri
Kab. Sidoarjo,Gedangan,Sruni,0.9714,0.8667,0.8,0.8794,Mandiri
Kab. Sidoarjo,Gedangan,Keboansikep,0.9714,0.9,0.9333,0.9349,Mandiri
Kab. Sidoarjo,Gedangan,Keboananom,0.9486,0.5833,1,0.844,Mandiri
Kab. Sidoarjo,Gedangan,Bangah,0.92,0.9333,0.8667,0.9067,Mandiri
Kab. Sidoarjo,Gedangan,Sawotratap,0.9371,0.8667,0.8667,0.8902,Mandiri
Kab. Sidoarjo,Gedangan,Semambung,0.9429,0.8,0.9333,0.8921,Mandiri
Kab. Sidoarjo,Sedati,Kwangsan,0.8686,0.7333,1,0.8673,Mandiri
Kab. Sidoarjo,Sedati,Pepe,0.9657,0.8333,0.8667,0.8886,Mandiri
Kab. Sidoarjo,Sedati,Buncitan,0.8571,0.8833,0.6667,0.8024,Maju
Kab. Sidoarjo,Sedati,Kalanganyar,0.8114,0.75,0.8,0.7871,Maju
Kab. Sidoarjo,Sedati,Tambakcemandi,0.8686,0.6333,0.6667,0.7229,Maju
Kab. Sidoarjo,Sedati,Gisikcemandi,0.7257,0.6,0.9333,0.753,Maju
Kab. Sidoarjo,Sedati,Cemandi,0.8914,0.6167,0.6667,0.7249,Maju
Kab. Sidoarjo,Sedati,Pulungan,0.8971,0.7833,0.8667,0.849,Mandiri
Kab. Sidoarjo,Sedati,Betro,0.92,0.95,0.7333,0.8678,Mandiri
Kab. Sidoarjo,Sedati,Sedatiagung,0.92,0.85,0.8667,0.8789,Mandiri
Kab. Sidoarjo,Sedati,Sedatigede,0.9429,1,0.7333,0.8921,Mandiri
Kab. Sidoarjo,Sedati,Pabean,0.8514,0.7833,0.8667,0.8338,Mandiri
Kab. Sidoarjo,Sedati,Semampir,0.8514,0.6833,0.8667,0.8005,Maju
Kab. Sidoarjo,Sedati,Pranti,0.8514,0.65,0.7333,0.7449,Maju
Kab. Sidoarjo,Sedati,Segorotambak,0.8114,0.6,0.7333,0.7149,Maju
Kab. Sidoarjo,Sedati,Banjarkemuning,0.7771,0.6167,1,0.7979,Maju
Kab. Sidoarjo,Waru,Pepelegi,0.9657,0.9667,1,0.9775,Mandiri
Kab. Sidoarjo,Waru,Waru,0.92,1,1,0.9733,Mandiri
Kab. Sidoarjo,Waru,Kureksari,0.9886,1,1,0.9962,Mandiri
Kab. Sidoarjo,Waru,Ngingas,0.9886,1,1,0.9962,Mandiri
Kab. Sidoarjo,Waru,Tropodo,1,0.9833,1,0.9944,Mandiri
Kab. Sidoarjo,Waru,Tambaksawah,0.9543,0.9167,0.9333,0.9348,Mandiri
Kab. Sidoarjo,Waru,Tambakrejo,0.9714,1,1,0.9905,Mandiri
Kab. Sidoarjo,Waru,Tambakoso,0.9429,0.85,1,0.931,Mandiri
Kab. Sidoarjo,Waru,Tambaksumur,0.8857,0.8333,1,0.9063,Mandiri
Kab. Sidoarjo,Waru,Wadungasri,0.8971,0.8667,1,0.9213,Mandiri
Kab. Sidoarjo,Waru,Kepuhkiriman,0.9886,1,1,0.9962,Mandiri
Kab. Sidoarjo,Waru,Berbek,0.8914,0.9333,0.9333,0.9194,Mandiri
Kab. Sidoarjo,Waru,Wedoro,0.96,0.85,1,0.9367,Mandiri
Kab. Sidoarjo,Waru,Janti,0.9543,1,0.9333,0.9625,Mandiri
Kab. Sidoarjo,Waru,Kedungrejo,0.9543,0.9667,1,0.9737,Mandiri
Kab. Sidoarjo,Waru,Medaeng,0.9886,1,1,0.9962,Mandiri
Kab. Sidoarjo,Waru,Bungurasih,0.9886,1,1,0.9962,Mandiri
Kab. Kupang,Semau,Bokonusan,0.76,0.3667,0.8667,0.6644,Berkembang
Kab. Kupang,Semau,Otan,0.7086,0.5333,0.6667,0.6362,Berkembang
Kab. Kupang,Semau,Uitao,0.7486,0.4667,0.6667,0.6273,Berkembang
Kab. Kupang,Semau,Uiasa,0.7771,0.55,0.5333,0.6202,Berkembang
Kab. Kupang,Semau,Hansisi,0.7771,0.5833,0.8,0.7202,Maju
Kab. Kupang,Semau,Huilelot,0.7371,0.4833,0.6667,0.629,Berkembang
Kab. Kupang,Semau,Batuinan,0.6514,0.3667,0.6667,0.5616,Tertinggal
Kab. Kupang,Semau,Letbaun,0.7257,0.4833,0.6667,0.6252,Berkembang
Kab. Kupang,Kupang Barat,Manulai I,0.7543,0.4667,0.6667,0.6292,Berkembang
Kab. Kupang,Kupang Barat,Sumlili,0.76,0.6667,0.6667,0.6978,Berkembang
Kab. Kupang,Kupang Barat,Lifuleo,0.6914,0.55,0.8667,0.7027,Berkembang
Kab. Kupang,Kupang Barat,Tesabela,0.84,0.5333,0.6667,0.68,Berkembang
Kab. Kupang,Kupang Barat,Oematnunu,0.7543,0.4833,0.9333,0.7237,Maju
Kab. Kupang,Kupang Barat,Kuanheun,0.8343,0.4833,0.9333,0.7503,Maju
Kab. Kupang,Kupang Barat,Nitneo,0.8114,0.7833,0.8,0.7983,Maju
Kab. Kupang,Kupang Barat,Bolok,0.8686,0.65,0.8667,0.7951,Maju
Kab. Kupang,Kupang Barat,Tablolong,0.7086,0.7,0.6667,0.6917,Berkembang
Kab. Kupang,Kupang Barat,Oenaek,0.7543,0.6,0.7333,0.6959,Berkembang
Kab. Kupang,Kupang Timur,Nunkurus,0.7143,0.45,0.8667,0.677,Berkembang
Kab. Kupang,Kupang Timur,Tuapukan,0.68,0.7167,0.8667,0.7544,Maju
Kab. Kupang,Kupang Timur,Oefafi,0.8286,0.7,0.6,0.7095,Maju
Kab. Kupang,Kupang Timur,Pukdale,0.6514,0.4333,0.8667,0.6505,Berkembang
Kab. Kupang,Kupang Timur,Oesao,0.7429,0.7,0.7333,0.7254,Maju
Kab. Kupang,Kupang Timur,Manusak,0.7314,0.85,0.9333,0.8383,Mandiri
Kab. Kupang,Kupang Timur,Tanah Putih,0.6686,0.7833,0.8,0.7506,Maju
Kab. Kupang,Kupang Timur,Oelatimo,0.7371,0.6167,0.5333,0.629,Berkembang
Kab. Kupang,Sulamu,Pitai,0.7143,0.5333,0.6,0.6159,Berkembang
Kab. Kupang,Sulamu,Pariti,0.68,0.4333,0.7333,0.6156,Berkembang
Kab. Kupang,Sulamu,Oeteta,0.7029,0.6,0.6667,0.6565,Berkembang
Kab. Kupang,Sulamu,Bipolo,0.6914,0.45,0.5333,0.5583,Tertinggal
Kab. Kupang,Sulamu,Pantai Beringin,0.68,0.4,0.5333,0.5378,Tertinggal
Kab. Kupang,Sulamu,Pantulan,0.6514,0.3667,0.7333,0.5838,Tertinggal
Kab. Kupang,Kupang Tengah,Oelnasi,0.8171,0.45,0.6667,0.6446,Berkembang
Kab. Kupang,Kupang Tengah,Noelbaki,0.8914,0.7167,0.6,0.736,Maju
Kab. Kupang,Kupang Tengah,Oelpuah,0.7714,0.6,0.6667,0.6794,Berkembang
Kab. Kupang,Kupang Tengah,Oebelo,0.8343,0.7667,0.6667,0.7559,Maju
Kab. Kupang,Kupang Tengah,Penfui Timur,0.8114,0.6,0.6667,0.6927,Berkembang
Kab. Kupang,Kupang Tengah,Tanah Merah,0.7314,0.6333,0.6667,0.6771,Berkembang
Kab. Kupang,Kupang Tengah,Mata Air,0.8629,0.7333,0.6,0.7321,Maju
Kab. Kupang,Amarasi,Oesena,0.8286,0.5167,0.8667,0.7373,Maju
Kab. Kupang,Amarasi,Ponain,0.8057,0.6833,0.9333,0.8075,Maju
Kab. Kupang,Amarasi,Kotabes,0.7543,0.6167,0.6,0.657,Berkembang
Kab. Kupang,Amarasi,Tesbatan,0.9029,0.7667,0.6,0.7565,Maju
Kab. Kupang,Amarasi,Oenoni,0.7429,0.65,0.6667,0.6865,Berkembang
Kab. Kupang,Amarasi,Apren,0.7029,0.55,0.8,0.6843,Berkembang
Kab. Kupang,Amarasi,Oenoni Ii,0.7943,0.5833,0.6667,0.6814,Berkembang
Kab. Kupang,Amarasi,Tesbatan Ii,0.8286,0.55,0.5333,0.6373,Berkembang
Kab. Kupang,Fatuleu,Camplong Ii,0.76,0.6,0.5333,0.6311,Berkembang
Kab. Kupang,Fatuleu,Naunnu,0.6571,0.4667,0.8667,0.6635,Berkembang
Kab. Kupang,Fatuleu,Oebola,0.6457,0.3333,0.6667,0.5486,Tertinggal
Kab. Kupang,Fatuleu,Sillu,0.6629,0.4167,0.6,0.5598,Tertinggal
Kab. Kupang,Fatuleu,Ekateta,0.6686,0.3833,0.6,0.5506,Tertinggal
Kab. Kupang,Fatuleu,Kuimasi,0.7771,0.7333,0.3333,0.6146,Berkembang
Kab. Kupang,Fatuleu,Tolnaku,0.6571,0.3333,0.8667,0.619,Berkembang
Kab. Kupang,Fatuleu,Oebola Dalam,0.6743,0.3667,0.6,0.547,Tertinggal
Kab. Kupang,Fatuleu,Kiuoni,0.6343,0.3,0.6,0.5114,Tertinggal
Kab. Kupang,Takari,Noelmina,0.8114,0.6667,0.3333,0.6038,Berkembang
Kab. Kupang,Takari,Benu,0.7029,0.5,0.5333,0.5787,Tertinggal
Kab. Kupang,Takari,Hueknutu,0.6571,0.45,0.4667,0.5246,Tertinggal
Kab. Kupang,Takari,Oelnaineno,0.7371,0.45,0.5333,0.5735,Tertinggal
Kab. Kupang,Takari,Tanini,0.8171,0.55,0.6,0.6557,Berkembang
Kab. Kupang,Takari,Kauniki,0.6629,0.5167,0.6,0.5932,Tertinggal
Kab. Kupang,Takari,Tuapanaf,0.6743,0.3667,0.5333,0.5248,Tertinggal
Kab. Kupang,Takari,Fatukona,0.7029,0.4,0.5333,0.5454,Tertinggal
Kab. Kupang,Takari,Oesusu,0.8457,0.5667,0.6,0.6708,Berkembang
Kab. Kupang,Amfoang Selatan,Fatusuki,0.5657,0.2833,0.6667,0.5052,Tertinggal
Kab. Kupang,Amfoang Selatan,Oelbanu,0.6114,0.4667,0.6667,0.5816,Tertinggal
Kab. Kupang,Amfoang Selatan,Fatumetan,0.6743,0.2167,0.6667,0.5192,Tertinggal
Kab. Kupang,Amfoang Selatan,Oh'Aem,0.7943,0.3833,0.6,0.5925,Tertinggal
Kab. Kupang,Amfoang Selatan,Leloboko,0.7086,0.4,0.8,0.6362,Berkembang
Kab. Kupang,Amfoang Selatan,Oh'Aem Ii,0.7086,0.45,0.6667,0.6084,Berkembang
Kab. Kupang,Amfoang Utara,Afoan,0.7486,0.4167,0.6667,0.6106,Berkembang
Kab. Kupang,Amfoang Utara,Fatunaus,0.72,0.4667,0.6,0.5956,Tertinggal
Kab. Kupang,Amfoang Utara,Kolabe,0.72,0.4667,0.6,0.5956,Tertinggal
Kab. Kupang,Amfoang Utara,Bakuin,0.6629,0.5167,0.6,0.5932,Tertinggal
Kab. Kupang,Amfoang Utara,Lilmus,0.7371,0.4167,0.6,0.5846,Tertinggal
Kab. Kupang,Nekamese,Oelomin,0.72,0.6167,0.8667,0.7344,Maju
Kab. Kupang,Nekamese,Tasikona,0.7257,0.35,0.8667,0.6475,Berkembang
Kab. Kupang,Nekamese,Oemasi,0.8,0.45,0.8667,0.7056,Berkembang
Kab. Kupang,Nekamese,Usapi Sonbai,0.8057,0.5333,0.6667,0.6686,Berkembang
Kab. Kupang,Nekamese,Oenif,0.7086,0.5333,0.6,0.614,Berkembang
Kab. Kupang,Nekamese,Tunfeu,0.8971,0.5833,0.6667,0.7157,Maju
Kab. Kupang,Nekamese,Oepaha,0.6971,0.5333,0.6,0.6102,Berkembang
Kab. Kupang,Nekamese,Bone,0.7371,0.6,0.6667,0.6679,Berkembang
Kab. Kupang,Nekamese,Taloetan,0.7486,0.4333,0.6667,0.6162,Berkembang
Kab. Kupang,Nekamese,Oben,0.8286,0.6667,0.6667,0.7206,Maju
Kab. Kupang,Nekamese,Bismarak,0.8229,0.5833,0.8667,0.7576,Maju
Kab. Kupang,Amarasi Barat,Soba,0.6114,0.6833,0.6667,0.6538,Berkembang
Kab. Kupang,Amarasi Barat,Toobaun,0.7429,0.5333,0.6667,0.6476,Berkembang
Kab. Kupang,Amarasi Barat,Niukbaun,0.7829,0.6,0.5333,0.6387,Berkembang
Kab. Kupang,Amarasi Barat,Tunbaun,0.76,0.5,0.6667,0.6422,Berkembang
Kab. Kupang,Amarasi Barat,Nekbaun,0.7543,0.55,0.5333,0.6125,Berkembang
Kab. Kupang,Amarasi Barat,Merbaun,0.8114,0.3667,0.6667,0.6149,Berkembang
Kab. Kupang,Amarasi Barat,Erbaun,0.6457,0.2667,0.6667,0.5263,Tertinggal
Kab. Kupang,Amarasi Selatan,Nekmese,0.7543,0.4667,0.8667,0.6959,Berkembang
Kab. Kupang,Amarasi Selatan,Retraen,0.7657,0.4167,0.9333,0.7052,Berkembang
Kab. Kupang,Amarasi Selatan,Sahraen,0.8171,0.4167,0.8667,0.7002,Berkembang
Kab. Kupang,Amarasi Timur,Oebesi,0.6229,0.5667,0.6,0.5965,Tertinggal
Kab. Kupang,Amarasi Timur,Pakubaun,0.6971,0.45,0.8,0.649,Berkembang
Kab. Kupang,Amarasi Timur,Rabeka,0.7257,0.4167,0.5333,0.5586,Tertinggal
Kab. Kupang,Amarasi Timur,Enoraen,0.6514,0.4833,0.6667,0.6005,Berkembang
Kab. Kupang,Amabi Oefeto Timur,Seki,0.5829,0.3333,0.3333,0.4165,Sangat Tertinggal
Kab. Kupang,Amabi Oefeto Timur,Oemofa,0.6971,0.6,0.6667,0.6546,Berkembang
Kab. Kupang,Amabi Oefeto Timur,Nunmafo,0.6914,0.45,0.6667,0.6027,Berkembang
Kab. Kupang,Amabi Oefeto Timur,Muke,0.6229,0.3833,0.3333,0.4465,Sangat Tertinggal
Kab. Kupang,Amabi Oefeto Timur,Pathau,0.6229,0.4,0.6,0.541,Tertinggal
Kab. Kupang,Amabi Oefeto Timur,Oeniko,0.6114,0.4833,0.6,0.5649,Tertinggal
Kab. Kupang,Amabi Oefeto Timur,Oenuntono,0.6971,0.3167,0.6667,0.5602,Tertinggal
Kab. Kupang,Amabi Oefeto Timur,Oemolo,0.5943,0.3,0.6,0.4981,Tertinggal
Kab. Kupang,Amabi Oefeto Timur,Enolanan,0.5314,0.4833,0.5333,0.516,Tertinggal
Kab. Kupang,Amabi Oefeto Timur,Oenaunu,0.6057,0.4333,0.6,0.5463,Tertinggal
Kab. Kupang,Amfoang Barat Daya,Manubelon,0.7829,0.5333,0.5333,0.6165,Berkembang
Kab. Kupang,Amfoang Barat Daya,Letkole,0.6686,0.3,0.5333,0.5006,Tertinggal
Kab. Kupang,Amfoang Barat Daya,Nefoneut,0.76,0.4667,0.6667,0.6311,Berkembang
Kab. Kupang,Amfoang Barat Daya,Bioba Baru,0.7143,0.3833,0.6,0.5659,Tertinggal
Kab. Kupang,Amfoang Barat Laut,Soliu,0.6229,0.75,0.7333,0.7021,Berkembang
Kab. Kupang,Amfoang Barat Laut,Saukibe,0.7086,0.45,0.5333,0.564,Tertinggal
Kab. Kupang,Amfoang Barat Laut,Oelfatu,0.72,0.6833,0.5333,0.6456,Berkembang
Kab. Kupang,Amfoang Barat Laut,Timau,0.7314,0.35,0.4667,0.516,Tertinggal
Kab. Kupang,Amfoang Barat Laut,Honuk,0.6914,0.4833,0.3333,0.5027,Tertinggal
Kab. Kupang,Amfoang Barat Laut,Faumes,0.6114,0.5333,0.3333,0.4927,Tertinggal
Kab. Kupang,Semau Selatan,Akle,0.7543,0.5333,0.6667,0.6514,Berkembang
Kab. Kupang,Semau Selatan,Uitiuh Ana,0.7486,0.5833,0.6667,0.6662,Berkembang
Kab. Kupang,Semau Selatan,Onansila,0.6571,0.5,0.6667,0.6079,Berkembang
Kab. Kupang,Semau Selatan,Uitiuh Tuan,0.7429,0.6,0.5333,0.6254,Berkembang
Kab. Kupang,Semau Selatan,Naikean,0.6686,0.5333,0.6667,0.6229,Berkembang
Kab. Kupang,Semau Selatan,Uiboa,0.6629,0.4833,0.6667,0.6043,Berkembang
Kab. Kupang,Taebenu,Oeltuah,0.8229,0.65,0.4667,0.6465,Berkembang
Kab. Kupang,Taebenu,Baumata,0.7943,0.6667,0.5333,0.6648,Berkembang
Kab. Kupang,Taebenu,Kuaklalo,0.8171,0.3833,0.6667,0.6224,Berkembang
Kab. Kupang,Taebenu,Oeletsala,0.7486,0.4333,0.6667,0.6162,Berkembang
Kab. Kupang,Taebenu,Bokong,0.7714,0.5333,0.5333,0.6127,Berkembang
Kab. Kupang,Taebenu,Baumata Utara,0.8057,0.5333,0.5333,0.6241,Berkembang
Kab. Kupang,Taebenu,Baumata Timur,0.8571,0.6333,0.6,0.6968,Berkembang
Kab. Kupang,Taebenu,Baumata Barat,0.8457,0.65,0.6,0.6986,Berkembang
Kab. Kupang,Amabi Oefeto,Fatukanutu,0.6629,0.6,0.6,0.621,Berkembang
Kab. Kupang,Amabi Oefeto,Kairane,0.7257,0.4667,0.6,0.5975,Tertinggal
Kab. Kupang,Amabi Oefeto,Raknamo,0.7486,0.5333,0.6667,0.6495,Berkembang
Kab. Kupang,Amabi Oefeto,Kuanheum,0.6857,0.3833,0.5333,0.5341,Tertinggal
Kab. Kupang,Amabi Oefeto,Fatuteta,0.6857,0.55,0.6,0.6119,Berkembang
Kab. Kupang,Amabi Oefeto,Oefeto,0.7143,0.4,0.6,0.5714,Tertinggal
Kab. Kupang,Amabi Oefeto,Niunbaun,0.5429,0.4,0.6,0.5143,Tertinggal
Kab. Kupang,Amfoang Timur,Nunuanah,0.7143,0.3833,0.7333,0.6103,Berkembang
Kab. Kupang,Amfoang Timur,Kifu,0.7429,0.45,0.6667,0.6198,Berkembang
Kab. Kupang,Amfoang Timur,Netemnanu Selatan,0.6743,0.6167,0.6667,0.6525,Berkembang
Kab. Kupang,Amfoang Timur,Netemnanu Utara,0.7314,0.55,0.8667,0.716,Maju
Kab. Kupang,Amfoang Timur,Netemnanu,0.7086,0.4667,0.9333,0.7029,Berkembang
Kab. Kupang,Fatuleu Barat,Poto,0.6514,0.4667,0.6667,0.5949,Tertinggal
Kab. Kupang,Fatuleu Barat,Nuataus,0.5886,0.3833,0.5333,0.5017,Tertinggal
Kab. Kupang,Fatuleu Barat,Kalali,0.5714,0.5167,0.6,0.5627,Tertinggal
Kab. Kupang,Fatuleu Barat,Tuakau,0.6514,0.4833,0.5333,0.556,Tertinggal
Kab. Kupang,Fatuleu Barat,Naitae,0.6286,0.4167,0.5333,0.5262,Tertinggal
Kab. Kupang,Fatuleu Tengah,Oelbiteno,0.5771,0.4667,0.6,0.5479,Tertinggal
Kab. Kupang,Fatuleu Tengah,Nonbaun,0.5771,0.3167,0.7333,0.5424,Tertinggal
Kab. Kupang,Fatuleu Tengah,Nunsaen,0.7829,0.5333,0.8,0.7054,Berkembang
Kab. Kupang,Fatuleu Tengah,Passi,0.6457,0.3167,0.6,0.5208,Tertinggal
Kab. Kupang,Amfoang Tengah,Fatumonas,0.6686,0.6333,0.6,0.634,Berkembang
Kab. Kupang,Amfoang Tengah,Binafun,0.6571,0.4,0.6,0.5524,Tertinggal
Kab. Kupang,Amfoang Tengah,Bitobe,0.5886,0.4,0.6,0.5295,Tertinggal
Kab. Kupang,Amfoang Tengah,Bonmuti,0.6857,0.3667,0.6,0.5508,Tertinggal
Kab. Sumba Timur,Kota Waingapu,Lukukamaru,0.6971,0.3667,0.6667,0.5768,Tertinggal
Kab. Sumba Timur,Kota Waingapu,Mbatakapidu,0.8057,0.45,0.6,0.6186,Berkembang
Kab. Sumba Timur,Kota Waingapu,Pambotandjara,0.7829,0.6667,0.6667,0.7054,Berkembang
Kab. Sumba Timur,Haharu,Rambangaru,0.8914,0.6333,0.8,0.7749,Maju
Kab. Sumba Timur,Haharu,Praibakul,0.8171,0.5667,0.6667,0.6835,Berkembang
Kab. Sumba Timur,Haharu,Wunga,0.7771,0.5333,0.6667,0.659,Berkembang
Kab. Sumba Timur,Haharu,Kadahang,0.7543,0.6333,0.8667,0.7514,Maju
Kab. Sumba Timur,Haharu,Napu,0.7886,0.5,0.6,0.6295,Berkembang
Kab. Sumba Timur,Haharu,Mbatapuhu,0.6,0.4,0.6667,0.5556,Tertinggal
Kab. Sumba Timur,Haharu,Kalamba,0.6914,0.3833,0.6,0.5583,Tertinggal
Kab. Sumba Timur,Lewa,Kambuhapang,0.7371,0.5833,0.6667,0.6624,Berkembang
Kab. Sumba Timur,Lewa,Kambata Wundut,0.8114,0.4667,0.6667,0.6483,Berkembang
Kab. Sumba Timur,Lewa,Kondamara,0.7429,0.4,0.6667,0.6032,Berkembang
Kab. Sumba Timur,Lewa,Matawai Pawali,0.8343,0.45,0.7333,0.6725,Berkembang
Kab. Sumba Timur,Lewa,Rakawatu,0.68,0.4,0.6667,0.5822,Tertinggal
Kab. Sumba Timur,Lewa,Tana Rara,0.76,0.5833,0.6667,0.67,Berkembang
Kab. Sumba Timur,Lewa,Bidi Hunga,0.7314,0.45,0.6667,0.616,Berkembang
Kab. Sumba Timur,Nggaha Ori Angu,Makamenggit,0.9086,0.7,0.8,0.8029,Maju
Kab. Sumba Timur,Nggaha Ori Angu,Tandula Jangga,0.8057,0.55,0.6,0.6519,Berkembang
Kab. Sumba Timur,Nggaha Ori Angu,Praipaha,0.8,0.6667,0.8667,0.7778,Maju
Kab. Sumba Timur,Nggaha Ori Angu,Praihambuli,0.7543,0.8,0.5333,0.6959,Berkembang
Kab. Sumba Timur,Nggaha Ori Angu,Pulu Panjang,0.7429,0.6333,0.7333,0.7032,Berkembang
Kab. Sumba Timur,Nggaha Ori Angu,Praikarang,0.8229,0.6,0.6667,0.6965,Berkembang
Kab. Sumba Timur,Nggaha Ori Angu,Tanatuku,0.8629,0.6333,0.6667,0.721,Maju
Kab. Sumba Timur,Nggaha Ori Angu,Ngadulanggi,0.72,0.6167,0.5333,0.6233,Berkembang
Kab. Sumba Timur,Tabundung,Billa,0.8686,0.7333,0.8,0.8006,Maju
Kab. Sumba Timur,Tabundung,Karita,0.7829,0.5333,0.8667,0.7276,Maju
Kab. Sumba Timur,Tabundung,Kuki Talu,0.7543,0.5667,0.6,0.6403,Berkembang
Kab. Sumba Timur,Tabundung,Tapil,0.6971,0.3667,0.6,0.5546,Tertinggal
Kab. Sumba Timur,Tabundung,Tarimbang,0.76,0.6667,0.6,0.6756,Berkembang
Kab. Sumba Timur,Tabundung,Waikanabu,0.68,0.6167,0.6,0.6322,Berkembang
Kab. Sumba Timur,Tabundung,Pindu Hurani,0.6743,0.3333,0.7333,0.5803,Tertinggal
Kab. Sumba Timur,Tabundung,Praing Kareha,0.7029,0.6167,0.7333,0.6843,Berkembang
Kab. Sumba Timur,Tabundung,Wudi Pandak,0.6743,0.3667,0.5333,0.5248,Tertinggal
Kab. Sumba Timur,Tabundung,Bangga Watu,0.7771,0.7167,0.7333,0.7424,Maju
Kab. Sumba Timur,Pinu Pahar,Ramuk,0.5943,0.3833,0.6667,0.5481,Tertinggal
Kab. Sumba Timur,Pinu Pahar,Wangga Mbewa,0.6343,0.3667,0.7333,0.5781,Tertinggal
Kab. Sumba Timur,Pinu Pahar,Lailunggi,0.7829,0.4167,0.8667,0.6887,Berkembang
Kab. Sumba Timur,Pinu Pahar,Tawui,0.7943,0.4833,0.8,0.6925,Berkembang
Kab. Sumba Timur,Pinu Pahar,Wahang,0.6971,0.4167,0.7333,0.6157,Berkembang
Kab. Sumba Timur,Pinu Pahar,Mahaniwa,0.68,0.35,0.7333,0.5878,Tertinggal
Kab. Sumba Timur,Pandawai,Kambatatana,0.7886,0.7,0.6667,0.7184,Maju
Kab. Sumba Timur,Pandawai,Palaka Hembi,0.7543,0.7833,0.7333,0.757,Maju
Kab. Sumba Timur,Pandawai,Kadumbul,0.7429,0.7333,0.6667,0.7143,Maju
Kab. Sumba Timur,Pandawai,Maubokul,0.7086,0.6167,0.6667,0.664,Berkembang
Kab. Sumba Timur,Pandawai,Laindeha,0.76,0.6833,0.7333,0.7256,Maju
Kab. Sumba Timur,Umalulu,Umalulu,0.7943,0.4167,0.6667,0.6259,Berkembang
Kab. Sumba Timur,Umalulu,Patawang,0.8057,0.5667,0.8,0.7241,Maju
Kab. Sumba Timur,Umalulu,Wanga,0.8457,0.75,0.6,0.7319,Maju
Kab. Sumba Timur,Umalulu,Matawai Atu,0.8,0.6,0.8,0.7333,Maju
Kab. Sumba Timur,Umalulu,Mutunggeding,0.8686,0.6667,0.6,0.7117,Maju
Kab. Sumba Timur,Umalulu,Lairuru,0.7771,0.4833,0.8667,0.709,Maju
Kab. Sumba Timur,Umalulu,Watuhadang,0.7429,0.6,0.8,0.7143,Maju
Kab. Sumba Timur,Umalulu,Watupuda,0.7943,0.45,0.8,0.6814,Berkembang
Kab. Sumba Timur,Umalulu,Ngaru Kanoru,0.7486,0.5,0.8,0.6829,Berkembang
Kab. Sumba Timur,Rindi,Rindi,0.6514,0.35,0.7333,0.5783,Tertinggal
Kab. Sumba Timur,Rindi,Tanaraing,0.7829,0.3167,0.8667,0.6554,Berkembang
Kab. Sumba Timur,Rindi,Haikatapu,0.7543,0.5667,0.6667,0.6625,Berkembang
Kab. Sumba Timur,Rindi,Kabaru,0.7143,0.6833,0.4667,0.6214,Berkembang
Kab. Sumba Timur,Rindi,Hanggaroru,0.7086,0.4333,0.6667,0.6029,Berkembang
Kab. Sumba Timur,Rindi,Lailanjang,0.7257,0.2667,0.6667,0.553,Tertinggal
Kab. Sumba Timur,Rindi,Tamburi,0.7657,0.45,0.6,0.6052,Berkembang
Kab. Sumba Timur,Rindi,Kayuri,0.8343,0.5667,0.6,0.667,Berkembang
Kab. Sumba Timur,Pahunga Lodu,Kaliuda,0.9143,0.8833,1,0.9325,Mandiri
Kab. Sumba Timur,Pahunga Lodu,Kuruwaki,0.7543,0.6333,0.6,0.6625,Berkembang
Kab. Sumba Timur,Pahunga Lodu,Tana Manang,0.8,0.8167,0.6667,0.7611,Maju
Kab. Sumba Timur,Pahunga Lodu,Mburukulu,0.7886,0.7167,0.6667,0.724,Maju
Kab. Sumba Timur,Pahunga Lodu,Pamburu,0.7943,0.5333,0.6667,0.6648,Berkembang
Kab. Sumba Timur,Pahunga Lodu,Lambakara,0.8229,0.6833,0.6667,0.7243,Maju
Kab. Sumba Timur,Pahunga Lodu,Tamma,0.8571,0.5667,0.5333,0.6524,Berkembang
Kab. Sumba Timur,Pahunga Lodu,Palanggai,0.6971,0.4,0.8667,0.6546,Berkembang
Kab. Sumba Timur,Wulla Waijelu,Wulla,0.7371,0.7,0.6667,0.7013,Berkembang
Kab. Sumba Timur,Wulla Waijelu,Hadakamali,0.8114,0.8,0.8,0.8038,Maju
Kab. Sumba Timur,Wulla Waijelu,Lumbu Manggit,0.7771,0.6,0.6667,0.6813,Berkembang
Kab. Sumba Timur,Wulla Waijelu,Latena,0.8,0.55,0.8,0.7167,Maju
Kab. Sumba Timur,Wulla Waijelu,Lainjanji,0.7429,0.5667,0.8,0.7032,Berkembang
Kab. Sumba Timur,Wulla Waijelu,Laipandak,0.7429,0.4333,0.8,0.6587,Berkembang
Kab. Sumba Timur,Wulla Waijelu,Paranda,0.8057,0.55,0.8,0.7186,Maju
Kab. Sumba Timur,Paberiwai,Kananggar,0.8114,0.6667,0.7333,0.7371,Maju
Kab. Sumba Timur,Paberiwai,Mehang Mata,0.6686,0.5,0.5333,0.5673,Tertinggal
Kab. Sumba Timur,Paberiwai,Karera Jangga,0.6229,0.3667,0.6667,0.5521,Tertinggal
Kab. Sumba Timur,Paberiwai,Praimbana,0.6514,0.45,0.5333,0.5449,Tertinggal
Kab. Sumba Timur,Paberiwai,Pabera Manera,0.7486,0.5333,0.6,0.6273,Berkembang
Kab. Sumba Timur,Paberiwai,Winumuru,0.64,0.4667,0.5333,0.5467,Tertinggal
Kab. Sumba Timur,Paberiwai,Laitaku,0.8057,0.3333,0.9333,0.6908,Berkembang
Kab. Sumba Timur,Karera,Nggongi,0.7086,0.6667,0.6,0.6584,Berkembang
Kab. Sumba Timur,Karera,Praimadita,0.7314,0.5167,0.6,0.616,Berkembang
Kab. Sumba Timur,Karera,Praisalura,0.6686,0.3167,0.6667,0.5506,Tertinggal
Kab. Sumba Timur,Karera,Tandula Jangga,0.7314,0.45,0.8,0.6605,Berkembang
Kab. Sumba Timur,Karera,Nangga,0.6629,0.4333,0.8,0.6321,Berkembang
Kab. Sumba Timur,Karera,Janggamangu,0.6343,0.4833,0.8,0.6392,Berkembang
Kab. Sumba Timur,Karera,Ananjaki,0.7029,0.5,0.6,0.601,Berkembang
Kab. Sumba Timur,Kahaungu Eti,Kamanggih,0.7143,0.7667,0.6667,0.7159,Maju
Kab. Sumba Timur,Kahaungu Eti,Kambatabundung,0.6971,0.4333,0.6667,0.599,Berkembang
Kab. Sumba Timur,Kahaungu Eti,Meurumba,0.7143,0.35,0.6,0.5548,Tertinggal
Kab. Sumba Timur,Kahaungu Eti,Laimbonga,0.64,0.45,0.5333,0.5411,Tertinggal
Kab. Sumba Timur,Kahaungu Eti,Kota Kawau,0.7314,0.5333,0.5333,0.5994,Berkembang
Kab. Sumba Timur,Kahaungu Eti,Matawai Katingga,0.7429,0.4667,0.5333,0.581,Tertinggal
Kab. Sumba Timur,Kahaungu Eti,Kataka,0.8286,0.5,0.6,0.6429,Berkembang
Kab. Sumba Timur,Kahaungu Eti,Matawai Maringgu,0.64,0.45,0.5333,0.5411,Tertinggal
Kab. Sumba Timur,Kahaungu Eti,Mauramba,0.6171,0.45,0.5333,0.5335,Tertinggal
Kab. Sumba Timur,Matawai La Pawu,Prai Bakul,0.8743,0.6167,0.6667,0.7192,Maju
Kab. Sumba Timur,Matawai La Pawu,Katikutana,0.8686,0.5167,0.7333,0.7062,Berkembang
Kab. Sumba Timur,Matawai La Pawu,Karipi,0.7714,0.5333,0.6,0.6349,Berkembang
Kab. Sumba Timur,Matawai La Pawu,Wangga Meti,0.6629,0.2833,0.8667,0.6043,Berkembang
Kab. Sumba Timur,Matawai La Pawu,Katiku Wai,0.7029,0.4167,0.8,0.6398,Berkembang
Kab. Sumba Timur,Matawai La Pawu,Katiku Luku,0.7029,0.55,0.6667,0.6398,Berkembang
Kab. Sumba Timur,Kambera,Kiritana,0.8229,0.7,0.8667,0.7965,Maju
Kab. Sumba Timur,Kambata Mapambuhang,Lukuwingir,0.7829,0.55,0.6667,0.6665,Berkembang
Kab. Sumba Timur,Kambata Mapambuhang,Waimbidi,0.7943,0.55,0.6667,0.6703,Berkembang
Kab. Sumba Timur,Kambata Mapambuhang,Laimeta,0.68,0.3,0.6667,0.5489,Tertinggal
Kab. Sumba Timur,Kambata Mapambuhang,Mahubokul,0.8286,0.55,0.6667,0.6817,Berkembang
Kab. Sumba Timur,Kambata Mapambuhang,Marada Mundi,0.7429,0.55,0.6667,0.6532,Berkembang
Kab. Sumba Timur,Kambata Mapambuhang,Maidang,0.7029,0.4,0.6,0.5676,Tertinggal
Kab. Sumba Timur,Lewa Tidahu,Watumbelar,0.6171,0.6,0.5333,0.5835,Tertinggal
Kab. Sumba Timur,Lewa Tidahu,Bidipraing,0.7771,0.55,0.6,0.6424,Berkembang
Kab. Sumba Timur,Lewa Tidahu,Umamanu,0.64,0.4167,0.7333,0.5967,Tertinggal
Kab. Sumba Timur,Lewa Tidahu,Mondulambi,0.6914,0.45,0.5333,0.5583,Tertinggal
Kab. Sumba Timur,Lewa Tidahu,Kangeli,0.6857,0.4,0.5333,0.5397,Tertinggal
Kab. Sumba Timur,Lewa Tidahu,Laihau,0.7429,0.5167,0.6667,0.6421,Berkembang
Kab. Sumba Timur,Katala Hamu Lingu,Kompa Pari,0.84,0.6167,0.8667,0.7744,Maju
Kab. Sumba Timur,Katala Hamu Lingu,Matawai Amahu,0.7314,0.6333,0.6667,0.6771,Berkembang
Kab. Sumba Timur,Katala Hamu Lingu,Mandahu,0.7714,0.5,0.6,0.6238,Berkembang
Kab. Sumba Timur,Katala Hamu Lingu,Lailara,0.7886,0.5667,0.6,0.6517,Berkembang
Kab. Sumba Timur,Katala Hamu Lingu,Praibakul,0.7714,0.5,0.6,0.6238,Berkembang
Kab. Sumba Timur,Kanatang,Kuta,0.96,0.7667,1,0.9089,Mandiri
Kab. Sumba Timur,Kanatang,Hambapraing,0.7086,0.5333,0.9333,0.7251,Maju
Kab. Sumba Timur,Kanatang,Mondu,0.8857,0.6833,0.8667,0.8119,Maju
Kab. Sumba Timur,Kanatang,Ndapayami,0.7143,0.3,0.6,0.5381,Tertinggal
Kab. Sumba Timur,Ngadu Ngala,Praiwitu,0.7657,0.4,0.3333,0.4997,Tertinggal
Kab. Sumba Timur,Ngadu Ngala,Kakaha,0.6629,0.4167,0.6,0.5598,Tertinggal
Kab. Sumba Timur,Ngadu Ngala,Hambawutang,0.6571,0.4667,0.5333,0.5524,Tertinggal
Kab. Sumba Timur,Ngadu Ngala,Kabanda,0.5886,0.45,0.4667,0.5017,Tertinggal
Kab. Sumba Timur,Ngadu Ngala,Prauraming,0.7371,0.3,0.6667,0.5679,Tertinggal
Kab. Sumba Timur,Mahu,Lahiru,0.6,0.3167,0.6,0.5056,Tertinggal
Kab. Sumba Timur,Mahu,Patamawai,0.6629,0.4167,0.8667,0.6487,Berkembang
Kab. Sumba Timur,Mahu,Wairara,0.7143,0.4167,0.8667,0.6659,Berkembang
Kab. Sumba Timur,Mahu,Praikalala,0.6571,0.4333,0.8667,0.6524,Berkembang
Kab. Sumba Timur,Mahu,Lulundilu,0.6914,0.4167,0.8667,0.6583,Berkembang
Kab. Sumba Timur,Mahu,Haray,0.6743,0.4167,0.9333,0.6748,Berkembang
Kab. Kutai Kartanegara,Muara Muntai,Perian,0.9143,0.9667,0.8667,0.9159,Mandiri
Kab. Kutai Kartanegara,Muara Muntai,Muara Leka,0.9143,0.9667,0.8667,0.9159,Mandiri
Kab. Kutai Kartanegara,Muara Muntai,Muara Aloh,0.6743,0.7833,0.7333,0.7303,Maju
Kab. Kutai Kartanegara,Muara Muntai,Jantur,0.8343,0.7,0.9333,0.8225,Mandiri
Kab. Kutai Kartanegara,Muara Muntai,Batuq,0.8171,0.6833,0.8,0.7668,Maju
Kab. Kutai Kartanegara,Muara Muntai,Rebaq Rinding,0.8286,0.75,0.9333,0.8373,Mandiri
Kab. Kutai Kartanegara,Muara Muntai,Muara Muntai Ulu,0.7543,0.9,0.9333,0.8625,Mandiri
Kab. Kutai Kartanegara,Muara Muntai,Muara Muntai Ilir,0.8971,0.7333,0.8667,0.8324,Mandiri
Kab. Kutai Kartanegara,Muara Muntai,Kayu Batu,0.8971,0.7167,0.8667,0.8268,Mandiri
Kab. Kutai Kartanegara,Muara Muntai,Jantur Selatan,0.7886,0.6667,1,0.8184,Mandiri
Kab. Kutai Kartanegara,Muara Muntai,Tanjung Batuq Harapan,0.8229,0.7167,1,0.8465,Mandiri
Kab. Kutai Kartanegara,Muara Muntai,Pulau Harapan,0.7943,0.8,0.8667,0.8203,Mandiri
Kab. Kutai Kartanegara,Muara Muntai,Jantur Baru,0.8571,0.7333,0.9333,0.8413,Mandiri
Kab. Kutai Kartanegara,Loa Kulu,Jonggon Desa,0.7943,0.7167,0.6667,0.7259,Maju
Kab. Kutai Kartanegara,Loa Kulu,Sungai Payang,0.92,0.8167,0.9333,0.89,Mandiri
Kab. Kutai Kartanegara,Loa Kulu,Jembayan,0.9143,0.8333,0.8,0.8492,Mandiri
Kab. Kutai Kartanegara,Loa Kulu,Loa Kulu Kota,0.96,0.85,0.8667,0.8922,Mandiri
Kab. Kutai Kartanegara,Loa Kulu,Loh Sumber,0.96,0.9167,0.8667,0.9144,Mandiri
Kab. Kutai Kartanegara,Loa Kulu,Ponoragan,0.9086,0.8333,0.9333,0.8917,Mandiri
Kab. Kutai Kartanegara,Loa Kulu,Rempanga,0.96,0.9,0.9333,0.9311,Mandiri
Kab. Kutai Kartanegara,Loa Kulu,Margahayu,0.9314,0.8,0.8667,0.866,Mandiri
Kab. Kutai Kartanegara,Loa Kulu,Jonggon Jaya,0.8914,0.8167,0.8,0.836,Mandiri
Kab. Kutai Kartanegara,Loa Kulu,Lung Anai,0.8343,0.5333,0.9333,0.767,Maju
Kab. Kutai Kartanegara,Loa Kulu,Jembayan Tengah,0.8743,0.7667,1,0.8803,Mandiri
Kab. Kutai Kartanegara,Loa Kulu,Jembayan Dalam,0.8629,0.5667,0.9333,0.7876,Maju
Kab. Kutai Kartanegara,Loa Kulu,Sepakat,0.9143,0.7333,0.8667,0.8381,Mandiri
Kab. Kutai Kartanegara,Loa Kulu,Sumber Sari,0.8971,0.7667,1,0.8879,Mandiri
Kab. Kutai Kartanegara,Loa Kulu,Jongkang,0.8857,0.7667,0.6667,0.773,Maju
Kab. Kutai Kartanegara,Loa Janan,Bakungan,0.8914,0.5667,0.8,0.7527,Maju
Kab. Kutai Kartanegara,Loa Janan,Loa Duri Ulu,0.9086,0.8167,0.9333,0.8862,Mandiri
Kab. Kutai Kartanegara,Loa Janan,Loa Janan Ulu,0.8743,0.75,0.8667,0.8303,Mandiri
Kab. Kutai Kartanegara,Loa Janan,Purwajaya,0.9086,0.7667,0.8667,0.8473,Mandiri
Kab. Kutai Kartanegara,Loa Janan,Tani Bhakti,0.84,0.75,0.7333,0.7744,Maju
Kab. Kutai Kartanegara,Loa Janan,Batuah,0.8743,0.7833,0.9333,0.8637,Mandiri
Kab. Kutai Kartanegara,Loa Janan,Loa Duri Ilir,0.9486,0.9333,0.8667,0.9162,Mandiri
Kab. Kutai Kartanegara,Loa Janan,Tani Harapan,0.88,0.85,0.7333,0.8211,Mandiri
Kab. Kutai Kartanegara,Anggana,Sepatin,0.7257,0.4833,0.9333,0.7141,Maju
Kab. Kutai Kartanegara,Anggana,Muara Pantuan,0.72,0.5167,0.8667,0.7011,Berkembang
Kab. Kutai Kartanegara,Anggana,Tani Baru,0.6514,0.45,0.9333,0.6783,Berkembang
Kab. Kutai Kartanegara,Anggana,Kutai Lama,0.8514,0.65,0.8667,0.7894,Maju
Kab. Kutai Kartanegara,Anggana,Anggana,0.8343,0.6667,1,0.8337,Mandiri
Kab. Kutai Kartanegara,Anggana,Sungai Meriam,0.9486,0.9333,0.9333,0.9384,Mandiri
Kab. Kutai Kartanegara,Anggana,Sidomulyo,0.9029,0.65,0.9333,0.8287,Mandiri
Kab. Kutai Kartanegara,Anggana,Handil Terusan,0.8171,0.5667,0.9333,0.7724,Maju
Kab. Kutai Kartanegara,Muara Badak,Saliki,0.9029,0.7333,0.9333,0.8565,Mandiri
Kab. Kutai Kartanegara,Muara Badak,Salok Palai,0.9086,0.7167,0.7333,0.7862,Maju
Kab. Kutai Kartanegara,Muara Badak,Muara Badak Ulu,0.8514,0.8333,0.9333,0.8727,Mandiri
Kab. Kutai Kartanegara,Muara Badak,Muara Badak Ilir,0.9371,0.85,0.7333,0.8402,Mandiri
Kab. Kutai Kartanegara,Muara Badak,Tanjung Limau,0.8743,0.6667,0.9333,0.8248,Mandiri
Kab. Kutai Kartanegara,Muara Badak,Tanah Datar,0.92,0.9,0.8667,0.8956,Mandiri
Kab. Kutai Kartanegara,Muara Badak,Badak Baru,0.9029,0.8167,0.9333,0.8843,Mandiri
Kab. Kutai Kartanegara,Muara Badak,Suka Damai,0.8229,0.7333,0.8,0.7854,Maju
Kab. Kutai Kartanegara,Muara Badak,Badak Mekar,0.8,0.5,0.8667,0.7222,Maju
Kab. Kutai Kartanegara,Muara Badak,Gas Alam Badak I,0.9029,0.85,0.8667,0.8732,Mandiri
Kab. Kutai Kartanegara,Muara Badak,Batu-Batu,0.9371,0.75,0.6667,0.7846,Maju
Kab. Kutai Kartanegara,Muara Badak,Sallo Cela,0.7714,0.6167,0.6667,0.6849,Berkembang
Kab. Kutai Kartanegara,Muara Badak,Sungai Bawang,0.8171,0.6,0.6667,0.6946,Berkembang
Kab. Kutai Kartanegara,Tenggarong,Rapak Lambur,0.88,0.5833,1,0.8211,Mandiri
Kab. Kutai Kartanegara,Tenggarong,Bendang Raya,0.8229,0.55,0.8667,0.7465,Maju
Kab. Kutai Kartanegara,Sebulu,Selerong,0.8686,0.65,0.6667,0.7284,Maju
Kab. Kutai Kartanegara,Sebulu,Tanjung Harapan,0.84,0.75,0.5333,0.7078,Maju
Kab. Kutai Kartanegara,Sebulu,Beloro,0.8514,0.9667,0.6667,0.8283,Mandiri
Kab. Kutai Kartanegara,Sebulu,Sebulu Ulu,0.9657,1,0.8667,0.9441,Mandiri
Kab. Kutai Kartanegara,Sebulu,Sebulu Ilir,0.88,0.8833,0.8667,0.8767,Mandiri
Kab. Kutai Kartanegara,Sebulu,Segihan,0.8743,0.75,0.8,0.8081,Maju
Kab. Kutai Kartanegara,Sebulu,Sumber Sari,0.9257,0.9833,0.9333,0.9475,Mandiri
Kab. Kutai Kartanegara,Sebulu,Manunggal Daya,0.9429,0.85,0.8667,0.8865,Mandiri
Kab. Kutai Kartanegara,Sebulu,Giri Agung,0.8514,0.8167,0.8,0.8227,Mandiri
Kab. Kutai Kartanegara,Sebulu,Senoni,0.8743,0.7,0.8,0.7914,Maju
Kab. Kutai Kartanegara,Sebulu,Sebulu Moderen,0.8971,0.85,0.8667,0.8713,Mandiri
Kab. Kutai Kartanegara,Sebulu,Sanggulan,0.8971,0.8333,0.8667,0.8657,Mandiri
Kab. Kutai Kartanegara,Sebulu,Lekaq Kidau,0.8571,0.6333,0.6667,0.719,Maju
Kab. Kutai Kartanegara,Sebulu,Mekar Jaya,0.8914,0.8167,0.8667,0.8583,Mandiri
Kab. Kutai Kartanegara,Kota Bangun,Loleng,0.8514,0.65,0.8,0.7671,Maju
Kab. Kutai Kartanegara,Kota Bangun,Kota Bangun Ulu,0.9371,0.9833,0.8,0.9068,Mandiri
Kab. Kutai Kartanegara,Kota Bangun,Kota Bangun Ilir,0.8914,0.7,0.8,0.7971,Maju
Kab. Kutai Kartanegara,Kota Bangun,Liang,0.7657,0.8333,0.6,0.733,Maju
Kab. Kutai Kartanegara,Kota Bangun,Muhuran,0.6971,0.8,0.6,0.699,Berkembang
Kab. Kutai Kartanegara,Kota Bangun,Pela,0.7429,0.6833,0.6,0.6754,Berkembang
Kab. Kutai Kartanegara,Kota Bangun,Kedang Murung,0.7886,0.75,0.7333,0.7573,Maju
Kab. Kutai Kartanegara,Kota Bangun,Kota Bangun Seberang,0.7314,0.5833,0.5333,0.616,Berkembang
Kab. Kutai Kartanegara,Kota Bangun,Liang Ulu,0.8114,0.7667,0.8,0.7927,Maju
Kab. Kutai Kartanegara,Kota Bangun,Sebelimbingan,0.76,0.6167,0.9333,0.77,Maju
Kab. Kutai Kartanegara,Kota Bangun,Sangkuliman,0.7886,0.5167,0.8,0.7017,Berkembang
Kab. Kutai Kartanegara,Kenohan,Lamin Telihan,0.8171,0.7333,0.6,0.7168,Maju
Kab. Kutai Kartanegara,Kenohan,Lamin Pulut,0.7543,0.4833,0.8667,0.7014,Berkembang
Kab. Kutai Kartanegara,Kenohan,Teluk Bingkai,0.8171,0.65,0.6667,0.7113,Maju
Kab. Kutai Kartanegara,Kenohan,Kahala,0.9029,0.9167,0.6667,0.8287,Mandiri
Kab. Kutai Kartanegara,Kenohan,Tubuhan,0.7943,0.4667,0.6667,0.6425,Berkembang
Kab. Kutai Kartanegara,Kenohan,Semayang,0.7314,0.5333,0.6667,0.6438,Berkembang
Kab. Kutai Kartanegara,Kenohan,Teluk Muda,0.7714,0.5833,0.9333,0.7627,Maju
Kab. Kutai Kartanegara,Kenohan,Tuana Tuha,0.8457,0.8,0.8,0.8152,Maju
Kab. Kutai Kartanegara,Kenohan,Kahala Ilir,0.7486,0.6833,0.6667,0.6995,Berkembang
Kab. Kutai Kartanegara,Kembang Janggut,Genting Tanah,0.8743,0.75,0.8,0.8081,Maju
Kab. Kutai Kartanegara,Kembang Janggut,Loa Sakoh,0.8457,0.8333,0.8667,0.8486,Mandiri
Kab. Kutai Kartanegara,Kembang Janggut,Hambau,0.9314,0.95,0.8,0.8938,Mandiri
Kab. Kutai Kartanegara,Kembang Janggut,Kembang Janggut,0.9429,0.95,0.9333,0.9421,Mandiri
Kab. Kutai Kartanegara,Kembang Janggut,Kelekat,0.7543,0.7333,0.8667,0.7848,Maju
Kab. Kutai Kartanegara,Kembang Janggut,Pulau Pinang,0.8457,0.8667,0.8,0.8375,Mandiri
Kab. Kutai Kartanegara,Kembang Janggut,Long Beleh Haloq,0.8286,0.7833,0.8,0.804,Maju
Kab. Kutai Kartanegara,Kembang Janggut,Long Beleh Modang,0.7886,0.85,0.9333,0.8573,Mandiri
Kab. Kutai Kartanegara,Kembang Janggut,Muai,0.8,0.8,0.8667,0.8222,Mandiri
Kab. Kutai Kartanegara,Kembang Janggut,Perdana,0.8629,0.8333,0.8,0.8321,Mandiri
Kab. Kutai Kartanegara,Kembang Janggut,Bukit Layang,0.8914,0.75,0.8,0.8138,Maju
Kab. Kutai Kartanegara,Muara Kaman,Muara Kaman Ilir,0.8857,0.8,0.8667,0.8508,Mandiri
Kab. Kutai Kartanegara,Muara Kaman,Rantau Hempang,0.7714,0.5667,0.8667,0.7349,Maju
Kab. Kutai Kartanegara,Muara Kaman,Teratak,0.7714,0.75,0.8,0.7738,Maju
Kab. Kutai Kartanegara,Muara Kaman,Benua Puhun,0.88,0.8667,0.8,0.8489,Mandiri
Kab. Kutai Kartanegara,Muara Kaman,Muara Kaman Ulu,0.8971,0.85,0.7333,0.8268,Mandiri
Kab. Kutai Kartanegara,Muara Kaman,Sabintulung,0.8171,0.7833,0.9333,0.8446,Mandiri
Kab. Kutai Kartanegara,Muara Kaman,Muara Siran,0.7429,0.5,0.9333,0.7254,Maju
Kab. Kutai Kartanegara,Muara Kaman,Tunjungan,0.6971,0.4833,0.8,0.6602,Berkembang
Kab. Kutai Kartanegara,Muara Kaman,Sedulang,0.8057,0.65,0.8,0.7519,Maju
Kab. Kutai Kartanegara,Muara Kaman,Menamang Kiri,0.6914,0.5833,0.8667,0.7138,Maju
Kab. Kutai Kartanegara,Muara Kaman,Menamang Kanan,0.7029,0.7,0.8667,0.7565,Maju
Kab. Kutai Kartanegara,Muara Kaman,Sidomukti,0.9429,0.8333,0.7333,0.8365,Mandiri
Kab. Kutai Kartanegara,Muara Kaman,Panca Jaya,0.96,0.8333,0.9333,0.9089,Mandiri
Kab. Kutai Kartanegara,Muara Kaman,Bunga Jadi,0.9029,0.8167,1,0.9065,Mandiri
Kab. Kutai Kartanegara,Muara Kaman,Kupang Baru,0.7543,0.4,0.9333,0.6959,Berkembang
Kab. Kutai Kartanegara,Muara Kaman,Lebaho Ulaq,0.7657,0.8167,0.9333,0.8386,Mandiri
Kab. Kutai Kartanegara,Muara Kaman,Bukit Jering,0.68,0.6833,0.8,0.7211,Maju
Kab. Kutai Kartanegara,Muara Kaman,Liang Buaya,0.7143,0.55,0.8667,0.7103,Maju
Kab. Kutai Kartanegara,Muara Kaman,Puan Cepak,0.8,0.6167,0.7333,0.7167,Maju
Kab. Kutai Kartanegara,Muara Kaman,Cipari Makmur,0.8457,0.75,0.9333,0.843,Mandiri
Kab. Kutai Kartanegara,Tabang,Gunung Sari,0.8229,0.6667,0.8,0.7632,Maju
Kab. Kutai Kartanegara,Tabang,Long Lalang,0.7943,0.6833,0.8667,0.7814,Maju
Kab. Kutai Kartanegara,Tabang,Muara Ritan,0.8457,0.75,0.6667,0.7541,Maju
Kab. Kutai Kartanegara,Tabang,Buluk Sen,0.8514,0.8,0.5333,0.7283,Maju
Kab. Kutai Kartanegara,Tabang,Umaq Dian,0.8629,0.7667,0.6667,0.7654,Maju
Kab. Kutai Kartanegara,Tabang,Muara Pedohon,0.8514,0.6333,0.7333,0.7394,Maju
Kab. Kutai Kartanegara,Tabang,Bila Talang,0.7771,0.8,0.8667,0.8146,Maju
Kab. Kutai Kartanegara,Tabang,Kampung Baru,0.7086,0.5,0.9333,0.714,Maju
Kab. Kutai Kartanegara,Tabang,Umaq Tukung,0.7943,0.5167,0.9333,0.7481,Maju
Kab. Kutai Kartanegara,Tabang,Sidomulyo,0.7771,0.6667,0.9333,0.7924,Maju
Kab. Kutai Kartanegara,Tabang,Umaq Bekuay,0.7543,0.7167,0.6667,0.7125,Maju
Kab. Kutai Kartanegara,Tabang,Tabang Lama,0.7886,0.45,0.9333,0.724,Maju
Kab. Kutai Kartanegara,Tabang,Muara Tiq,0.7429,0.6,0.6,0.6476,Berkembang
Kab. Kutai Kartanegara,Tabang,Muara Salung,0.7657,0.6,0.6,0.6552,Berkembang
Kab. Kutai Kartanegara,Tabang,Muara Kebaq,0.7086,0.5833,0.6667,0.6529,Berkembang
Kab. Kutai Kartanegara,Tabang,Muara Belinau,0.7429,0.55,0.8,0.6976,Berkembang
Kab. Kutai Kartanegara,Tabang,Muara Tubo,0.72,0.6,0.6,0.64,Berkembang
Kab. Kutai Kartanegara,Tabang,Ritan Baru,0.8514,0.8,0.5333,0.7283,Maju
Kab. Kutai Kartanegara,Tabang,Tukung Ritan,0.8571,0.85,0.7333,0.8135,Maju
Kab. Kutai Kartanegara,Samboja,Karya Jaya,0.8629,0.6667,0.8667,0.7987,Maju
Kab. Kutai Kartanegara,Samboja,Bukit Raya,0.8629,0.7833,0.8,0.8154,Maju
Kab. Kutai Kartanegara,Samboja,Beringin Agung,0.7143,0.7667,0.6667,0.7159,Maju
Kab. Kutai Kartanegara,Tenggarong Seberang,Manunggal Jaya,0.9029,0.9667,0.8,0.8898,Mandiri
Kab. Kutai Kartanegara,Tenggarong Seberang,Bukit Raya,0.8971,0.85,0.9333,0.8935,Mandiri
Kab. Kutai Kartanegara,Tenggarong Seberang,Embalut,0.9257,0.8667,0.8667,0.8863,Mandiri
Kab. Kutai Kartanegara,Tenggarong Seberang,Bangun Rejo,0.9257,0.8667,0.8667,0.8863,Mandiri
Kab. Kutai Kartanegara,Tenggarong Seberang,Kerta Buana,0.84,0.7167,0.9333,0.83,Mandiri
Kab. Kutai Kartanegara,Tenggarong Seberang,Separi,0.8571,0.7333,0.8,0.7968,Maju
Kab. Kutai Kartanegara,Tenggarong Seberang,Bukit Pariaman,0.9371,0.9167,0.9333,0.929,Mandiri
Kab. Kutai Kartanegara,Tenggarong Seberang,Bhuana Jaya,0.8857,0.8333,0.8,0.8397,Mandiri
Kab. Kutai Kartanegara,Tenggarong Seberang,Mulawarman,0.8971,0.7,0.8667,0.8213,Mandiri
Kab. Kutai Kartanegara,Tenggarong Seberang,Loa Ulung,0.8343,0.6833,0.8667,0.7948,Maju
Kab. Kutai Kartanegara,Tenggarong Seberang,Loa Raya,0.8343,0.6833,0.9333,0.817,Mandiri
Kab. Kutai Kartanegara,Tenggarong Seberang,Perjiwa,0.8971,0.8333,0.8667,0.8657,Mandiri
Kab. Kutai Kartanegara,Tenggarong Seberang,Teluk Dalam,0.92,0.7333,0.8667,0.84,Mandiri
Kab. Kutai Kartanegara,Tenggarong Seberang,Loa Lepu,0.9371,0.7,0.9333,0.8568,Mandiri
Kab. Kutai Kartanegara,Tenggarong Seberang,Suka Maju,0.8629,0.8,0.9333,0.8654,Mandiri
Kab. Kutai Kartanegara,Tenggarong Seberang,Loa Pari,0.8171,0.85,0.9333,0.8668,Mandiri
Kab. Kutai Kartanegara,Tenggarong Seberang,Karang Tunggal,0.8457,0.75,0.9333,0.843,Mandiri
Kab. Kutai Kartanegara,Tenggarong Seberang,Tanjung Batu,0.8629,0.6667,0.7333,0.7543,Maju
Kab. Kutai Kartanegara,Marang Kayu,Sebuntal,0.9143,0.8,0.8667,0.8603,Mandiri
Kab. Kutai Kartanegara,Marang Kayu,Santan Ulu,0.8914,0.7167,0.8,0.8027,Maju
Kab. Kutai Kartanegara,Marang Kayu,Santan Tengah,0.8457,0.7,0.7333,0.7597,Maju
Kab. Kutai Kartanegara,Marang Kayu,Santan Ilir,0.8629,0.7,0.6667,0.7432,Maju
Kab. Kutai Kartanegara,Marang Kayu,Kersik,0.8457,0.6667,0.9333,0.8152,Maju
Kab. Kutai Kartanegara,Marang Kayu,Bunga Putih,0.8857,0.6833,0.7333,0.7675,Maju
Kab. Kutai Kartanegara,Marang Kayu,Makarti,0.8514,0.6667,0.8,0.7727,Maju
Kab. Kutai Kartanegara,Marang Kayu,Prangat Selatan,0.9314,0.85,0.6667,0.816,Mandiri
Kab. Kutai Kartanegara,Marang Kayu,Prangat Baru,0.8343,0.4833,0.8,0.7059,Berkembang
Kab. Kutai Kartanegara,Marang Kayu,Semangko,0.8857,0.8167,0.5333,0.7452,Maju
Kab. Kutai Kartanegara,Marang Kayu,Sambera Baru,0.7886,0.5833,0.6,0.6573,Berkembang
Kab. Kutai Kartanegara,Muara Wis,Muara Wis,0.88,0.7333,0.9333,0.8489,Mandiri
Kab. Kutai Kartanegara,Muara Wis,Sebemban,0.7829,0.7,0.9333,0.8054,Maju
Kab. Kutai Kartanegara,Muara Wis,Melintang,0.7314,0.7167,0.8667,0.7716,Maju
Kab. Kutai Kartanegara,Muara Wis,Enggelam,0.8171,0.6333,0.7333,0.7279,Maju
Kab. Kutai Kartanegara,Muara Wis,Lebak Mantan,0.8914,0.8667,0.8,0.8527,Mandiri
Kab. Kutai Kartanegara,Muara Wis,Lebak Cilong,0.84,0.7833,1,0.8744,Mandiri
Kab. Kutai Kartanegara,Muara Wis,Muara Enggelam,0.72,0.65,0.8667,0.7456,Maju
Kab. Kutai Kartanegara,Kota Bangun Darat,Kedang Ipil,0.9029,0.8,0.4667,0.7232,Maju
Kab. Kutai Kartanegara,Kota Bangun Darat,Sedulang,0.8514,0.5167,0.7333,0.7005,Berkembang
Kab. Kutai Kartanegara,Kota Bangun Darat,Benua Baru,0.84,0.55,0.6,0.6633,Berkembang
Kab. Kutai Kartanegara,Kota Bangun Darat,Kota Bangun I,0.8114,0.5833,0.8667,0.7538,Maju
Kab. Kutai Kartanegara,Kota Bangun Darat,Kota Bangun Ii,0.8171,0.7,0.8667,0.7946,Maju
Kab. Kutai Kartanegara,Kota Bangun Darat,Kota Bangun Iii,0.9143,0.9,0.8667,0.8937,Mandiri
Kab. Kutai Kartanegara,Kota Bangun Darat,Sumber Sari,0.84,0.6333,0.8667,0.78,Maju
Kab. Kutai Kartanegara,Kota Bangun Darat,Sari Nadi,0.8629,0.7,0.6667,0.7432,Maju
Kab. Kutai Kartanegara,Kota Bangun Darat,Suka Bumi,0.8457,0.7167,0.8667,0.8097,Maju
Kab. Kutai Kartanegara,Kota Bangun Darat,Wonosari,0.7886,0.5333,0.8667,0.7295,Maju
Kab. Kutai Kartanegara,Samboja Barat,Tani Bhakti,0.7771,0.6,0.9333,0.7702,Maju
Kab. Bantaeng,Bissappu,Bonto Jai,0.8686,0.8167,0.8667,0.8506,Mandiri
Kab. Bantaeng,Bissappu,Bonto Cinde,0.8514,0.75,0.6667,0.756,Maju
Kab. Bantaeng,Bissappu,Bonto Loe,0.8457,0.7,0.6667,0.7375,Maju
Kab. Bantaeng,Bissappu,Bonto Salluang,0.8457,0.6667,0.9333,0.8152,Maju
Kab. Bantaeng,Bantaeng,Kayu Loe,0.8629,0.6167,0.7333,0.7376,Maju
Kab. Bantaeng,Eremerasa,Ulu Galung,0.8914,0.75,0.9333,0.8583,Mandiri
Kab. Bantaeng,Eremerasa,Lonrong,0.8571,0.8333,0.9333,0.8746,Mandiri
Kab. Bantaeng,Eremerasa,Barua,0.7771,0.7167,1,0.8313,Mandiri
Kab. Bantaeng,Eremerasa,Kampala,0.8057,0.7667,1,0.8575,Mandiri
Kab. Bantaeng,Eremerasa,Pa'Bentengan,0.7829,0.6833,0.9333,0.7998,Maju
Kab. Bantaeng,Eremerasa,Mappilawing,0.9029,0.7667,1,0.8898,Mandiri
Kab. Bantaeng,Eremerasa,Pa'Bumbungang,0.7314,0.8667,1,0.866,Mandiri
Kab. Bantaeng,Eremerasa,Mamampang,0.7829,0.75,0.6667,0.7332,Maju
Kab. Bantaeng,Eremerasa,Parang Loe,0.7429,0.6833,0.8667,0.7643,Maju
Kab. Bantaeng,Tompo Bulu,Labbo,0.9257,0.9333,1,0.953,Mandiri
Kab. Bantaeng,Tompo Bulu,Pattaneteang,0.8571,0.7,0.9333,0.8302,Mandiri
Kab. Bantaeng,Tompo Bulu,Pattallassang,0.8229,0.9,1,0.9076,Mandiri
Kab. Bantaeng,Tompo Bulu,Bonto-Bontoa,0.8229,0.7,0.9333,0.8187,Mandiri
Kab. Bantaeng,Tompo Bulu,Bonto Tappalang,0.6686,0.7,0.8667,0.7451,Maju
Kab. Bantaeng,Tompo Bulu,Balumbung,0.8343,0.85,0.8,0.8281,Mandiri
Kab. Bantaeng,Pajukukang,Biangkeke,0.7886,0.85,0.6667,0.7684,Maju
Kab. Bantaeng,Pajukukang,Pa'Jukukang,0.8629,0.7167,0.8,0.7932,Maju
Kab. Bantaeng,Pajukukang,Biangloe,0.8343,0.65,0.8667,0.7837,Maju
Kab. Bantaeng,Pajukukang,Borong Loe,0.8914,0.85,0.6,0.7805,Maju
Kab. Bantaeng,Pajukukang,Baruga,0.7943,0.8333,0.8667,0.8314,Mandiri
Kab. Bantaeng,Pajukukang,Nipa-Nipa,0.9657,0.9,0.6,0.8219,Mandiri
Kab. Bantaeng,Pajukukang,Papan Loe,0.9714,0.8167,0.4667,0.7516,Maju
Kab. Bantaeng,Pajukukang,Rappoa,0.8514,0.7,0.8,0.7838,Maju
Kab. Bantaeng,Pajukukang,Lumpangan,0.7943,0.7,0.6667,0.7203,Maju
Kab. Bantaeng,Pajukukang,Batu Karaeng,0.8343,0.6333,0.6667,0.7114,Maju
Kab. Bantaeng,Uluere,Bonto Marannu,0.9257,0.9,1,0.9419,Mandiri
Kab. Bantaeng,Uluere,Bonto Tangnga,0.8571,0.75,0.9333,0.8468,Mandiri
Kab. Bantaeng,Uluere,Bonto Tallasa,0.8286,0.7667,0.6667,0.754,Maju
Kab. Bantaeng,Uluere,Bonto Rannu,0.7771,0.7167,0.8667,0.7868,Maju
Kab. Bantaeng,Uluere,Bonto Daeng,0.8114,0.8,1,0.8705,Mandiri
Kab. Bantaeng,Uluere,Bonto Lojong,0.8229,0.8333,0.8667,0.841,Mandiri
Kab. Bantaeng,Gantarang Keke,Layoa,0.9429,0.9167,0.9333,0.931,Mandiri
Kab. Bantaeng,Gantarang Keke,Bajiminasa,0.9371,0.9167,1,0.9513,Mandiri
Kab. Bantaeng,Gantarang Keke,Tombolo,0.8914,0.9167,0.9333,0.9138,Mandiri
Kab. Bantaeng,Gantarang Keke,Kaloling,0.96,0.85,1,0.9367,Mandiri
Kab. Bantaeng,Sinoa,Bonto Tiro,0.8114,0.6833,0.8667,0.7871,Maju
Kab. Bantaeng,Sinoa,Bonto Karaeng,0.8114,0.8,0.9333,0.8483,Mandiri
Kab. Bantaeng,Sinoa,Bonto Maccini,0.8229,0.75,0.8667,0.8132,Maju
Kab. Bantaeng,Sinoa,Bonto Mate'Ne,0.8514,0.75,0.6667,0.756,Maju
Kab. Bantaeng,Sinoa,Bonto Majannang,0.7943,0.7667,0.6667,0.7425,Maju
Kab. Bantaeng,Sinoa,Bonto Bulaeng,0.7486,0.7333,0.8,0.7606,Maju
Kab. Gowa,Bontonompo,Bontolangkasa Utara,0.8343,0.7,0.9333,0.8225,Mandiri
Kab. Gowa,Bontonompo,Bontolangkasa Selatan,0.8514,0.75,1,0.8671,Mandiri
Kab. Gowa,Bontonompo,Barembeng,0.8629,0.7833,0.8667,0.8376,Mandiri
Kab. Gowa,Bontonompo,Manjapai,0.8629,0.6667,0.9333,0.821,Mandiri
Kab. Gowa,Bontonompo,Bontobiraeng,0.7886,0.6167,0.9333,0.7795,Maju
Kab. Gowa,Bontonompo,Romanglasa,0.7943,0.6,0.9333,0.7759,Maju
Kab. Gowa,Bontonompo,Katangka,0.7086,0.6333,0.8667,0.7362,Maju
Kab. Gowa,Bontonompo,Bulogading,0.7314,0.5167,0.9333,0.7271,Maju
Kab. Gowa,Bontonompo,Bategulung,0.8114,0.7,0.6667,0.726,Maju
Kab. Gowa,Bontonompo,Kalabarembeng,0.8571,0.7,0.9333,0.8302,Mandiri
Kab. Gowa,Bontonompo,Bontobiraeng Selatan,0.8743,0.7,1,0.8581,Mandiri
Kab. Gowa,Bajeng,Bontosunggu,0.92,0.9,0.8667,0.8956,Mandiri
Kab. Gowa,Bajeng,Maccinibaji,0.8971,0.7667,0.9333,0.8657,Mandiri
Kab. Gowa,Bajeng,Pa'Bentengang,0.8686,0.7167,0.9333,0.8395,Mandiri
Kab. Gowa,Bajeng,Tangkebajeng,0.88,0.65,0.9333,0.8211,Mandiri
Kab. Gowa,Bajeng,Maradekaya,0.8743,0.65,0.9333,0.8192,Mandiri
Kab. Gowa,Bajeng,Panciro,0.9029,0.8333,0.8,0.8454,Mandiri
Kab. Gowa,Bajeng,Lempangang,0.8686,0.65,0.9333,0.8173,Mandiri
Kab. Gowa,Bajeng,Bone,0.9314,0.75,0.9333,0.8716,Mandiri
Kab. Gowa,Bajeng,Pannyangkalang,0.8857,0.7167,0.9333,0.8452,Mandiri
Kab. Gowa,Bajeng,Paraikatte,0.8114,0.7833,0.9333,0.8427,Mandiri
Kab. Gowa,Tompobulu,Garing,0.8571,0.6833,0.9333,0.8246,Mandiri
Kab. Gowa,Tompobulu,Datara,0.8571,0.7167,0.9333,0.8357,Mandiri
Kab. Gowa,Tompobulu,Rappolemba,0.8514,0.8,0.9333,0.8616,Mandiri
Kab. Gowa,Tompobulu,Rappoala,0.9143,0.7167,0.8667,0.8325,Mandiri
Kab. Gowa,Tompobulu,Tanete,0.8629,0.6833,0.9333,0.8265,Mandiri
Kab. Gowa,Tompobulu,Bontobuddung,0.8686,0.6667,0.9333,0.8229,Mandiri
Kab. Gowa,Tinggimoncong,Parigi,0.7886,0.8333,0.8667,0.8295,Mandiri
Kab. Gowa,Parangloe,Lonjoboko,0.9086,0.7333,0.9333,0.8584,Mandiri
Kab. Gowa,Parangloe,Borisallo,0.8629,0.7167,0.9333,0.8376,Mandiri
Kab. Gowa,Parangloe,Belapunranga,0.8343,0.7,0.9333,0.8225,Mandiri
Kab. Gowa,Parangloe,Bontokassi,0.7943,0.6833,0.6667,0.7148,Maju
Kab. Gowa,Parangloe,Belabori,0.8343,0.6667,1,0.8337,Mandiri
Kab. Gowa,Bontomarannu,Pakatto,1,0.9167,1,0.9722,Mandiri
Kab. Gowa,Bontomarannu,Nirannuang,0.9314,0.8167,0.8667,0.8716,Mandiri
Kab. Gowa,Bontomarannu,Romangloe,0.9143,0.7333,0.9333,0.8603,Mandiri
Kab. Gowa,Bontomarannu,Sokkolia,0.9086,0.7167,0.8667,0.8306,Mandiri
Kab. Gowa,Bontomarannu,Mata Allo,0.8629,0.5833,0.8667,0.771,Maju
Kab. Gowa,Bontomarannu,Bili-Bili,0.92,0.7333,0.9333,0.8622,Mandiri
Kab. Gowa,Pallangga,Bontoala,0.8971,0.7667,1,0.8879,Mandiri
Kab. Gowa,Pallangga,Pallangga,0.8743,0.7167,0.8667,0.8192,Mandiri
Kab. Gowa,Pallangga,Julubori,0.8229,0.7333,1,0.8521,Mandiri
Kab. Gowa,Pallangga,Kampili,0.8,0.7333,0.9333,0.8222,Mandiri
Kab. Gowa,Pallangga,Panakkukang,0.8686,0.7333,0.9333,0.8451,Mandiri
Kab. Gowa,Pallangga,Bontoramba,0.7829,0.65,0.8667,0.7665,Maju
Kab. Gowa,Pallangga,Jene'Tallasa,0.9371,0.7167,1,0.8846,Mandiri
Kab. Gowa,Pallangga,Julukanaya,0.8629,0.6333,1,0.8321,Mandiri
Kab. Gowa,Pallangga,Julupa'Mai,0.8,0.5833,0.8667,0.75,Maju
Kab. Gowa,Pallangga,Bungaejaya,0.8286,0.7833,0.8667,0.8262,Mandiri
Kab. Gowa,Pallangga,Toddotoa,0.8057,0.7333,0.9333,0.8241,Mandiri
Kab. Gowa,Pallangga,Taeng,0.8743,0.6333,1,0.8359,Mandiri
Kab. Gowa,Bungaya,Bontomanai,0.9371,0.7,0.8667,0.8346,Mandiri
Kab. Gowa,Bungaya,Buakkang,0.8571,0.7667,0.8667,0.8302,Mandiri
Kab. Gowa,Bungaya,Bissoloro,0.8229,0.7667,0.9333,0.841,Mandiri
Kab. Gowa,Bungaya,Rannaloe,0.8114,0.7167,0.9333,0.8205,Mandiri
Kab. Gowa,Bungaya,Mangempang,0.8286,0.75,0.9333,0.8373,Mandiri
Kab. Gowa,Tombolopao,Ta'Binjai,0.8971,0.7167,0.6667,0.7602,Maju
Kab. Gowa,Tombolopao,Erelembang,0.8343,0.6667,0.9333,0.8114,Maju
Kab. Gowa,Tombolopao,Kanreapia,0.8914,0.7,0.9333,0.8416,Mandiri
Kab. Gowa,Tombolopao,Pao,0.72,0.6667,0.9333,0.7733,Maju
Kab. Gowa,Tombolopao,Balassuka,0.7829,0.6167,0.8667,0.7554,Maju
Kab. Gowa,Tombolopao,Mamampang,0.7143,0.6167,0.6,0.6437,Berkembang
Kab. Gowa,Tombolopao,Tonasa,0.8743,0.7,1,0.8581,Mandiri
Kab. Gowa,Tombolopao,Bolaromang,0.7314,0.6167,0.8667,0.7383,Maju
Kab. Gowa,Biringbulu,Taring,0.7543,0.6,0.8667,0.7403,Maju
Kab. Gowa,Biringbulu,Pencong,0.76,0.6,0.8667,0.7422,Maju
Kab. Gowa,Biringbulu,Berutallasa,0.6914,0.6167,0.8667,0.7249,Maju
Kab. Gowa,Biringbulu,Parangloe,0.6743,0.6667,0.8,0.7137,Maju
Kab. Gowa,Biringbulu,Baturappe,0.7314,0.65,0.8667,0.7494,Maju
Kab. Gowa,Biringbulu,Batumalonro,0.76,0.65,0.8667,0.7589,Maju
Kab. Gowa,Biringbulu,Borimasunggu,0.8057,0.65,1,0.8186,Mandiri
Kab. Gowa,Biringbulu,Lembangloe,0.72,0.5833,0.8667,0.7233,Maju
Kab. Gowa,Biringbulu,Julukanaya,0.7429,0.7167,0.8,0.7532,Maju
Kab. Gowa,Barombong,Kanjilo,0.8971,0.7,0.9333,0.8435,Mandiri
Kab. Gowa,Barombong,Moncobalang,0.92,0.8167,1,0.9122,Mandiri
Kab. Gowa,Barombong,Tinggimae,0.8686,0.8167,0.9333,0.8729,Mandiri
Kab. Gowa,Barombong,Biringala,0.92,0.65,0.9333,0.8344,Mandiri
Kab. Gowa,Barombong,Tamannyeleng,0.92,0.7,0.9333,0.8511,Mandiri
Kab. Gowa,Pattallasang,Timbuseng,0.9086,0.75,0.6667,0.7751,Maju
Kab. Gowa,Pattallasang,Pallantikang,0.9429,0.65,0.8667,0.8198,Mandiri
Kab. Gowa,Pattallasang,Sunggumanai,0.9086,0.8167,0.9333,0.8862,Mandiri
Kab. Gowa,Pattallasang,Paccellekang,0.9714,0.85,0.8667,0.896,Mandiri
Kab. Gowa,Pattallasang,Pattallassang,0.8286,0.7667,0.8667,0.8206,Mandiri
Kab. Gowa,Pattallasang,Je'Nemadinging,0.8629,0.8,0.8667,0.8432,Mandiri
Kab. Gowa,Pattallasang,Panaikang,0.7829,0.65,0.8667,0.7665,Maju
Kab. Gowa,Pattallasang,Borongpala'La,0.84,0.6333,0.9333,0.8022,Maju
Kab. Gowa,Manuju,Manuju,0.7029,0.5667,0.9333,0.7343,Maju
Kab. Gowa,Manuju,Pattallikang,0.8343,0.6333,0.8667,0.7781,Maju
Kab. Gowa,Manuju,Tamalatea,0.6514,0.4667,0.8,0.6394,Berkembang
Kab. Gowa,Manuju,Moncongloe,0.88,0.7,0.9333,0.8378,Mandiri
Kab. Gowa,Manuju,Bilalang,0.8286,0.7333,0.9333,0.8317,Mandiri
Kab. Gowa,Manuju,Tassese,0.7143,0.5833,0.8667,0.7214,Maju
Kab. Gowa,Manuju,Tana Karaeng,0.8571,0.6833,0.9333,0.8246,Mandiri
Kab. Gowa,Bontolempangang,Julumate'Ne,0.8286,0.7,0.9333,0.8206,Mandiri
Kab. Gowa,Bontolempangang,Bontolempangang,0.8343,0.7,0.8667,0.8003,Maju
Kab. Gowa,Bontolempangang,Lassa-Lassa,0.8629,0.7167,0.9333,0.8376,Mandiri
Kab. Gowa,Bontolempangang,Bontoloe,0.7943,0.7833,0.9333,0.837,Mandiri
Kab. Gowa,Bontolempangang,Pa'Ladingang,0.8629,0.7333,0.9333,0.8432,Mandiri
Kab. Gowa,Bontolempangang,Paranglompoa,0.9029,0.7,0.8667,0.8232,Mandiri
Kab. Gowa,Bontolempangang,Bontotangnga,0.8286,0.8,0.9333,0.854,Mandiri
Kab. Gowa,Bontolempangang,Ulujangang,0.7829,0.65,0.9333,0.7887,Maju
Kab. Gowa,Bontonompo Selatan,Sengka,0.8629,0.7,0.9333,0.8321,Mandiri
Kab. Gowa,Bontonompo Selatan,Tanrara,0.7886,0.6833,0.6667,0.7129,Maju
Kab. Gowa,Bontonompo Selatan,Tindang,0.7886,0.55,0.8667,0.7351,Maju
Kab. Gowa,Bontonompo Selatan,Pa'Bundukang,0.7086,0.6,0.8667,0.7251,Maju
Kab. Gowa,Bontonompo Selatan,Bontosunggu,0.7714,0.7167,0.8667,0.7849,Maju
Kab. Gowa,Bontonompo Selatan,Salajangki,0.8057,0.6,0.6667,0.6908,Berkembang
Kab. Gowa,Bontonompo Selatan,Salajo,0.6971,0.6,0.8667,0.7213,Maju
Kab. Gowa,Bontonompo Selatan,Jipang,0.7829,0.8167,0.9333,0.8443,Mandiri
Kab. Gowa,Parigi,Majannang,0.8286,0.7333,1,0.854,Mandiri
Kab. Gowa,Parigi,Jonjo,0.8057,0.8,0.9333,0.8463,Mandiri
Kab. Gowa,Parigi,Manimbahoi,0.7886,0.7,1,0.8295,Mandiri
Kab. Gowa,Parigi,Sicini,0.8,0.6667,0.8667,0.7778,Maju
Kab. Gowa,Parigi,Bilanrengi,0.6686,0.6667,0.9333,0.7562,Maju
Kab. Gowa,Bajeng Barat,Borimatangkasa,0.8286,0.7,0.9333,0.8206,Mandiri
Kab. Gowa,Bajeng Barat,Mandalle,0.9143,0.65,0.6667,0.7437,Maju
Kab. Gowa,Bajeng Barat,Manjalling,0.84,0.6167,0.6667,0.7078,Maju
Kab. Gowa,Bajeng Barat,Gentungang,0.8629,0.7833,1,0.8821,Mandiri
Kab. Gowa,Bajeng Barat,Tanabangka,0.7943,0.7,0.9333,0.8092,Maju
Kab. Gowa,Bajeng Barat,Kalemandalle,0.7943,0.6833,0.9333,0.8037,Maju
Kab. Gowa,Bajeng Barat,Bontomanai,0.7943,0.7167,0.6667,0.7259,Maju
